batch_id,crop_type,region,season,yield_quantity_kg,moisture_content_%,avg_temperature_celsius,transport_delay_hours,equipment_downtime_hours,storage_duration_days,quality_grade,spoilage_loss_%,supply_chain_stage,resource_utilization_%,climate_risk_level,input_cost_per_kg,final_market_price_per_kg,total_input_cost,total_revenue,estimated_profit,profit_margin_%,spoilage_quantity_kg
BATCH00000,Maize,East,Rabi,605.99,13.04,28.3,0.2,2.1,2,C,3.17,Farm,85.74,Medium,4.4,6.01,"₹ 2,666.36","₹ 3,642.00",₹ 975.64,26.79%,19.21
BATCH00001,Barley,West,Kharif,561.7,11.23,26.54,1.9,0.2,27,B,2.44,Farm,64.03,Medium,9.13,11.36,"₹ 5,128.32","₹ 6,380.91","₹ 1,252.59",19.63%,13.71
BATCH00002,Wheat,South,Kharif,568.36,10.58,32.13,0.7,0.4,28,A,9.49,Farm,66.16,High,7.93,12.03,"₹ 4,507.09","₹ 6,837.37","₹ 2,330.28",34.08%,53.94
BATCH00003,Maize,West,Kharif,363.4,12.64,38.61,0.3,0.4,22,C,1.3,Farm,64.38,Low,3.18,13.99,"₹ 1,155.61","₹ 5,083.97","₹ 3,928.35",77.27%,4.72
BATCH00004,Maize,West,Rabi,621.19,9.33,36.74,1.6,0,7,C,2.51,Transit,56.44,High,3.07,7.24,"₹ 1,907.05","₹ 4,497.42","₹ 2,590.36",57.60%,15.59
BATCH00005,Barley,East,Rabi,526.13,17.28,39.91,1.5,0.9,12,B,1.27,Farm,87.64,High,5.04,11.04,"₹ 2,651.70","₹ 5,808.48","₹ 3,156.78",54.35%,6.68
BATCH00006,Wheat,West,Rabi,463.07,16.68,20.45,0.2,1.9,6,A,9.81,Warehouse,52.31,Low,4,9.33,"₹ 1,852.28","₹ 4,320.44","₹ 2,468.16",57.13%,45.43
BATCH00007,Wheat,East,Rabi,514.34,15.08,22.26,2.4,0.5,18,B,9.22,Transit,57.53,Low,7.41,8.83,"₹ 3,811.26","₹ 4,541.62",₹ 730.36,16.08%,47.42
BATCH00008,Maize,North,Rabi,322.38,9.06,32.19,2,1.3,4,A,7.31,Transit,55.27,High,7.65,6.07,"₹ 2,466.21","₹ 1,956.85",-₹ 509.36,-26.03%,23.57
BATCH00009,Rice,North,Rabi,540.87,15.76,36.41,0.4,1,19,A,4.55,Warehouse,91.27,High,9.59,6.34,"₹ 5,186.94","₹ 3,429.12","-₹ 1,757.83",-51.26%,24.61
BATCH00010,Maize,East,Rabi,397.06,16.08,25.7,1.3,0.5,27,C,2.31,Farm,52.2,High,9.66,13.37,"₹ 3,835.60","₹ 5,308.69","₹ 1,473.09",27.75%,9.17
BATCH00011,Maize,North,Kharif,364.73,15.68,24.78,2.5,0.2,13,A,2.6,Transit,83.23,Low,7.61,12.5,"₹ 2,775.60","₹ 4,559.13","₹ 1,783.53",39.12%,9.48
BATCH00012,Maize,South,Rabi,347.76,9.14,35.74,1.5,1.2,20,C,4.71,Transit,52.22,Low,3.04,8.82,"₹ 1,057.19","₹ 3,067.24","₹ 2,010.05",65.53%,16.38
BATCH00013,Maize,West,Kharif,611.27,14.44,21.13,1,1.9,21,A,7.8,Farm,89.32,High,5.51,13.28,"₹ 3,368.10","₹ 8,117.67","₹ 4,749.57",58.51%,47.68
BATCH00014,Barley,South,Kharif,437.07,16.34,27.39,0.8,1.2,23,C,3.01,Farm,95.64,Low,6.59,5.81,"₹ 2,880.29","₹ 2,539.38",-₹ 340.91,-13.43%,13.16
BATCH00015,Wheat,West,Rabi,653.37,13.77,30.12,1.9,0,25,A,3.45,Warehouse,74.34,Low,6.49,11.25,"₹ 4,240.37","₹ 7,350.41","₹ 3,110.04",42.31%,22.54
BATCH00016,Barley,North,Rabi,446.42,14.46,31.21,5.6,0.2,27,B,6.2,Transit,90.23,Low,7.22,13.68,"₹ 3,223.15","₹ 6,107.03","₹ 2,883.87",47.22%,27.68
BATCH00017,Barley,South,Kharif,329.26,12.58,34.57,2.2,0.1,2,A,2.76,Farm,85.32,Medium,9.72,13.39,"₹ 3,200.41","₹ 4,408.79","₹ 1,208.38",27.41%,9.09
BATCH00018,Barley,North,Kharif,388.35,13.29,27.1,0.2,0.8,8,B,6.05,Farm,89.78,Medium,9.2,8.73,"₹ 3,572.82","₹ 3,390.30",-₹ 182.52,-5.38%,23.50
BATCH00019,Maize,West,Rabi,623.58,8.34,32.25,1.2,1.4,19,A,4.18,Warehouse,88.34,High,3.76,12.45,"₹ 2,344.66","₹ 7,763.57","₹ 5,418.91",69.80%,26.07
BATCH00020,Rice,East,Rabi,484.41,14.39,31.71,4.4,0.1,9,A,0.83,Transit,60.27,Medium,4.86,9.27,"₹ 2,354.23","₹ 4,490.48","₹ 2,136.25",47.57%,4.02
BATCH00021,Wheat,East,Kharif,445.17,8.81,30.95,0.2,1.8,26,C,4.33,Farm,74.98,High,8.83,13.4,"₹ 3,930.85","₹ 5,965.28","₹ 2,034.43",34.10%,19.28
BATCH00022,Rice,South,Rabi,516,12.35,32.81,9,0.8,28,A,9.24,Warehouse,98.02,High,8.77,10.31,"₹ 4,525.32","₹ 5,319.96",₹ 794.64,14.94%,47.68
BATCH00023,Barley,North,Rabi,550.18,10.93,25.19,6,1.2,4,A,3.28,Transit,67.18,Low,4.93,12.65,"₹ 2,712.39","₹ 6,959.78","₹ 4,247.39",61.03%,18.05
BATCH00024,Barley,North,Rabi,611.74,13.45,21.69,0.2,3.6,16,A,3.57,Transit,98.52,High,8.11,5.79,"₹ 4,961.21","₹ 3,541.97","-₹ 1,419.24",-40.07%,21.84
BATCH00025,Rice,South,Kharif,644.85,9.33,22.39,5.4,0.1,19,B,1.13,Transit,79.16,High,7.7,10.9,"₹ 4,965.35","₹ 7,028.87","₹ 2,063.52",29.36%,7.29
BATCH00026,Rice,East,Kharif,464.02,14.92,24.49,0.9,2.3,10,C,6.34,Transit,73.08,High,6.31,10.5,"₹ 2,927.97","₹ 4,872.21","₹ 1,944.24",39.90%,29.42
BATCH00027,Rice,West,Kharif,367.4,15.95,30,3.7,0.1,6,C,8.57,Warehouse,82.89,High,4.41,11.1,"₹ 1,620.23","₹ 4,078.14","₹ 2,457.91",60.27%,31.49
BATCH00028,Barley,South,Rabi,458.65,9.63,36.81,1.1,0.5,16,A,3.85,Farm,90.79,Low,9.22,11.96,"₹ 4,228.75","₹ 5,485.45","₹ 1,256.70",22.91%,17.66
BATCH00029,Barley,West,Rabi,526.03,9.04,34.03,1.2,1.9,10,A,2.78,Transit,69.71,Low,7.74,14.18,"₹ 4,071.47","₹ 7,459.11","₹ 3,387.63",45.42%,14.62
BATCH00030,Wheat,East,Kharif,403.62,9.46,35.78,2,2.4,13,B,9.59,Transit,51.65,High,4.18,12.86,"₹ 1,687.13","₹ 5,190.55","₹ 3,503.42",67.50%,38.71
BATCH00031,Wheat,North,Kharif,404.28,16.77,27.02,3,0.7,9,A,7.58,Farm,85.44,Medium,7.93,7.2,"₹ 3,205.94","₹ 2,910.82",-₹ 295.12,-10.14%,30.64
BATCH00032,Barley,East,Kharif,534.38,13.28,28.09,0.1,0.9,7,C,5.89,Transit,97.81,Medium,8.19,13.26,"₹ 4,376.57","₹ 7,085.88","₹ 2,709.31",38.24%,31.47
BATCH00033,Rice,South,Rabi,495.13,12.67,27.87,1.8,1.2,4,C,3.4,Transit,81.25,High,9.21,6.22,"₹ 4,560.15","₹ 3,079.71","-₹ 1,480.44",-48.07%,16.83
BATCH00034,Rice,North,Kharif,503.28,9.07,23.84,0.4,1.8,19,B,2.6,Farm,59.42,Low,4.56,11.22,"₹ 2,294.96","₹ 5,646.80","₹ 3,351.84",59.36%,13.09
BATCH00035,Wheat,South,Kharif,424.15,14.5,21.22,0.8,0.1,26,B,7.3,Farm,62.41,High,9.92,13.83,"₹ 4,207.57","₹ 5,865.99","₹ 1,658.43",28.27%,30.96
BATCH00036,Barley,South,Rabi,476.96,16.68,31.82,0.9,1.7,4,C,5.46,Transit,95.49,High,4.07,6.01,"₹ 1,941.23","₹ 2,866.53",₹ 925.30,32.28%,26.04
BATCH00037,Wheat,East,Rabi,407.58,16.28,39.78,1.3,0.7,19,B,5.45,Farm,50.68,Low,7.2,13.5,"₹ 2,934.58","₹ 5,502.33","₹ 2,567.75",46.67%,22.21
BATCH00038,Wheat,South,Rabi,589.02,14.26,23.34,0.8,0.6,28,A,1.2,Warehouse,77.44,Medium,7.6,12.99,"₹ 4,476.55","₹ 7,651.37","₹ 3,174.82",41.49%,7.07
BATCH00039,Maize,East,Kharif,603.52,8.75,20.93,0.2,0.6,19,A,5.37,Warehouse,57.93,High,5.93,10.04,"₹ 3,578.87","₹ 6,059.34","₹ 2,480.47",40.94%,32.41
BATCH00040,Maize,North,Rabi,315.38,9.12,35.59,0.3,0.7,12,B,8.32,Transit,64.14,Low,6.33,8.09,"₹ 1,996.36","₹ 2,551.42",₹ 555.07,21.76%,26.24
BATCH00041,Maize,East,Rabi,407.05,8.49,25.05,0.1,2.9,13,C,9.49,Transit,65.35,Low,9.24,9.05,"₹ 3,761.14","₹ 3,683.80",-₹ 77.34,-2.10%,38.63
BATCH00042,Rice,North,Kharif,350.35,10.57,36.59,1.3,0.8,25,B,1.51,Farm,60.96,High,7.52,14.69,"₹ 2,634.63","₹ 5,146.64","₹ 2,512.01",48.81%,5.29
BATCH00043,Barley,East,Rabi,435,9.36,34.08,6.2,3.1,4,C,6.5,Farm,89.62,Low,6.48,7.02,"₹ 2,818.80","₹ 3,053.70",₹ 234.90,7.69%,28.28
BATCH00044,Barley,West,Kharif,491.66,10.6,38.91,0.2,0.2,25,B,5.9,Transit,66.61,High,3.9,10.8,"₹ 1,917.47","₹ 5,309.93","₹ 3,392.45",63.89%,29.01
BATCH00045,Barley,West,Kharif,355.04,11.85,28.18,5.8,1.3,28,B,8.96,Transit,67.27,Medium,3.05,5.83,"₹ 1,082.87","₹ 2,069.88",₹ 987.01,47.68%,31.81
BATCH00046,Barley,South,Rabi,407.81,17.43,33.24,2.6,1.7,10,B,7.64,Warehouse,72.65,High,3.87,7.18,"₹ 1,578.22","₹ 2,928.08","₹ 1,349.85",46.10%,31.16
BATCH00047,Maize,East,Rabi,399.6,14.1,29.3,2,1.1,21,A,9.67,Farm,95.11,Medium,9.69,12.63,"₹ 3,872.12","₹ 5,046.95","₹ 1,174.82",23.28%,38.64
BATCH00048,Rice,East,Rabi,520.73,16.35,32.61,2.1,0.9,7,A,9.62,Transit,84.41,Low,8.35,8.03,"₹ 4,348.10","₹ 4,181.46",-₹ 166.63,-3.99%,50.09
BATCH00049,Rice,North,Rabi,506.93,15.1,28.99,3.5,0.8,5,C,2.64,Transit,53.09,High,9.77,14.86,"₹ 4,952.71","₹ 7,532.98","₹ 2,580.27",34.25%,13.38
BATCH00050,Maize,South,Rabi,427.83,9.13,23.77,0.2,2,17,B,7.39,Farm,51.96,Low,3.25,10.01,"₹ 1,390.45","₹ 4,282.58","₹ 2,892.13",67.53%,31.62
BATCH00051,Rice,East,Rabi,517.68,15.36,30.16,1.4,1.7,18,A,5.54,Farm,78.32,High,7.76,10.17,"₹ 4,017.20","₹ 5,264.81","₹ 1,247.61",23.70%,28.68
BATCH00052,Maize,South,Kharif,445.33,10.75,30.57,2.4,0.1,11,B,2.54,Transit,94.35,Low,3.31,5.36,"₹ 1,474.04","₹ 2,386.97",₹ 912.93,38.25%,11.31
BATCH00053,Barley,West,Kharif,472.83,14.39,36.21,1.8,1.9,15,C,2.35,Transit,66.16,Medium,8.47,14.57,"₹ 4,004.87","₹ 6,889.13","₹ 2,884.26",41.87%,11.11
BATCH00054,Maize,East,Rabi,667.35,11.41,34.71,3.6,0.5,21,A,1.27,Transit,62.39,High,5.67,6.74,"₹ 3,783.87","₹ 4,497.94",₹ 714.06,15.88%,8.48
BATCH00055,Barley,East,Kharif,634.05,17.98,33.28,0.2,0.3,22,C,8.06,Farm,87.41,Low,3.67,10.38,"₹ 2,326.96","₹ 6,581.44","₹ 4,254.48",64.64%,51.10
BATCH00056,Barley,South,Rabi,370.04,10.64,22.27,2.3,2,7,A,3.58,Transit,80.1,High,6.98,8.96,"₹ 2,582.88","₹ 3,315.56",₹ 732.68,22.10%,13.25
BATCH00057,Wheat,East,Kharif,582.97,10.79,34.41,1.5,0.6,18,B,8.64,Transit,78.25,High,4.96,9.16,"₹ 2,891.53","₹ 5,340.01","₹ 2,448.47",45.85%,50.37
BATCH00058,Maize,South,Kharif,581.14,17.31,30.01,1,1.7,26,C,6.28,Transit,57.47,Medium,7.62,11.43,"₹ 4,428.29","₹ 6,642.43","₹ 2,214.14",33.33%,36.50
BATCH00059,Wheat,East,Kharif,385.17,8.25,37.88,0.8,0.3,25,A,6.9,Warehouse,58.8,Low,7.61,11.62,"₹ 2,931.14","₹ 4,475.68","₹ 1,544.53",34.51%,26.58
BATCH00060,Maize,North,Rabi,581.88,14.97,38.4,1.9,0,6,A,3.27,Warehouse,64.09,High,7.94,6.54,"₹ 4,620.13","₹ 3,805.50",-₹ 814.63,-21.41%,19.03
BATCH00061,Maize,South,Kharif,653.79,15.25,21.1,4.4,0.7,18,B,4.84,Farm,60.34,High,9.95,10,"₹ 6,505.21","₹ 6,537.90",₹ 32.69,0.50%,31.64
BATCH00062,Wheat,East,Rabi,387.75,16.36,36.41,1.4,0.1,16,C,4.42,Transit,98.57,High,5.71,12.9,"₹ 2,214.05","₹ 5,001.98","₹ 2,787.92",55.74%,17.14
BATCH00063,Wheat,West,Kharif,408.25,17.74,20.75,3.5,1.4,2,C,2.74,Transit,50.93,High,6.26,9.43,"₹ 2,555.65","₹ 3,849.80","₹ 1,294.15",33.62%,11.19
BATCH00064,Maize,East,Kharif,601.77,17.76,27.34,1,0.3,19,C,8.41,Farm,81.3,High,8.63,6.66,"₹ 5,193.28","₹ 4,007.79","-₹ 1,185.49",-29.58%,50.61
BATCH00065,Rice,West,Kharif,527.15,8.65,30.85,0.2,0.6,1,B,6.41,Farm,75.88,Low,7.05,8.13,"₹ 3,716.41","₹ 4,285.73",₹ 569.32,13.28%,33.79
BATCH00066,Barley,West,Kharif,555.15,16.22,22.96,0.1,0.1,25,A,0.86,Farm,66.16,High,3.26,7.12,"₹ 1,809.79","₹ 3,952.67","₹ 2,142.88",54.21%,4.77
BATCH00067,Wheat,North,Kharif,534.06,14.46,34.93,0.1,0.3,26,A,8.29,Transit,94.38,High,8.9,6.26,"₹ 4,753.13","₹ 3,343.22","-₹ 1,409.92",-42.17%,44.27
BATCH00068,Barley,South,Rabi,539.07,14.47,20.17,1,1.5,11,C,1.51,Warehouse,83.51,High,3.36,8.78,"₹ 1,811.28","₹ 4,733.03","₹ 2,921.76",61.73%,8.14
BATCH00069,Rice,East,Rabi,367.35,9.28,23.37,0.8,0.2,20,A,4.34,Farm,99.92,Low,4.2,10.41,"₹ 1,542.87","₹ 3,824.11","₹ 2,281.24",59.65%,15.94
BATCH00070,Rice,North,Kharif,604.73,14.5,31.62,2.5,1,5,C,5.93,Transit,58.43,High,3.71,5.73,"₹ 2,243.55","₹ 3,465.10","₹ 1,221.55",35.25%,35.86
BATCH00071,Rice,East,Kharif,616.96,17.82,34.29,2.7,2.5,16,B,0.57,Farm,54.39,High,3.55,11.04,"₹ 2,190.21","₹ 6,811.24","₹ 4,621.03",67.84%,3.52
BATCH00072,Wheat,West,Kharif,477.06,17.12,38.33,0.1,1.1,23,B,6.7,Transit,56.97,Medium,3.18,14.93,"₹ 1,517.05","₹ 7,122.51","₹ 5,605.46",78.70%,31.96
BATCH00073,Rice,South,Kharif,495.65,12.39,34.11,0.5,1.7,1,B,6.77,Farm,63.46,Medium,3.39,14.64,"₹ 1,680.25","₹ 7,256.32","₹ 5,576.06",76.84%,33.56
BATCH00074,Wheat,East,Rabi,346.89,8.4,33.44,0.6,0.1,19,C,6.7,Transit,70.84,High,6.1,13.29,"₹ 2,116.03","₹ 4,610.17","₹ 2,494.14",54.10%,23.24
BATCH00075,Rice,East,Kharif,551.43,11.62,27.89,1.6,0.3,14,A,2.05,Farm,93.13,High,4.77,7.66,"₹ 2,630.32","₹ 4,223.95","₹ 1,593.63",37.73%,11.30
BATCH00076,Barley,West,Rabi,557.21,16.26,20.03,0.3,2.2,3,B,2.93,Warehouse,64.18,Medium,3.89,5.22,"₹ 2,167.55","₹ 2,908.64",₹ 741.09,25.48%,16.33
BATCH00077,Barley,East,Kharif,493.78,15.01,22.4,0.3,1.3,2,C,2.85,Farm,95.76,Low,7.61,13.34,"₹ 3,757.67","₹ 6,587.03","₹ 2,829.36",42.95%,14.07
BATCH00078,Maize,East,Rabi,612.44,12.59,30.69,5.8,1,24,C,9.62,Farm,73.15,Low,4.58,5.56,"₹ 2,804.98","₹ 3,405.17",₹ 600.19,17.63%,58.92
BATCH00079,Barley,West,Kharif,466.59,8.55,33.5,3.3,1.1,5,B,1.14,Warehouse,82.35,Medium,3.13,7.06,"₹ 1,460.43","₹ 3,294.13","₹ 1,833.70",55.67%,5.32
BATCH00080,Maize,North,Kharif,556.46,12.27,28.35,0.4,0.5,17,B,4.57,Farm,63.22,High,5.93,10.44,"₹ 3,299.81","₹ 5,809.44","₹ 2,509.63",43.20%,25.43
BATCH00081,Barley,West,Rabi,398.03,12.69,34.61,1,0,28,B,8.78,Warehouse,57.8,Medium,5.17,6.78,"₹ 2,057.82","₹ 2,698.64",₹ 640.83,23.75%,34.95
BATCH00082,Wheat,North,Kharif,497.64,17.29,30.44,0.9,1.5,18,A,7.81,Transit,93.47,Low,5.23,13.34,"₹ 2,602.66","₹ 6,638.52","₹ 4,035.86",60.79%,38.87
BATCH00083,Barley,South,Kharif,482.56,14.41,21.48,3.1,1.1,1,A,8.31,Warehouse,55.48,Medium,6.12,12.77,"₹ 2,953.27","₹ 6,162.29","₹ 3,209.02",52.08%,40.10
BATCH00084,Maize,North,Kharif,522.53,11.12,23.84,1.4,0.6,15,C,9.74,Warehouse,88.7,Low,7.68,12.56,"₹ 4,013.03","₹ 6,562.98","₹ 2,549.95",38.85%,50.89
BATCH00085,Maize,North,Rabi,463.05,13.25,36.8,0.3,2.3,22,B,4.18,Transit,79.05,High,7.32,13.16,"₹ 3,389.53","₹ 6,093.74","₹ 2,704.21",44.38%,19.36
BATCH00086,Rice,South,Kharif,486.85,8.66,34.5,2.7,0.4,9,B,3.44,Warehouse,93.06,High,9.56,7.2,"₹ 4,654.29","₹ 3,505.32","-₹ 1,148.97",-32.78%,16.75
BATCH00087,Wheat,North,Kharif,582.6,17.73,37.9,1,0.3,27,A,0.79,Warehouse,85.89,High,6.62,12.29,"₹ 3,856.81","₹ 7,160.15","₹ 3,303.34",46.14%,4.60
BATCH00088,Barley,West,Rabi,456.32,11.6,22.35,0.6,2.1,23,B,1.93,Transit,64.08,Low,6.31,8.55,"₹ 2,879.38","₹ 3,901.54","₹ 1,022.16",26.20%,8.81
BATCH00089,Rice,North,Rabi,339.34,12.78,39.8,0.9,1.6,5,C,5.84,Farm,78.72,Medium,4.49,11.67,"₹ 1,523.64","₹ 3,960.10","₹ 2,436.46",61.53%,19.82
BATCH00090,Barley,South,Rabi,674.96,11.55,24.19,1.4,0.7,28,B,2,Farm,50.65,High,8.29,6.22,"₹ 5,595.42","₹ 4,198.25","-₹ 1,397.17",-33.28%,13.50
BATCH00091,Barley,West,Kharif,638.15,14.83,20.24,0.8,0.1,13,A,7.49,Warehouse,73.76,Low,3.99,12.06,"₹ 2,546.22","₹ 7,696.09","₹ 5,149.87",66.92%,47.80
BATCH00092,Rice,South,Kharif,370.77,14.62,39.95,0.6,0.2,19,C,0.85,Farm,54.3,High,6.44,14.72,"₹ 2,387.76","₹ 5,457.73","₹ 3,069.98",56.25%,3.15
BATCH00093,Rice,South,Kharif,568.97,15.15,25.62,1,1.1,28,C,2.97,Farm,71.45,Medium,5.95,5.44,"₹ 3,385.37","₹ 3,095.20",-₹ 290.17,-9.38%,16.90
BATCH00094,Rice,East,Rabi,449.7,10.68,33.36,0,0.5,28,B,7.11,Warehouse,55.48,High,7.61,5.94,"₹ 3,422.22","₹ 2,671.22",-₹ 751.00,-28.11%,31.97
BATCH00095,Rice,East,Kharif,526.35,11.16,23.53,3,1.8,24,C,2.93,Transit,97.77,Low,9.42,6.24,"₹ 4,958.22","₹ 3,284.42","-₹ 1,673.79",-50.96%,15.42
BATCH00096,Rice,South,Kharif,529.42,9.25,31.6,0.4,3,10,B,7.42,Farm,76.15,Low,9.63,9.31,"₹ 5,098.31","₹ 4,928.90",-₹ 169.41,-3.44%,39.28
BATCH00097,Barley,South,Rabi,476.56,14.56,38.08,0.1,1.6,20,B,9.96,Warehouse,95.66,High,4.17,7.91,"₹ 1,987.26","₹ 3,769.59","₹ 1,782.33",47.28%,47.47
BATCH00098,Rice,South,Rabi,421.62,8.4,26.4,2.1,0.5,25,A,8.07,Transit,51.12,High,4.83,13.07,"₹ 2,036.42","₹ 5,510.57","₹ 3,474.15",63.05%,34.02
BATCH00099,Wheat,East,Rabi,430.95,13.98,33.41,3,1.6,21,C,3.75,Farm,81.88,Low,8.68,9.74,"₹ 3,740.65","₹ 4,197.45",₹ 456.81,10.88%,16.16
BATCH00100,Maize,East,Rabi,408.38,16.7,23.76,3.4,0.4,14,B,9.06,Transit,65.35,High,6.63,9.85,"₹ 2,707.56","₹ 4,022.54","₹ 1,314.98",32.69%,37.00
BATCH00101,Rice,North,Rabi,416.82,16.91,32.5,1.4,0.2,22,B,0.99,Warehouse,71.59,High,6.17,12.17,"₹ 2,571.78","₹ 5,072.70","₹ 2,500.92",49.30%,4.13
BATCH00102,Rice,North,Kharif,493.28,12.49,26.73,0.5,0,21,B,7.39,Transit,93.65,High,7.97,8.62,"₹ 3,931.44","₹ 4,252.07",₹ 320.63,7.54%,36.45
BATCH00103,Barley,South,Rabi,428.42,12.59,24.22,2.7,0.5,26,C,0.72,Transit,99,Medium,7.21,8.53,"₹ 3,088.91","₹ 3,654.42",₹ 565.51,15.47%,3.08
BATCH00104,Rice,West,Kharif,568.21,8.77,26.26,2.4,2.3,12,C,2.16,Warehouse,62.32,Medium,9.79,12.57,"₹ 5,562.78","₹ 7,142.40","₹ 1,579.62",22.12%,12.27
BATCH00105,Rice,West,Kharif,648.72,14.71,23.58,0.6,0.3,11,C,9.88,Farm,97.41,Medium,7.09,12.8,"₹ 4,599.42","₹ 8,303.62","₹ 3,704.19",44.61%,64.09
BATCH00106,Rice,East,Rabi,441.99,16.21,38.04,4.7,0.2,23,B,3.93,Farm,84.44,High,6.26,5.14,"₹ 2,766.86","₹ 2,271.83",-₹ 495.03,-21.79%,17.37
BATCH00107,Barley,East,Rabi,523.94,10.45,27.94,0.2,3.5,7,C,8.29,Transit,97.57,Low,6.8,6.44,"₹ 3,562.79","₹ 3,374.17",-₹ 188.62,-5.59%,43.43
BATCH00108,Rice,East,Rabi,549.97,12.21,24.91,8.1,0,17,B,4.07,Transit,78.12,High,8.66,7.13,"₹ 4,762.74","₹ 3,921.29",-₹ 841.45,-21.46%,22.38
BATCH00109,Maize,South,Kharif,547.2,16.39,28.97,3.9,1.5,18,C,8.48,Transit,98.04,High,7.29,8.52,"₹ 3,989.09","₹ 4,662.14",₹ 673.06,14.44%,46.40
BATCH00110,Barley,West,Rabi,507.6,16.77,26.41,2.3,0.4,7,C,9.67,Transit,94.62,Medium,7.53,7.91,"₹ 3,822.23","₹ 4,015.12",₹ 192.89,4.80%,49.08
BATCH00111,Maize,North,Rabi,574.27,10.43,34.89,5.6,0,24,B,4.64,Farm,56.43,Low,9.8,11.69,"₹ 5,627.85","₹ 6,713.22","₹ 1,085.37",16.17%,26.65
BATCH00112,Barley,South,Rabi,548.22,13.51,39.42,2.6,2.5,20,C,5.81,Warehouse,65.54,Medium,7.33,13.28,"₹ 4,018.45","₹ 7,280.36","₹ 3,261.91",44.80%,31.85
BATCH00113,Rice,North,Rabi,376.23,9.92,28.76,0.4,0.2,6,B,6.47,Warehouse,62.15,Low,5.66,6.92,"₹ 2,129.46","₹ 2,603.51",₹ 474.05,18.21%,24.34
BATCH00114,Maize,North,Rabi,586.92,9.02,37.22,1.2,0.8,11,C,9.38,Warehouse,78.6,High,7.84,10.63,"₹ 4,601.45","₹ 6,238.96","₹ 1,637.51",26.25%,55.05
BATCH00115,Barley,South,Kharif,588.73,17.11,31.32,0.1,0.3,12,C,2.94,Transit,90.14,High,7.62,8.68,"₹ 4,486.12","₹ 5,110.18",₹ 624.05,12.21%,17.31
BATCH00116,Wheat,North,Kharif,423.67,16.21,23.14,1,0.1,26,C,6.31,Transit,87.97,High,3.1,10.06,"₹ 1,313.38","₹ 4,262.12","₹ 2,948.74",69.18%,26.73
BATCH00117,Rice,West,Kharif,503.79,15.6,33.81,2.7,0.1,16,C,3.58,Warehouse,86.34,Low,6.27,11.21,"₹ 3,158.76","₹ 5,647.49","₹ 2,488.72",44.07%,18.04
BATCH00118,Barley,North,Rabi,568.33,8.49,30.27,1,0.1,19,A,2.56,Farm,68.76,Medium,8.2,13.94,"₹ 4,660.31","₹ 7,922.52","₹ 3,262.21",41.18%,14.55
BATCH00119,Wheat,West,Rabi,479.07,16.44,33.01,0.8,0.1,23,B,1.31,Warehouse,56.98,Medium,6.49,6.92,"₹ 3,109.16","₹ 3,315.16",₹ 206.00,6.21%,6.28
BATCH00120,Barley,West,Rabi,607.3,12.38,37.79,1.8,1.4,27,A,6.4,Farm,60.53,Medium,8.46,5.87,"₹ 5,137.76","₹ 3,564.85","-₹ 1,572.91",-44.12%,38.87
BATCH00121,Wheat,West,Kharif,736.39,11.42,28.81,4.1,0.7,19,C,8.88,Transit,87.08,Low,6.16,11.27,"₹ 4,536.16","₹ 8,299.12","₹ 3,762.95",45.34%,65.39
BATCH00122,Rice,East,Rabi,421.4,13.46,38.02,0.1,0.4,11,C,3.84,Warehouse,57.38,Low,9.88,8.94,"₹ 4,163.43","₹ 3,767.32",-₹ 396.12,-10.51%,16.18
BATCH00123,Maize,North,Rabi,361.9,8.91,35.01,1,0.5,16,B,5.75,Warehouse,61.15,High,5.05,6.63,"₹ 1,827.60","₹ 2,399.40",₹ 571.80,23.83%,20.81
BATCH00124,Wheat,South,Rabi,530.38,15.57,29.77,0.3,2.6,23,B,6.6,Transit,71.23,Medium,3.64,6.17,"₹ 1,930.58","₹ 3,272.44","₹ 1,341.86",41.00%,35.01
BATCH00125,Barley,South,Kharif,572.16,13.82,32.06,2.4,2.4,28,B,4.44,Farm,53.61,Low,6.01,10.59,"₹ 3,438.68","₹ 6,059.17","₹ 2,620.49",43.25%,25.40
BATCH00126,Rice,North,Rabi,476.91,9.87,26.51,0.2,1.3,27,B,9.08,Warehouse,60.63,Medium,6.79,8,"₹ 3,238.22","₹ 3,815.28",₹ 577.06,15.13%,43.30
BATCH00127,Wheat,East,Kharif,645.33,9.88,39.67,2.2,2.2,12,C,3.95,Warehouse,57.49,Medium,5.44,14.97,"₹ 3,510.60","₹ 9,660.59","₹ 6,149.99",63.66%,25.49
BATCH00128,Barley,East,Rabi,366.14,9.84,33.35,0.7,0.4,27,B,1.69,Farm,97.57,Low,4.7,9.06,"₹ 1,720.86","₹ 3,317.23","₹ 1,596.37",48.12%,6.19
BATCH00129,Barley,West,Kharif,569.29,8.57,20.88,0.4,0.5,8,A,1.87,Warehouse,59.58,Low,7.7,7.12,"₹ 4,383.53","₹ 4,053.34",-₹ 330.19,-8.15%,10.65
BATCH00130,Barley,North,Kharif,439.41,13.88,26.53,5.5,1,3,B,8.96,Warehouse,93.09,High,5.64,11.29,"₹ 2,478.27","₹ 4,960.94","₹ 2,482.67",50.04%,39.37
BATCH00131,Wheat,North,Kharif,671.94,16.4,32.47,0,1,2,B,9.89,Transit,55.74,High,7.42,7.44,"₹ 4,985.79","₹ 4,999.23",₹ 13.44,0.27%,66.45
BATCH00132,Wheat,South,Rabi,699.25,8.17,21.13,1.2,0.7,28,A,3.24,Farm,93.48,High,8.45,9.94,"₹ 5,908.66","₹ 6,950.55","₹ 1,041.88",14.99%,22.66
BATCH00133,Wheat,North,Rabi,423.33,8.49,20.48,0,0.5,6,A,1.86,Warehouse,79.97,Medium,8.33,9.83,"₹ 3,526.34","₹ 4,161.33",₹ 635.00,15.26%,7.87
BATCH00134,Maize,East,Kharif,445.04,13.73,29,1.3,4.3,16,A,5.08,Warehouse,92.49,Medium,5.63,9.54,"₹ 2,505.58","₹ 4,245.68","₹ 1,740.11",40.99%,22.61
BATCH00135,Wheat,North,Kharif,585.96,16.19,26.65,1.4,1.7,20,A,7.24,Transit,93.37,High,6.98,12.96,"₹ 4,090.00","₹ 7,594.04","₹ 3,504.04",46.14%,42.42
BATCH00136,Wheat,South,Rabi,461.29,11.27,28.77,0.8,0.6,24,B,6.32,Warehouse,79.82,Medium,6.15,7.17,"₹ 2,836.93","₹ 3,307.45",₹ 470.52,14.23%,29.15
BATCH00137,Wheat,West,Rabi,495.46,11.5,25.25,0.3,1.3,29,A,9.54,Transit,95.88,Medium,9.1,14.04,"₹ 4,508.69","₹ 6,956.26","₹ 2,447.57",35.19%,47.27
BATCH00138,Maize,South,Kharif,502.54,13.96,23.29,0.9,0.3,15,C,8.27,Warehouse,79.27,Medium,9.15,12.91,"₹ 4,598.24","₹ 6,487.79","₹ 1,889.55",29.12%,41.56
BATCH00139,Wheat,South,Rabi,308.03,10.74,33.78,2.2,0.1,14,B,8.76,Transit,85.63,Medium,5.41,8.33,"₹ 1,666.44","₹ 2,565.89",₹ 899.45,35.05%,26.98
BATCH00140,Barley,West,Rabi,498.62,8.27,30.29,3.1,0.4,2,C,5.65,Farm,70.8,Low,3.64,6.81,"₹ 1,814.98","₹ 3,395.60","₹ 1,580.63",46.55%,28.17
BATCH00141,Wheat,South,Rabi,431.03,15.35,24,1.5,0.5,20,B,3.61,Farm,95.7,Low,4.17,7.8,"₹ 1,797.40","₹ 3,362.03","₹ 1,564.64",46.54%,15.56
BATCH00142,Barley,South,Rabi,450.69,14.26,26.39,1.8,0,18,B,7.17,Warehouse,91.21,High,5.57,8.33,"₹ 2,510.34","₹ 3,754.25","₹ 1,243.90",33.13%,32.31
BATCH00143,Barley,North,Kharif,644.36,13.81,31.84,0.4,1.7,14,C,4.67,Warehouse,58.34,High,6.95,10.57,"₹ 4,478.30","₹ 6,810.89","₹ 2,332.58",34.25%,30.09
BATCH00144,Barley,North,Rabi,374.35,15.42,21.44,0.7,0.4,18,A,3.23,Transit,78.82,Medium,7.6,5.46,"₹ 2,845.06","₹ 2,043.95",-₹ 801.11,-39.19%,12.09
BATCH00145,Maize,West,Rabi,581.32,14.75,22.95,0.4,0.9,2,A,1.95,Transit,94.84,Medium,5.32,14.14,"₹ 3,092.62","₹ 8,219.86","₹ 5,127.24",62.38%,11.34
BATCH00146,Maize,North,Kharif,472.1,10.06,21.46,0.6,0.1,1,C,5.51,Farm,89.65,Low,7.67,5.99,"₹ 3,621.01","₹ 2,827.88",-₹ 793.13,-28.05%,26.01
BATCH00147,Maize,North,Kharif,472.02,11.52,36.25,0.5,0.2,20,A,6.15,Warehouse,98.13,Medium,9.56,7.79,"₹ 4,512.51","₹ 3,677.04",-₹ 835.48,-22.72%,29.03
BATCH00148,Wheat,South,Rabi,579.04,9.26,35.05,1.5,2.2,2,B,5.9,Transit,61.57,Medium,7.56,6.09,"₹ 4,377.54","₹ 3,526.35",-₹ 851.19,-24.14%,34.16
BATCH00149,Barley,East,Rabi,534.01,9.3,35.07,1.7,0.9,9,B,1.61,Farm,68.37,High,4.11,7.57,"₹ 2,194.78","₹ 4,042.46","₹ 1,847.67",45.71%,8.60
BATCH00150,Maize,North,Rabi,557.06,14.76,34.33,5.8,3,9,B,5.91,Farm,75.36,Medium,7.06,13.38,"₹ 3,932.84","₹ 7,453.46","₹ 3,520.62",47.23%,32.92
BATCH00151,Maize,East,Rabi,596.82,16.59,33.39,0.4,6.7,16,A,2.1,Transit,61.63,Low,6.79,11.15,"₹ 4,052.41","₹ 6,654.54","₹ 2,602.14",39.10%,12.53
BATCH00152,Wheat,North,Kharif,466.87,17.63,29.54,2.1,0.5,11,A,6.81,Warehouse,69.7,Medium,9.09,7.27,"₹ 4,243.85","₹ 3,394.14",-₹ 849.70,-25.03%,31.79
BATCH00153,Maize,North,Kharif,438.78,14.28,32.85,3.4,0.4,27,C,4.58,Farm,76.88,Medium,5.45,13.72,"₹ 2,391.35","₹ 6,020.06","₹ 3,628.71",60.28%,20.10
BATCH00154,Wheat,West,Kharif,391.48,9.84,20.77,1.6,2,23,B,8.56,Transit,59.57,Medium,5.96,13.01,"₹ 2,333.22","₹ 5,093.15","₹ 2,759.93",54.19%,33.51
BATCH00155,Rice,West,Rabi,417.46,9.06,32.43,0.6,6.6,6,C,7.89,Farm,62.83,Medium,7.19,12.54,"₹ 3,001.54","₹ 5,234.95","₹ 2,233.41",42.66%,32.94
BATCH00156,Maize,West,Rabi,794.91,16.13,35.56,0.6,1,12,A,7.38,Warehouse,56.24,Medium,6.67,13.48,"₹ 5,302.05","₹ 10,715.39","₹ 5,413.34",50.52%,58.66
BATCH00157,Rice,East,Rabi,624.47,13.79,30.01,0.1,1.6,3,C,7.16,Transit,85.67,Low,8.03,11.2,"₹ 5,014.49","₹ 6,994.06","₹ 1,979.57",28.30%,44.71
BATCH00158,Wheat,South,Rabi,364.89,14.18,27.15,0.7,1.5,12,A,5.82,Warehouse,68.08,High,3.28,10.01,"₹ 1,196.84","₹ 3,652.55","₹ 2,455.71",67.23%,21.24
BATCH00159,Barley,North,Kharif,367.75,15.81,25.55,2.7,0.4,23,B,1.08,Warehouse,61.01,Medium,6.94,8.74,"₹ 2,552.19","₹ 3,214.14",₹ 661.95,20.59%,3.97
BATCH00160,Maize,North,Kharif,548.19,15.03,32.86,0.1,0.9,1,B,6.73,Farm,75.37,High,3.85,7.24,"₹ 2,110.53","₹ 3,968.90","₹ 1,858.36",46.82%,36.89
BATCH00161,Wheat,North,Rabi,554.73,16.34,33.86,0.5,1.8,9,A,4.94,Warehouse,53.41,High,5.21,10.57,"₹ 2,890.14","₹ 5,863.50","₹ 2,973.35",50.71%,27.40
BATCH00162,Barley,East,Kharif,554.89,8.56,37.42,2.4,1.2,20,A,4.96,Farm,96.17,Low,7.63,13.89,"₹ 4,233.81","₹ 7,707.42","₹ 3,473.61",45.07%,27.52
BATCH00163,Barley,West,Rabi,474.5,15.48,26.85,3.1,0,22,A,4.1,Transit,64.72,High,4.1,10.94,"₹ 1,945.45","₹ 5,191.03","₹ 3,245.58",62.52%,19.45
BATCH00164,Rice,South,Rabi,487.45,16.51,35.4,1.2,0.4,6,B,9.33,Transit,94.32,Medium,5.16,14.2,"₹ 2,515.24","₹ 6,921.79","₹ 4,406.55",63.66%,45.48
BATCH00165,Wheat,East,Kharif,532.79,10.86,31.23,2.4,0.2,11,A,2.87,Farm,74.88,Medium,7.92,8.57,"₹ 4,219.70","₹ 4,566.01",₹ 346.31,7.58%,15.29
BATCH00166,Barley,West,Rabi,508.59,14.4,37.66,1,0.3,3,B,3.51,Farm,92.51,Medium,7.56,11.95,"₹ 3,844.94","₹ 6,077.65","₹ 2,232.71",36.74%,17.85
BATCH00167,Maize,East,Rabi,278.07,11.14,30.56,0.3,2.4,4,C,9.65,Farm,62.35,Medium,3.64,11.49,"₹ 1,012.17","₹ 3,195.02","₹ 2,182.85",68.32%,26.83
BATCH00168,Maize,South,Kharif,477.02,17.58,30.35,1,0,29,B,8.2,Warehouse,58.76,Low,7.04,11.7,"₹ 3,358.22","₹ 5,581.13","₹ 2,222.91",39.83%,39.12
BATCH00169,Rice,West,Rabi,414.86,8.33,31.56,1.7,0.2,27,C,0.63,Transit,92.47,High,4.03,11.45,"₹ 1,671.89","₹ 4,750.15","₹ 3,078.26",64.80%,2.61
BATCH00170,Barley,East,Rabi,517.52,13.8,34.99,5.9,0.4,10,B,9.11,Transit,60.65,Low,4.77,7.22,"₹ 2,468.57","₹ 3,736.49","₹ 1,267.92",33.93%,47.15
BATCH00171,Wheat,South,Kharif,798.53,9.67,39.29,0.1,1,19,B,2.65,Warehouse,87.31,High,6.21,6.44,"₹ 4,958.87","₹ 5,142.53",₹ 183.66,3.57%,21.16
BATCH00172,Maize,North,Rabi,536.75,15.12,21.47,1.4,0.8,29,A,7.21,Farm,67.23,Low,3.77,14.79,"₹ 2,023.55","₹ 7,938.53","₹ 5,914.99",74.51%,38.70
BATCH00173,Barley,South,Kharif,468.65,9.76,21.07,0.8,0.2,6,B,5.75,Transit,87.41,Low,9.96,5.45,"₹ 4,667.75","₹ 2,554.14","-₹ 2,113.61",-82.75%,26.95
BATCH00174,Barley,North,Rabi,592.18,10.35,38.75,1.4,0.2,1,A,5.6,Warehouse,95.38,Low,4.16,9.68,"₹ 2,463.47","₹ 5,732.30","₹ 3,268.83",57.02%,33.16
BATCH00175,Rice,East,Kharif,548.27,12.94,30.6,0,0.3,8,A,7.32,Farm,99.08,Medium,8.47,9.25,"₹ 4,643.85","₹ 5,071.50",₹ 427.65,8.43%,40.13
BATCH00176,Maize,West,Kharif,542.01,17.15,32.3,0.8,0.7,8,A,2.47,Transit,67.99,Medium,8.81,8.6,"₹ 4,775.11","₹ 4,661.29",-₹ 113.82,-2.44%,13.39
BATCH00177,Maize,West,Kharif,560.69,10.12,29.65,3.4,0.3,25,B,2.01,Farm,68.38,Low,9.96,12.82,"₹ 5,584.47","₹ 7,188.05","₹ 1,603.57",22.31%,11.27
BATCH00178,Wheat,East,Rabi,705.65,9.44,21.87,1.6,2.9,6,A,6.69,Warehouse,99.07,High,6,12.45,"₹ 4,233.90","₹ 8,785.34","₹ 4,551.44",51.81%,47.21
BATCH00179,Maize,West,Kharif,386.91,15.59,35.36,1.2,0.6,17,C,3.26,Transit,93.08,High,9.12,14.05,"₹ 3,528.62","₹ 5,436.09","₹ 1,907.47",35.09%,12.61
BATCH00180,Wheat,West,Kharif,547.36,13.01,34.94,0.7,0.1,19,C,9.75,Farm,52.25,Medium,9.7,8.95,"₹ 5,309.39","₹ 4,898.87",-₹ 410.52,-8.38%,53.37
BATCH00181,Maize,North,Kharif,407.36,17.12,26.23,0.7,1.3,1,B,4.79,Farm,78.67,Low,4.21,10.64,"₹ 1,714.99","₹ 4,334.31","₹ 2,619.32",60.43%,19.51
BATCH00182,Rice,East,Kharif,555.55,9.47,26.12,1,0.4,15,A,1.56,Farm,59.06,Medium,6.36,13.92,"₹ 3,533.30","₹ 7,733.26","₹ 4,199.96",54.31%,8.67
BATCH00183,Maize,South,Kharif,408.13,14.46,36.76,3.6,1.1,13,C,7.02,Warehouse,99.7,Medium,3.42,14.94,"₹ 1,395.80","₹ 6,097.46","₹ 4,701.66",77.11%,28.65
BATCH00184,Wheat,North,Rabi,458.26,10.33,21.45,6.8,0.3,21,B,3.41,Farm,56.95,Medium,7.35,14.69,"₹ 3,368.21","₹ 6,731.84","₹ 3,363.63",49.97%,15.63
BATCH00185,Wheat,East,Rabi,470.49,9.57,37.62,1.2,0.8,3,B,1.91,Transit,77.97,Low,7.07,12.18,"₹ 3,326.36","₹ 5,730.57","₹ 2,404.20",41.95%,8.99
BATCH00186,Rice,North,Rabi,597.58,14.83,25.13,1,1.5,2,B,4.52,Transit,83.26,Low,4.43,6.43,"₹ 2,647.28","₹ 3,842.44","₹ 1,195.16",31.10%,27.01
BATCH00187,Maize,South,Rabi,591.85,13.94,31.86,3.7,2.6,3,B,9.66,Farm,96.85,Medium,8.59,5.23,"₹ 5,083.99","₹ 3,095.38","-₹ 1,988.62",-64.24%,57.17
BATCH00188,Maize,South,Rabi,375.43,15.55,38.72,1.1,0.3,9,B,4.41,Warehouse,92.36,Low,3.26,13.25,"₹ 1,223.90","₹ 4,974.45","₹ 3,750.55",75.40%,16.56
BATCH00189,Rice,East,Rabi,505.49,11.09,33.56,1.6,0.4,27,A,3.8,Transit,62.29,High,8.64,13.41,"₹ 4,367.43","₹ 6,778.62","₹ 2,411.19",35.57%,19.21
BATCH00190,Maize,South,Rabi,429.04,12.48,28.29,0.5,0.6,16,A,4.72,Transit,78.63,High,3.19,12.46,"₹ 1,368.64","₹ 5,345.84","₹ 3,977.20",74.40%,20.25
BATCH00191,Maize,North,Kharif,374.15,12.05,33.79,2.7,2.6,24,A,0.62,Transit,97.68,Medium,7.6,7.8,"₹ 2,843.54","₹ 2,918.37",₹ 74.83,2.56%,2.32
BATCH00192,Wheat,South,Rabi,478.3,17.84,26.88,1.5,2.3,13,A,1.76,Farm,86.79,High,3.55,11.4,"₹ 1,697.97","₹ 5,452.62","₹ 3,754.66",68.86%,8.42
BATCH00193,Maize,North,Kharif,469.15,10.92,25.55,3.3,0.1,19,B,8.57,Transit,84.42,Medium,4.76,8.16,"₹ 2,233.15","₹ 3,828.26","₹ 1,595.11",41.67%,40.21
BATCH00194,Maize,North,Kharif,742.67,10.95,39.93,3,0.1,27,B,9.79,Farm,87.75,Medium,8.05,9.51,"₹ 5,978.49","₹ 7,062.79","₹ 1,084.30",15.35%,72.71
BATCH00195,Rice,South,Rabi,543.3,11.55,35.02,0.5,0.7,18,C,2,Farm,66.13,Medium,4.96,8.82,"₹ 2,694.77","₹ 4,791.91","₹ 2,097.14",43.76%,10.87
BATCH00196,Rice,East,Kharif,362.24,13.65,32.89,2.5,0.1,21,C,5.59,Farm,86.46,Low,6.58,14.14,"₹ 2,383.54","₹ 5,122.07","₹ 2,738.53",53.47%,20.25
BATCH00197,Barley,West,Kharif,443.52,10.52,27.11,3.2,0.4,12,A,9.68,Farm,61.64,Low,9.41,7.34,"₹ 4,173.52","₹ 3,255.44",-₹ 918.09,-28.20%,42.93
BATCH00198,Wheat,South,Kharif,602.14,17.15,20.98,0.8,0.2,28,B,1.99,Farm,71.41,Low,3.35,10.78,"₹ 2,017.17","₹ 6,491.07","₹ 4,473.90",68.92%,11.98
BATCH00199,Maize,North,Kharif,708.84,10.66,20.62,0.4,1,29,C,2.27,Transit,94.5,Low,8.68,8.61,"₹ 6,152.73","₹ 6,103.11",-₹ 49.62,-0.81%,16.09
BATCH00200,Maize,North,Rabi,341.4,16.96,31.08,0,3,12,C,9.3,Farm,50.95,Medium,3.46,11.63,"₹ 1,181.24","₹ 3,970.48","₹ 2,789.24",70.25%,31.75
BATCH00201,Barley,South,Rabi,312.01,9.03,35.24,1.2,5.7,1,C,7.2,Farm,70.72,Low,3.89,10.65,"₹ 1,213.72","₹ 3,322.91","₹ 2,109.19",63.47%,22.46
BATCH00202,Maize,East,Rabi,687.1,14.57,30.75,0.9,0.5,20,C,1.94,Farm,63.34,High,3.84,14.24,"₹ 2,638.46","₹ 9,784.30","₹ 7,145.84",73.03%,13.33
BATCH00203,Wheat,East,Rabi,538.96,17.07,36.82,1.6,0.9,8,A,4.24,Farm,59.93,High,9.96,6.02,"₹ 5,368.04","₹ 3,244.54","-₹ 2,123.50",-65.45%,22.85
BATCH00204,Barley,North,Rabi,413.17,9.69,20.67,0.4,1.9,17,B,1.03,Farm,91.93,Low,4.26,7.21,"₹ 1,760.10","₹ 2,978.96","₹ 1,218.85",40.92%,4.26
BATCH00205,Wheat,North,Rabi,553.46,17.68,27.34,3.9,0.1,21,A,4.61,Farm,84.82,High,9.28,12.66,"₹ 5,136.11","₹ 7,006.80","₹ 1,870.69",26.70%,25.51
BATCH00206,Barley,East,Rabi,236.43,12.53,24.74,0.6,1.2,28,C,7.89,Transit,55.63,High,9.94,8.69,"₹ 2,350.11","₹ 2,054.58",-₹ 295.54,-14.38%,18.65
BATCH00207,Barley,West,Rabi,500.34,17.46,28.95,0.5,0.5,20,C,5.76,Farm,74.72,Low,5.69,6.66,"₹ 2,846.93","₹ 3,332.26",₹ 485.33,14.56%,28.82
BATCH00208,Rice,South,Rabi,532.78,14.77,21.45,1.3,0.2,22,B,6.65,Farm,73.35,Medium,7.42,10.03,"₹ 3,953.23","₹ 5,343.78","₹ 1,390.56",26.02%,35.43
BATCH00209,Wheat,North,Rabi,592.43,11.02,39.08,1.4,0.5,7,B,3.6,Transit,57.13,Medium,8.45,11.52,"₹ 5,006.03","₹ 6,824.79","₹ 1,818.76",26.65%,21.33
BATCH00210,Maize,North,Kharif,398.61,9.88,24.47,0.5,0.1,9,A,2.03,Transit,89.99,Medium,5.75,5.45,"₹ 2,292.01","₹ 2,172.42",-₹ 119.58,-5.50%,8.09
BATCH00211,Maize,East,Rabi,508.57,11.04,38.45,0.6,1.2,17,B,0.62,Warehouse,68.33,Low,4.13,7.92,"₹ 2,100.39","₹ 4,027.87","₹ 1,927.48",47.85%,3.15
BATCH00212,Wheat,South,Kharif,407.46,8.93,28.52,0.4,0.3,27,A,8.3,Transit,88.1,Medium,6.04,13.09,"₹ 2,461.06","₹ 5,333.65","₹ 2,872.59",53.86%,33.82
BATCH00213,Maize,East,Kharif,525.54,9.44,39.71,2.5,0.4,10,A,6.55,Transit,59.6,Medium,8.4,10.2,"₹ 4,414.54","₹ 5,360.51",₹ 945.97,17.65%,34.42
BATCH00214,Maize,South,Kharif,410.47,9.05,31.08,2.9,0.1,4,C,2.68,Farm,65.75,High,8.47,5.35,"₹ 3,476.68","₹ 2,196.01","-₹ 1,280.67",-58.32%,11.00
BATCH00215,Wheat,South,Kharif,459.19,12.23,38.62,1.2,2,22,A,4.48,Warehouse,54.76,Medium,4.61,7.82,"₹ 2,116.87","₹ 3,590.87","₹ 1,474.00",41.05%,20.57
BATCH00216,Barley,South,Rabi,400.42,15.96,20.11,2.5,0.7,26,C,8.11,Farm,57.17,Low,4.22,11.39,"₹ 1,689.77","₹ 4,560.78","₹ 2,871.01",62.95%,32.47
BATCH00217,Wheat,North,Kharif,565.11,9.41,34.96,2.7,0.8,7,A,5.62,Warehouse,94.16,Medium,9.44,6.99,"₹ 5,334.64","₹ 3,950.12","-₹ 1,384.52",-35.05%,31.76
BATCH00218,Barley,West,Rabi,585.85,9.3,38.06,0.3,0.8,7,A,3.35,Farm,55.46,High,3.31,13.27,"₹ 1,939.16","₹ 7,774.23","₹ 5,835.07",75.06%,19.63
BATCH00219,Maize,East,Rabi,476.54,14.43,22.79,6.8,0.5,8,B,3.04,Transit,54.79,High,8.14,11.77,"₹ 3,879.04","₹ 5,608.88","₹ 1,729.84",30.84%,14.49
BATCH00220,Maize,West,Kharif,503.82,9.97,21.92,3.4,0.2,26,B,2.57,Transit,97.02,High,3.32,9.71,"₹ 1,672.68","₹ 4,892.09","₹ 3,219.41",65.81%,12.95
BATCH00221,Maize,East,Rabi,355.14,8.98,28.49,0.5,1.4,24,C,8.33,Warehouse,82.3,High,8.87,14.16,"₹ 3,150.09","₹ 5,028.78","₹ 1,878.69",37.36%,29.58
BATCH00222,Rice,South,Kharif,470.03,9.67,38.67,0.4,0.1,24,B,6.03,Farm,55.05,Medium,9.34,8.92,"₹ 4,390.08","₹ 4,192.67",-₹ 197.41,-4.71%,28.34
BATCH00223,Barley,North,Kharif,494.98,17.24,30.85,0.3,0.1,8,A,7.24,Farm,98.59,High,5.08,7.35,"₹ 2,514.50","₹ 3,638.10","₹ 1,123.60",30.88%,35.84
BATCH00224,Rice,West,Rabi,762.08,16.21,30.55,0.3,1.2,16,C,8.67,Transit,57.36,High,3.52,11.61,"₹ 2,682.52","₹ 8,847.75","₹ 6,165.23",69.68%,66.07
BATCH00225,Rice,North,Rabi,388.8,11.54,22.82,2.8,0.2,12,C,9.88,Transit,88.32,High,6.36,10.73,"₹ 2,472.77","₹ 4,171.82","₹ 1,699.06",40.73%,38.41
BATCH00226,Wheat,East,Kharif,646.42,14.56,20.02,1.3,0.4,15,C,2.87,Warehouse,51.74,Medium,5.09,8.35,"₹ 3,290.28","₹ 5,397.61","₹ 2,107.33",39.04%,18.55
BATCH00227,Rice,North,Rabi,599.69,13.37,36.2,3.1,0.6,8,A,2.22,Transit,81.23,Low,5.92,8.44,"₹ 3,550.16","₹ 5,061.38","₹ 1,511.22",29.86%,13.31
BATCH00228,Wheat,North,Rabi,528.06,14.77,21.75,2.7,0.6,22,B,4.89,Warehouse,77.34,High,7.65,8.98,"₹ 4,039.66","₹ 4,741.98",₹ 702.32,14.81%,25.82
BATCH00229,Wheat,West,Rabi,675.86,14.83,32.68,1.9,1.2,9,C,0.83,Warehouse,60.4,High,4.47,7.91,"₹ 3,021.09","₹ 5,346.05","₹ 2,324.96",43.49%,5.61
BATCH00230,Rice,South,Kharif,537.21,14.29,38.29,2.3,1,3,A,8.02,Warehouse,82.16,High,5.5,12.1,"₹ 2,954.66","₹ 6,500.24","₹ 3,545.59",54.55%,43.08
BATCH00231,Barley,North,Kharif,538.92,10.66,24.17,0,1,22,B,8.9,Warehouse,80.85,Medium,8.48,11.51,"₹ 4,570.04","₹ 6,202.97","₹ 1,632.93",26.32%,47.96
BATCH00232,Barley,South,Rabi,494.69,8.39,33.31,0.7,1.3,21,B,7.02,Transit,89.92,Medium,7.51,9.41,"₹ 3,715.12","₹ 4,655.03",₹ 939.91,20.19%,34.73
BATCH00233,Barley,East,Rabi,622.36,12.56,21.57,2,0.3,16,C,3.05,Warehouse,93.79,High,5.28,8.98,"₹ 3,286.06","₹ 5,588.79","₹ 2,302.73",41.20%,18.98
BATCH00234,Barley,North,Rabi,609.65,16.91,32.08,0,0.4,15,A,1.67,Transit,75.51,Low,7.65,8.65,"₹ 4,663.82","₹ 5,273.47",₹ 609.65,11.56%,10.18
BATCH00235,Barley,West,Rabi,437.43,13.69,23.28,0.1,0.6,24,B,4.13,Warehouse,74.51,High,8.36,7.83,"₹ 3,656.91","₹ 3,425.08",-₹ 231.84,-6.77%,18.07
BATCH00236,Rice,East,Rabi,368.08,16.32,34.72,3.8,0.4,4,A,8.42,Transit,81.08,Low,7.15,5.86,"₹ 2,631.77","₹ 2,156.95",-₹ 474.82,-22.01%,30.99
BATCH00237,Rice,East,Kharif,479.7,17.92,26.02,2.3,4.2,20,B,3.8,Warehouse,86.46,Low,4.68,7.68,"₹ 2,245.00","₹ 3,684.10","₹ 1,439.10",39.06%,18.23
BATCH00238,Maize,West,Rabi,420,9.64,29.27,0.6,1.7,29,C,0.83,Transit,67.81,Medium,3,8.21,"₹ 1,260.00","₹ 3,448.20","₹ 2,188.20",63.46%,3.49
BATCH00239,Barley,North,Kharif,493.65,14.92,31.99,2.3,0.2,16,C,3.11,Farm,75.23,Medium,8.62,10.48,"₹ 4,255.26","₹ 5,173.45",₹ 918.19,17.75%,15.35
BATCH00240,Rice,North,Rabi,623.74,14.74,23.43,3.1,0,10,B,9.9,Warehouse,79.26,Medium,8.76,12.74,"₹ 5,463.96","₹ 7,946.45","₹ 2,482.49",31.24%,61.75
BATCH00241,Maize,East,Kharif,454.27,17.8,34.83,0.7,0,11,A,6.93,Warehouse,99.42,Low,7.88,8.96,"₹ 3,579.65","₹ 4,070.26",₹ 490.61,12.05%,31.48
BATCH00242,Barley,North,Rabi,495.72,17.86,26.05,0.1,0.3,26,B,9.06,Farm,79.39,Low,3.54,14.45,"₹ 1,754.85","₹ 7,163.15","₹ 5,408.31",75.50%,44.91
BATCH00243,Wheat,South,Kharif,505.8,14.87,33.25,5.4,0.1,29,A,7.86,Farm,61.21,Low,7.1,13.27,"₹ 3,591.18","₹ 6,711.97","₹ 3,120.79",46.50%,39.76
BATCH00244,Maize,West,Rabi,584.84,10.44,23.17,0.8,0.8,5,B,5.63,Warehouse,79.4,Medium,8.75,14.85,"₹ 5,117.35","₹ 8,684.87","₹ 3,567.52",41.08%,32.93
BATCH00245,Rice,South,Kharif,275.31,15.99,33.76,0.2,2,11,C,1.91,Transit,90.97,Medium,5.73,13.76,"₹ 1,577.53","₹ 3,788.27","₹ 2,210.74",58.36%,5.26
BATCH00246,Wheat,North,Kharif,439.33,9.07,22.56,1.4,1.3,29,A,3.81,Warehouse,92.87,Medium,4.39,11.17,"₹ 1,928.66","₹ 4,907.32","₹ 2,978.66",60.70%,16.74
BATCH00247,Wheat,East,Kharif,521.13,15.81,28.51,2.9,0.2,13,C,6.05,Transit,90.01,High,7.11,10.98,"₹ 3,705.23","₹ 5,722.01","₹ 2,016.77",35.25%,31.53
BATCH00248,Wheat,West,Kharif,620.01,17.1,24.94,0.5,0.5,15,A,8.77,Farm,94.41,Low,8.78,6.3,"₹ 5,443.69","₹ 3,906.06","-₹ 1,537.62",-39.37%,54.37
BATCH00249,Maize,North,Kharif,450.81,11.83,34.97,0.6,0.7,6,B,3.05,Transit,66.74,Low,3.34,12.22,"₹ 1,505.71","₹ 5,508.90","₹ 4,003.19",72.67%,13.75
BATCH00250,Rice,North,Kharif,312.34,14.31,25.24,0.6,1.7,16,C,1.65,Warehouse,75.38,High,7.18,11,"₹ 2,242.60","₹ 3,435.74","₹ 1,193.14",34.73%,5.15
BATCH00251,Wheat,East,Rabi,561.97,12.3,37.63,9.6,1.8,15,C,5.81,Farm,88.98,Low,7.5,10.07,"₹ 4,214.78","₹ 5,659.04","₹ 1,444.26",25.52%,32.65
BATCH00252,Barley,East,Kharif,436.46,12.38,37.84,0.4,2.4,11,A,2.18,Farm,63.22,Low,7.22,11.93,"₹ 3,151.24","₹ 5,206.97","₹ 2,055.73",39.48%,9.51
BATCH00253,Wheat,South,Rabi,381.03,11.1,23.93,1.7,0.7,20,A,6.3,Warehouse,68.58,High,7.55,9.44,"₹ 2,876.78","₹ 3,596.92",₹ 720.15,20.02%,24.00
BATCH00254,Wheat,West,Rabi,437.57,15.62,32.28,5.2,1.2,2,A,3,Warehouse,91.56,Low,7.42,10.24,"₹ 3,246.77","₹ 4,480.72","₹ 1,233.95",27.54%,13.13
BATCH00255,Maize,West,Rabi,481.55,17.36,21.75,0.3,0.1,28,C,2.69,Farm,88.5,Medium,3.91,8.98,"₹ 1,882.86","₹ 4,324.32","₹ 2,441.46",56.46%,12.95
BATCH00256,Maize,East,Rabi,439.53,17.41,27.83,7.1,0.8,28,B,4.29,Transit,98.56,High,4.64,12.17,"₹ 2,039.42","₹ 5,349.08","₹ 3,309.66",61.87%,18.86
BATCH00257,Rice,South,Rabi,279.44,9.75,34.27,5.9,0.3,2,A,6.14,Transit,99.8,Low,7.33,13.77,"₹ 2,048.30","₹ 3,847.89","₹ 1,799.59",46.77%,17.16
BATCH00258,Barley,West,Kharif,589.71,16.75,33.19,4.3,0.6,12,B,5.68,Transit,62.04,Medium,3.12,13.41,"₹ 1,839.90","₹ 7,908.01","₹ 6,068.12",76.73%,33.50
BATCH00259,Maize,East,Kharif,627.49,15.37,32.49,0.5,1,16,A,2.82,Warehouse,95.02,Low,7.44,12.86,"₹ 4,668.53","₹ 8,069.52","₹ 3,401.00",42.15%,17.70
BATCH00260,Wheat,North,Kharif,565.15,10.53,25.65,2,0.3,19,B,8.97,Farm,54.73,High,7.66,5.14,"₹ 4,329.05","₹ 2,904.87","-₹ 1,424.18",-49.03%,50.69
BATCH00261,Rice,West,Rabi,386.23,8.67,27.56,2.9,0.1,2,A,1.54,Transit,85.49,Medium,4.67,14.12,"₹ 1,803.69","₹ 5,453.57","₹ 3,649.87",66.93%,5.95
BATCH00262,Wheat,South,Kharif,479.85,10.68,22.06,8.5,0,17,B,0.87,Farm,61,Low,7.19,7.75,"₹ 3,450.12","₹ 3,718.84",₹ 268.72,7.23%,4.17
BATCH00263,Wheat,South,Kharif,499.35,17.12,34.38,0.4,0,14,C,6.23,Transit,65.02,High,6.74,13.88,"₹ 3,365.62","₹ 6,930.98","₹ 3,565.36",51.44%,31.11
BATCH00264,Maize,South,Kharif,559.88,14.33,30.08,2.9,0,24,A,1.67,Farm,97.32,Low,4.82,6.97,"₹ 2,698.62","₹ 3,902.36","₹ 1,203.74",30.85%,9.35
BATCH00265,Rice,North,Kharif,566.83,15.21,34.18,0.8,0.1,28,A,5.3,Warehouse,63.16,Low,6.24,9.4,"₹ 3,537.02","₹ 5,328.20","₹ 1,791.18",33.62%,30.04
BATCH00266,Barley,West,Kharif,426.58,10.57,24.98,0.4,0.3,16,C,9.54,Warehouse,83.66,Medium,9.37,12.49,"₹ 3,997.05","₹ 5,327.98","₹ 1,330.93",24.98%,40.70
BATCH00267,Barley,West,Rabi,508.2,15.19,26.49,1.1,0.3,5,A,7.14,Warehouse,58.91,Low,5.99,11.4,"₹ 3,044.12","₹ 5,793.48","₹ 2,749.36",47.46%,36.29
BATCH00268,Maize,North,Kharif,545.73,8.28,26.68,3.2,4.3,10,A,6.37,Transit,54.67,High,7.41,9.16,"₹ 4,043.86","₹ 4,998.89",₹ 955.03,19.10%,34.76
BATCH00269,Maize,West,Rabi,645.58,11.75,20.51,1.3,0.4,17,C,5.96,Warehouse,66.97,High,3.25,11.79,"₹ 2,098.14","₹ 7,611.39","₹ 5,513.25",72.43%,38.48
BATCH00270,Rice,North,Rabi,570.45,14.27,26.82,1.5,0.1,13,C,2.21,Warehouse,81.21,Medium,3.54,10.49,"₹ 2,019.39","₹ 5,984.02","₹ 3,964.63",66.25%,12.61
BATCH00271,Barley,North,Rabi,578.91,9.46,36.07,10.7,0.8,16,B,4.61,Warehouse,62.4,Medium,3.57,7.76,"₹ 2,066.71","₹ 4,492.34","₹ 2,425.63",53.99%,26.69
BATCH00272,Barley,North,Rabi,508.38,16.23,37.95,1,2,9,C,3.75,Farm,65.01,Low,8.45,11.46,"₹ 4,295.81","₹ 5,826.03","₹ 1,530.22",26.27%,19.06
BATCH00273,Barley,South,Rabi,641.05,10.35,30.36,1.9,1.1,24,C,9.55,Farm,85.44,High,5.45,7.04,"₹ 3,493.72","₹ 4,512.99","₹ 1,019.27",22.59%,61.22
BATCH00274,Wheat,West,Kharif,540.98,14.52,29.11,0.9,0.4,4,A,2.8,Farm,55.14,Medium,4.59,11.94,"₹ 2,483.10","₹ 6,459.30","₹ 3,976.20",61.56%,15.15
BATCH00275,Barley,North,Kharif,413.89,12.05,20.62,1,0.8,24,C,4.98,Farm,72.35,Low,8.23,5.03,"₹ 3,406.31","₹ 2,081.87","-₹ 1,324.45",-63.62%,20.61
BATCH00276,Wheat,West,Kharif,640.34,13.96,37.58,2.4,1.3,29,A,9.41,Farm,97.09,Low,4.19,10.49,"₹ 2,683.02","₹ 6,717.17","₹ 4,034.14",60.06%,60.26
BATCH00277,Rice,South,Rabi,569.79,9.07,20.26,5.6,1.3,28,C,8,Farm,69.85,High,4.73,9.01,"₹ 2,695.11","₹ 5,133.81","₹ 2,438.70",47.50%,45.58
BATCH00278,Wheat,North,Kharif,455.7,8.17,38.9,1.6,1.1,29,C,9.66,Farm,71.71,High,6.02,8.03,"₹ 2,743.31","₹ 3,659.27",₹ 915.96,25.03%,44.02
BATCH00279,Rice,East,Kharif,452.05,17.1,29.78,2.9,2,26,B,6.28,Warehouse,86.91,Low,5.32,10.16,"₹ 2,404.91","₹ 4,592.83","₹ 2,187.92",47.64%,28.39
BATCH00280,Barley,South,Rabi,529.66,10.7,26.84,0.2,2,16,C,3.67,Warehouse,88.95,High,7.1,11.45,"₹ 3,760.59","₹ 6,064.61","₹ 2,304.02",37.99%,19.44
BATCH00281,Barley,East,Rabi,546.32,16.2,38.48,0.5,0.9,23,C,8.35,Transit,88.48,Low,5.36,14.65,"₹ 2,928.28","₹ 8,003.59","₹ 5,075.31",63.41%,45.62
BATCH00282,Rice,West,Rabi,519.73,17.99,20.49,1.4,0.6,27,A,3.27,Warehouse,99.89,Low,5.75,13.33,"₹ 2,988.45","₹ 6,928.00","₹ 3,939.55",56.86%,17.00
BATCH00283,Maize,West,Rabi,531.13,10.11,31.63,0,1,11,A,2.07,Farm,53.57,High,9.04,12.17,"₹ 4,801.42","₹ 6,463.85","₹ 1,662.44",25.72%,10.99
BATCH00284,Rice,South,Kharif,670,10.65,30.98,0.6,1.7,7,B,7.21,Farm,99.11,Medium,9.19,9.79,"₹ 6,157.30","₹ 6,559.30",₹ 402.00,6.13%,48.31
BATCH00285,Maize,West,Rabi,607.15,14.63,24.39,1.5,0,17,C,6.57,Transit,97.51,Low,8.79,8.92,"₹ 5,336.85","₹ 5,415.78",₹ 78.93,1.46%,39.89
BATCH00286,Wheat,East,Rabi,519.06,17.65,28.58,0,4.8,22,A,8.85,Warehouse,92.61,High,9.05,5.33,"₹ 4,697.49","₹ 2,766.59","-₹ 1,930.90",-69.79%,45.94
BATCH00287,Wheat,North,Kharif,594.13,17.16,33.05,0.6,0.2,13,C,9.64,Warehouse,72.71,Low,6.99,8.59,"₹ 4,152.97","₹ 5,103.58",₹ 950.61,18.63%,57.27
BATCH00288,Wheat,North,Kharif,396.75,13.03,34.54,1.4,0.6,4,B,8.64,Transit,93.55,Low,7.52,13.48,"₹ 2,983.56","₹ 5,348.19","₹ 2,364.63",44.21%,34.28
BATCH00289,Barley,North,Rabi,539.79,15.95,20.01,1.7,2.1,14,A,1.07,Farm,61.04,Low,6.9,8.84,"₹ 3,724.55","₹ 4,771.74","₹ 1,047.19",21.95%,5.78
BATCH00290,Wheat,South,Kharif,680.93,9.36,38.74,5.2,0.3,10,A,6.81,Farm,89.58,High,8.5,9.62,"₹ 5,787.91","₹ 6,550.55",₹ 762.64,11.64%,46.37
BATCH00291,Maize,West,Rabi,478.2,17.77,23.29,2.1,0.6,10,B,7.95,Farm,59.26,High,6.86,7.72,"₹ 3,280.45","₹ 3,691.70",₹ 411.25,11.14%,38.02
BATCH00292,Wheat,East,Rabi,415.24,17.64,24.67,1.1,0.1,10,C,9.83,Farm,90.77,High,3.78,7.74,"₹ 1,569.61","₹ 3,213.96","₹ 1,644.35",51.16%,40.82
BATCH00293,Rice,West,Kharif,434.79,9.64,25.27,5.3,0.5,27,A,4.06,Transit,80.73,Medium,8.67,5.62,"₹ 3,769.63","₹ 2,443.52","-₹ 1,326.11",-54.27%,17.65
BATCH00294,Rice,West,Kharif,391.04,10.99,20.76,3.1,0.2,12,A,2.11,Warehouse,54.9,Low,8.32,11.14,"₹ 3,253.45","₹ 4,356.19","₹ 1,102.73",25.31%,8.25
BATCH00295,Barley,West,Rabi,421.52,9,22.46,0.4,0.5,2,B,8.6,Farm,94.77,Medium,8.74,9.48,"₹ 3,684.08","₹ 3,996.01",₹ 311.92,7.81%,36.25
BATCH00296,Rice,North,Rabi,462.95,10.72,39.73,0.3,0.5,26,B,3.52,Warehouse,78.9,Low,4.33,11.06,"₹ 2,004.57","₹ 5,120.23","₹ 3,115.65",60.85%,16.30
BATCH00297,Maize,East,Rabi,359.44,16.16,26.3,2.3,5,23,B,6.18,Warehouse,82.81,High,4.9,10.47,"₹ 1,761.26","₹ 3,763.34","₹ 2,002.08",53.20%,22.21
BATCH00298,Wheat,East,Kharif,501.56,11.78,22.31,1.6,5.3,9,C,4.2,Farm,64.18,Low,5.07,12.99,"₹ 2,542.91","₹ 6,515.26","₹ 3,972.36",60.97%,21.07
BATCH00299,Barley,West,Rabi,590.23,8.88,22.14,3.1,0.1,29,C,4.32,Farm,93.58,Low,6.56,12.51,"₹ 3,871.91","₹ 7,383.78","₹ 3,511.87",47.56%,25.50
BATCH00300,Wheat,North,Rabi,409.22,11.42,34.39,2.7,1.3,5,C,7.46,Farm,77.26,Low,3.94,12.71,"₹ 1,612.33","₹ 5,201.19","₹ 3,588.86",69.00%,30.53
BATCH00301,Wheat,North,Rabi,651.93,17.81,37.09,2,0.1,8,B,3.93,Warehouse,71.06,Medium,5.7,9.99,"₹ 3,716.00","₹ 6,512.78","₹ 2,796.78",42.94%,25.62
BATCH00302,Maize,East,Rabi,551.08,14.3,25.14,8.6,0,21,A,7.08,Transit,76.71,High,4.28,8.54,"₹ 2,358.62","₹ 4,706.22","₹ 2,347.60",49.88%,39.02
BATCH00303,Rice,North,Rabi,603.06,12.16,20.42,1.5,0.1,14,C,0.64,Farm,85.17,High,4.85,14.33,"₹ 2,924.84","₹ 8,641.85","₹ 5,717.01",66.15%,3.86
BATCH00304,Rice,North,Kharif,434.22,9.67,24.46,0.2,3.4,7,B,3.58,Warehouse,84.75,Low,7.94,5.54,"₹ 3,447.71","₹ 2,405.58","-₹ 1,042.13",-43.32%,15.55
BATCH00305,Wheat,North,Rabi,585.45,17.86,21.13,3.5,2.8,7,C,3.53,Warehouse,67.88,High,8.98,6.53,"₹ 5,257.34","₹ 3,822.99","-₹ 1,434.35",-37.52%,20.67
BATCH00306,Barley,South,Rabi,390.81,16.21,22.07,0.6,0.2,9,A,7.61,Farm,69.26,Medium,3.16,9.2,"₹ 1,234.96","₹ 3,595.45","₹ 2,360.49",65.65%,29.74
BATCH00307,Rice,West,Rabi,589.02,10.81,28.63,3,0.2,3,A,3.49,Transit,78.11,Medium,6.96,11.14,"₹ 4,099.58","₹ 6,561.68","₹ 2,462.10",37.52%,20.56
BATCH00308,Barley,East,Rabi,517.18,8.7,24.6,6.3,0.3,14,B,6.52,Farm,96.22,High,3.25,5.08,"₹ 1,680.84","₹ 2,627.27",₹ 946.44,36.02%,33.72
BATCH00309,Rice,East,Kharif,555.33,8.57,30.32,2.4,0.7,17,A,7.04,Farm,87.27,Medium,3.6,12.19,"₹ 1,999.19","₹ 6,769.47","₹ 4,770.28",70.47%,39.10
BATCH00310,Barley,South,Kharif,382.44,9.2,25.07,1.8,0.8,18,B,6.76,Transit,69.52,Medium,7.94,10.59,"₹ 3,036.57","₹ 4,050.04","₹ 1,013.47",25.02%,25.85
BATCH00311,Maize,West,Kharif,410.49,13.81,38.81,1.2,0.3,12,B,6.23,Farm,66.85,High,8.15,9.85,"₹ 3,345.49","₹ 4,043.33",₹ 697.83,17.26%,25.57
BATCH00312,Barley,East,Rabi,559.72,17.29,38.12,0.9,1.4,22,B,4.43,Farm,76.18,High,8.7,9.23,"₹ 4,869.56","₹ 5,166.22",₹ 296.65,5.74%,24.80
BATCH00313,Maize,North,Rabi,405.17,12.97,31.34,0.9,0.4,14,B,4.05,Transit,93.5,Low,6.32,10.19,"₹ 2,560.67","₹ 4,128.68","₹ 1,568.01",37.98%,16.41
BATCH00314,Maize,East,Kharif,546.32,16.43,27.09,2,2.6,26,A,5.86,Warehouse,50.43,Low,9.02,6.62,"₹ 4,927.81","₹ 3,616.64","-₹ 1,311.17",-36.25%,32.01
BATCH00315,Barley,North,Kharif,363.29,12.46,27.62,2.8,1.1,26,A,1.11,Warehouse,85.52,Medium,4.17,6.09,"₹ 1,514.92","₹ 2,212.44",₹ 697.52,31.53%,4.03
BATCH00316,Maize,South,Kharif,584.82,15.09,28.24,2.3,0.6,28,A,8.82,Warehouse,64.73,High,4.75,7.9,"₹ 2,777.90","₹ 4,620.08","₹ 1,842.18",39.87%,51.58
BATCH00317,Wheat,North,Rabi,376.75,15.32,34.55,0.4,1.6,13,A,8.34,Warehouse,60.42,Medium,3.94,12.1,"₹ 1,484.40","₹ 4,558.68","₹ 3,074.28",67.44%,31.42
BATCH00318,Maize,East,Rabi,555.23,9.74,29.03,1.4,1.7,14,B,3.79,Warehouse,50.61,High,8.58,10.88,"₹ 4,763.87","₹ 6,040.90","₹ 1,277.03",21.14%,21.04
BATCH00319,Rice,East,Kharif,562.56,11.61,37.13,3.1,0.3,9,B,5.88,Farm,94.83,Medium,4.6,9.8,"₹ 2,587.78","₹ 5,513.09","₹ 2,925.31",53.06%,33.08
BATCH00320,Barley,East,Kharif,430.32,14.37,38.88,1.3,0.4,19,A,9.36,Transit,95.61,Medium,4.09,10.72,"₹ 1,760.01","₹ 4,613.03","₹ 2,853.02",61.85%,40.28
BATCH00321,Wheat,South,Kharif,558.2,8.71,26.72,1.5,2.7,26,C,3.08,Warehouse,53.07,Medium,7.36,10.59,"₹ 4,108.35","₹ 5,911.34","₹ 1,802.99",30.50%,17.19
BATCH00322,Barley,South,Rabi,526.04,11.62,31.21,2.9,0.2,2,C,7.55,Transit,76.09,Low,3.54,8.07,"₹ 1,862.18","₹ 4,245.14","₹ 2,382.96",56.13%,39.72
BATCH00323,Rice,West,Rabi,446.12,13.35,21.9,2.2,0,11,C,1.29,Warehouse,57.63,High,3.31,5.97,"₹ 1,476.66","₹ 2,663.34","₹ 1,186.68",44.56%,5.75
BATCH00324,Rice,East,Rabi,399.14,17.96,24.01,1.1,0.6,17,A,5.47,Farm,87.93,Medium,3.75,13.97,"₹ 1,496.78","₹ 5,575.99","₹ 4,079.21",73.16%,21.83
BATCH00325,Rice,North,Kharif,303.74,12.75,28.27,4.5,1.6,2,B,8.9,Warehouse,83.27,Low,3,11,₹ 911.22,"₹ 3,341.14","₹ 2,429.92",72.73%,27.03
BATCH00326,Maize,South,Kharif,534.97,16.16,24.12,0.4,1.5,19,B,5.74,Warehouse,64.86,Medium,7.88,11.98,"₹ 4,215.56","₹ 6,408.94","₹ 2,193.38",34.22%,30.71
BATCH00327,Maize,East,Rabi,343.52,12.32,37.53,10.8,2.5,7,C,6.35,Transit,55.85,Medium,6.94,9.64,"₹ 2,384.03","₹ 3,311.53",₹ 927.50,28.01%,21.81
BATCH00328,Barley,East,Kharif,509.53,15.96,23.17,0.3,0.8,18,C,9.12,Transit,91.56,High,4.47,12.56,"₹ 2,277.60","₹ 6,399.70","₹ 4,122.10",64.41%,46.47
BATCH00329,Barley,South,Rabi,473.66,13.95,29.11,0,0.1,13,B,7.3,Farm,83.71,Medium,4.63,10.84,"₹ 2,193.05","₹ 5,134.47","₹ 2,941.43",57.29%,34.58
BATCH00330,Wheat,West,Kharif,567.91,16.87,32.11,4.4,0.9,5,C,7.11,Transit,50.34,High,8.68,5.54,"₹ 4,929.46","₹ 3,146.22","-₹ 1,783.24",-56.68%,40.38
BATCH00331,Wheat,South,Kharif,469.8,12.11,33.84,0.6,1.5,18,C,6.07,Transit,81.39,Low,6.51,13.9,"₹ 3,058.40","₹ 6,530.22","₹ 3,471.82",53.17%,28.52
BATCH00332,Barley,South,Kharif,467.06,14.04,27.66,2.6,0.1,23,B,6.51,Transit,90.51,Low,7.89,8.06,"₹ 3,685.10","₹ 3,764.50",₹ 79.40,2.11%,30.41
BATCH00333,Maize,North,Kharif,573.19,14.3,37.38,3.3,0.2,26,C,8.14,Farm,79.54,Medium,6.17,6.38,"₹ 3,536.58","₹ 3,656.95",₹ 120.37,3.29%,46.66
BATCH00334,Rice,North,Rabi,533.51,12.17,31.37,3.9,0,24,C,9.8,Farm,71.24,Low,4.66,5.88,"₹ 2,486.16","₹ 3,137.04",₹ 650.88,20.75%,52.28
BATCH00335,Barley,West,Kharif,531.62,9.44,28.79,9.6,0.9,24,A,8.06,Farm,79.2,High,9.79,12.2,"₹ 5,204.56","₹ 6,485.76","₹ 1,281.20",19.75%,42.85
BATCH00336,Wheat,East,Rabi,546.93,8.94,21.34,0.7,2.2,29,C,7.22,Transit,80.99,High,6.96,12.04,"₹ 3,806.63","₹ 6,585.04","₹ 2,778.40",42.19%,39.49
BATCH00337,Maize,South,Rabi,346.44,8.17,29.29,2.5,1.1,16,A,1.79,Transit,82,Low,3.92,12,"₹ 1,358.04","₹ 4,157.28","₹ 2,799.24",67.33%,6.20
BATCH00338,Barley,West,Rabi,575.68,16.74,36.41,0.2,4,15,B,8.26,Farm,98.35,High,5.84,14.16,"₹ 3,361.97","₹ 8,151.63","₹ 4,789.66",58.76%,47.55
BATCH00339,Barley,North,Kharif,561.25,10.36,32.29,1,0.1,8,A,7.49,Transit,58.93,High,5.31,8.49,"₹ 2,980.24","₹ 4,765.01","₹ 1,784.78",37.46%,42.04
BATCH00340,Maize,South,Rabi,398.33,10.12,36.64,3.8,2.3,26,B,7.82,Transit,81.15,Medium,4.5,10.61,"₹ 1,792.49","₹ 4,226.28","₹ 2,433.80",57.59%,31.15
BATCH00341,Barley,East,Rabi,475.59,15.36,29.88,0.9,1.7,15,A,2.7,Warehouse,59.4,Medium,9.53,11.19,"₹ 4,532.37","₹ 5,321.85",₹ 789.48,14.83%,12.84
BATCH00342,Maize,North,Rabi,496.07,11.2,22.37,1.8,0.4,25,A,9.08,Farm,60.5,High,9.17,14.79,"₹ 4,548.96","₹ 7,336.88","₹ 2,787.91",38.00%,45.04
BATCH00343,Rice,North,Kharif,486.55,13.06,20.27,1.4,3.6,1,A,1.42,Farm,83.46,Low,4.39,8.12,"₹ 2,135.95","₹ 3,950.79","₹ 1,814.83",45.94%,6.91
BATCH00344,Maize,North,Kharif,533.39,9.63,26.06,2.1,0.3,28,C,2.91,Transit,95.8,High,5.47,14.56,"₹ 2,917.64","₹ 7,766.16","₹ 4,848.52",62.43%,15.52
BATCH00345,Maize,West,Rabi,643.14,17.6,33.96,7.2,2.2,17,C,6.8,Transit,57.95,Medium,8.34,6.49,"₹ 5,363.79","₹ 4,173.98","-₹ 1,189.81",-28.51%,43.73
BATCH00346,Maize,East,Kharif,608.18,16.52,35.81,0.1,2.1,15,C,6.9,Warehouse,98.12,Low,4.46,12.64,"₹ 2,712.48","₹ 7,687.40","₹ 4,974.91",64.72%,41.96
BATCH00347,Barley,South,Rabi,368.78,16.64,25.92,1.7,1.4,14,C,3.48,Farm,65.97,High,7.14,11.33,"₹ 2,633.09","₹ 4,178.28","₹ 1,545.19",36.98%,12.83
BATCH00348,Barley,West,Rabi,562.21,12.07,29.91,4,0.8,14,C,7.16,Farm,69.57,Low,7.9,13.17,"₹ 4,441.46","₹ 7,404.31","₹ 2,962.85",40.02%,40.25
BATCH00349,Maize,West,Kharif,632.89,15.62,28.42,1.3,0.1,10,A,4.19,Transit,57.68,Low,7.58,5.29,"₹ 4,797.31","₹ 3,347.99","-₹ 1,449.32",-43.29%,26.52
BATCH00350,Barley,West,Rabi,538.68,9.44,28.21,0.2,0.8,2,C,0.5,Farm,80.79,Low,7.94,5.78,"₹ 4,277.12","₹ 3,113.57","-₹ 1,163.55",-37.37%,2.69
BATCH00351,Wheat,North,Kharif,609.1,8.09,24.63,1.6,0.4,27,B,2.04,Transit,79.82,High,7.95,5.7,"₹ 4,842.35","₹ 3,471.87","-₹ 1,370.48",-39.47%,12.43
BATCH00352,Wheat,East,Kharif,701.23,8.2,22.73,0.8,1.6,6,A,8.88,Warehouse,72.11,Medium,9.75,10.93,"₹ 6,836.99","₹ 7,664.44",₹ 827.45,10.80%,62.27
BATCH00353,Barley,West,Rabi,602.37,13.87,23.93,0.3,1.4,17,A,2.62,Transit,73.8,Low,5.43,11.03,"₹ 3,270.87","₹ 6,644.14","₹ 3,373.27",50.77%,15.78
BATCH00354,Barley,South,Kharif,524.93,12.55,21.11,3.8,2.4,5,B,1.57,Warehouse,81.15,Low,9.15,14.06,"₹ 4,803.11","₹ 7,380.52","₹ 2,577.41",34.92%,8.24
BATCH00355,Maize,East,Kharif,604.51,13.18,23.96,1.5,0,5,C,6.98,Transit,79.17,High,3.15,9.68,"₹ 1,904.21","₹ 5,851.66","₹ 3,947.45",67.46%,42.19
BATCH00356,Rice,South,Rabi,514.49,8.07,20.18,5.4,1.7,15,B,4.69,Warehouse,68.71,Medium,5.02,5.68,"₹ 2,582.74","₹ 2,922.30",₹ 339.56,11.62%,24.13
BATCH00357,Barley,East,Rabi,502.39,12.23,32.55,3.3,2.8,15,A,8.07,Warehouse,94.21,Medium,3.34,7.1,"₹ 1,677.98","₹ 3,566.97","₹ 1,888.99",52.96%,40.54
BATCH00358,Wheat,South,Kharif,464.86,15.18,26.33,2.4,1.6,20,A,8.68,Farm,83.38,High,7.56,5.08,"₹ 3,514.34","₹ 2,361.49","-₹ 1,152.85",-48.82%,40.35
BATCH00359,Maize,North,Kharif,656.34,12.43,39.46,0,0.1,11,A,8.54,Transit,60.27,Low,3.71,12.77,"₹ 2,435.02","₹ 8,381.46","₹ 5,946.44",70.95%,56.05
BATCH00360,Barley,West,Rabi,418.16,15.32,23.87,1.1,0.1,5,B,3.47,Farm,66,High,8.92,13.16,"₹ 3,729.99","₹ 5,502.99","₹ 1,773.00",32.22%,14.51
BATCH00361,Wheat,South,Kharif,653.24,10.33,26.92,0.4,0,28,C,5.3,Farm,89.39,Medium,7.53,14.98,"₹ 4,918.90","₹ 9,785.54","₹ 4,866.64",49.73%,34.62
BATCH00362,Wheat,East,Kharif,549.99,16.13,27.16,4.8,1,1,A,6.68,Transit,55.23,Low,3.2,9.12,"₹ 1,759.97","₹ 5,015.91","₹ 3,255.94",64.91%,36.74
BATCH00363,Rice,West,Kharif,360.07,13.88,20.17,0.4,1,11,C,3.56,Farm,87.51,Low,8,5.19,"₹ 2,880.56","₹ 1,868.76","-₹ 1,011.80",-54.14%,12.82
BATCH00364,Maize,West,Kharif,536.76,10.11,36.78,0.7,4.3,11,A,0.89,Farm,67.94,Medium,9.03,7.35,"₹ 4,846.94","₹ 3,945.19",-₹ 901.76,-22.86%,4.78
BATCH00365,Maize,East,Kharif,290,10.37,20.64,1.5,0.5,6,C,5.21,Farm,77.58,Low,7.63,10.88,"₹ 2,212.70","₹ 3,155.20",₹ 942.50,29.87%,15.11
BATCH00366,Rice,South,Kharif,562.55,14.28,38.8,0.6,0.4,23,B,0.62,Transit,64.03,High,3.21,14.62,"₹ 1,805.79","₹ 8,224.48","₹ 6,418.70",78.04%,3.49
BATCH00367,Rice,North,Kharif,588.52,16.3,37.84,0.5,1,8,A,9.53,Farm,99.32,Medium,9.01,6.04,"₹ 5,302.57","₹ 3,554.66","-₹ 1,747.90",-49.17%,56.09
BATCH00368,Maize,North,Rabi,440.76,12.16,30.71,1.8,1.7,2,A,8.07,Farm,95.29,Medium,8.13,6.22,"₹ 3,583.38","₹ 2,741.53",-₹ 841.85,-30.71%,35.57
BATCH00369,Maize,South,Rabi,512.35,10.58,30.87,0.2,2.8,15,A,2.32,Farm,96.42,Low,5.65,12.02,"₹ 2,894.78","₹ 6,158.45","₹ 3,263.67",53.00%,11.89
BATCH00370,Barley,West,Rabi,695.42,16.67,33.08,0.1,1.6,23,B,3.23,Transit,59.24,Medium,5.3,11.67,"₹ 3,685.73","₹ 8,115.55","₹ 4,429.83",54.58%,22.46
BATCH00371,Barley,West,Rabi,449.43,14.69,27.74,0.9,0.6,22,B,9.84,Warehouse,92.08,High,6.36,7.51,"₹ 2,858.37","₹ 3,375.22",₹ 516.84,15.31%,44.22
BATCH00372,Rice,West,Rabi,394.11,12.48,32.94,2.6,1,9,C,4.05,Warehouse,76.77,Medium,9.07,13.13,"₹ 3,574.58","₹ 5,174.66","₹ 1,600.09",30.92%,15.96
BATCH00373,Barley,West,Kharif,648.17,12.88,20.9,1.6,1.9,15,B,7.95,Warehouse,85.39,Low,4.76,6.29,"₹ 3,085.29","₹ 4,076.99",₹ 991.70,24.32%,51.53
BATCH00374,Wheat,South,Kharif,696.26,10.04,21.08,1.1,0.7,8,A,4.74,Warehouse,60.88,Medium,3.71,14.26,"₹ 2,583.12","₹ 9,928.67","₹ 7,345.54",73.98%,33.00
BATCH00375,Barley,West,Kharif,500.37,14.27,29.14,1.7,0.2,16,C,8.71,Farm,85.6,Low,9.05,7.01,"₹ 4,528.35","₹ 3,507.59","-₹ 1,020.75",-29.10%,43.58
BATCH00376,Barley,East,Kharif,601.15,11.59,30.99,0.9,0.2,27,B,7.19,Transit,95.71,Low,3.18,5.81,"₹ 1,911.66","₹ 3,492.68","₹ 1,581.02",45.27%,43.22
BATCH00377,Wheat,West,Rabi,634.15,17.96,37.76,5.5,0,14,C,0.72,Farm,63.37,High,9.38,8.4,"₹ 5,948.33","₹ 5,326.86",-₹ 621.47,-11.67%,4.57
BATCH00378,Rice,North,Kharif,425.75,12.8,22.09,0.1,1.3,15,C,3.3,Transit,61.67,Medium,5.14,6.88,"₹ 2,188.36","₹ 2,929.16",₹ 740.81,25.29%,14.05
BATCH00379,Wheat,West,Kharif,451.47,12.86,36.45,2.2,0.1,20,C,5.8,Farm,55.22,High,6.56,10.27,"₹ 2,961.64","₹ 4,636.60","₹ 1,674.95",36.12%,26.19
BATCH00380,Barley,South,Rabi,623.09,13.66,24.2,4.4,0.3,13,A,9.3,Warehouse,63.34,High,3.93,11.87,"₹ 2,448.74","₹ 7,396.08","₹ 4,947.33",66.89%,57.95
BATCH00381,Rice,North,Kharif,668.5,17.17,27.88,3.3,0.4,9,A,1.47,Warehouse,76.79,Medium,9.32,9.91,"₹ 6,230.42","₹ 6,624.84",₹ 394.42,5.95%,9.83
BATCH00382,Barley,South,Kharif,556.29,16.01,26.33,0.4,0.8,1,B,6.21,Transit,91.64,High,8.25,11.61,"₹ 4,589.39","₹ 6,458.53","₹ 1,869.13",28.94%,34.55
BATCH00383,Wheat,South,Rabi,412.02,12.51,28,0.7,0.5,27,A,3.37,Farm,63.94,High,9.47,8.65,"₹ 3,901.83","₹ 3,563.97",-₹ 337.86,-9.48%,13.89
BATCH00384,Wheat,North,Kharif,698.71,15.19,23.01,2.5,1.1,6,C,8.95,Warehouse,81.06,Low,7.78,5.28,"₹ 5,435.96","₹ 3,689.19","-₹ 1,746.78",-47.35%,62.53
BATCH00385,Barley,South,Kharif,446.9,13.86,30.07,0.2,0.1,8,C,7.77,Transit,73.98,High,4.29,14.74,"₹ 1,917.20","₹ 6,587.31","₹ 4,670.11",70.90%,34.72
BATCH00386,Maize,South,Kharif,466.49,12.92,36.03,3.3,0.1,27,A,4.01,Farm,64.43,Medium,5.16,13.19,"₹ 2,407.09","₹ 6,153.00","₹ 3,745.91",60.88%,18.71
BATCH00387,Maize,West,Kharif,534.23,9.92,28.83,2.5,0.7,27,C,2.09,Transit,75.52,Low,6.41,5.73,"₹ 3,424.41","₹ 3,061.14",-₹ 363.28,-11.87%,11.17
BATCH00388,Wheat,East,Kharif,655.42,12.64,29.81,2.6,0.4,20,A,0.61,Farm,58.4,High,7.25,9.49,"₹ 4,751.80","₹ 6,219.94","₹ 1,468.14",23.60%,4.00
BATCH00389,Wheat,South,Rabi,585.4,10.46,36.98,0.2,0.4,18,C,6.4,Farm,81.98,High,9.49,11.35,"₹ 5,555.45","₹ 6,644.29","₹ 1,088.84",16.39%,37.47
BATCH00390,Maize,South,Rabi,541.49,17.15,34.12,2.5,0.1,27,B,4.36,Farm,55.78,Medium,5.69,6.91,"₹ 3,081.08","₹ 3,741.70",₹ 660.62,17.66%,23.61
BATCH00391,Maize,South,Rabi,546.33,11.35,29.81,2.3,2.3,18,B,3.49,Transit,86.55,High,7.92,10.78,"₹ 4,326.93","₹ 5,889.44","₹ 1,562.50",26.53%,19.07
BATCH00392,Barley,West,Rabi,504.35,17.52,25.15,3.6,1.2,26,A,9.86,Transit,58.89,Medium,9.73,10.34,"₹ 4,907.33","₹ 5,214.98",₹ 307.65,5.90%,49.73
BATCH00393,Barley,East,Rabi,555.81,13.33,37.7,0.1,0.1,17,A,4.93,Farm,99.91,High,4.07,7.08,"₹ 2,262.15","₹ 3,935.13","₹ 1,672.99",42.51%,27.40
BATCH00394,Maize,North,Rabi,247.04,14.32,31.54,0,0.1,21,A,7.62,Warehouse,91.18,High,9.04,6.41,"₹ 2,233.24","₹ 1,583.53",-₹ 649.72,-41.03%,18.82
BATCH00395,Barley,West,Kharif,470.34,13.43,24.42,0.9,3.7,16,A,2.19,Farm,67.19,Medium,5.94,12.59,"₹ 2,793.82","₹ 5,921.58","₹ 3,127.76",52.82%,10.30
BATCH00396,Barley,West,Rabi,524.13,9.29,25.38,0.3,1.1,13,A,0.63,Transit,71.31,Low,8.13,8.23,"₹ 4,261.18","₹ 4,313.59",₹ 52.41,1.22%,3.30
BATCH00397,Rice,East,Rabi,384.9,11.76,36.06,1.6,0.5,22,C,4.47,Farm,62.96,Medium,5.05,7.44,"₹ 1,943.75","₹ 2,863.66",₹ 919.91,32.12%,17.21
BATCH00398,Barley,East,Kharif,538.63,8.99,20.88,5,1.2,4,B,6.82,Transit,88.36,Low,5.34,12.38,"₹ 2,876.28","₹ 6,668.24","₹ 3,791.96",56.87%,36.73
BATCH00399,Wheat,West,Kharif,479.55,14.23,39.84,1,1.4,4,C,5.31,Farm,69.04,Low,3.19,12.36,"₹ 1,529.76","₹ 5,927.24","₹ 4,397.47",74.19%,25.46
BATCH00400,Barley,North,Rabi,675.55,12.47,22.61,3.7,1.5,21,B,8.96,Farm,87.76,Medium,9.8,7.76,"₹ 6,620.39","₹ 5,242.27","-₹ 1,378.12",-26.29%,60.53
BATCH00401,Barley,West,Kharif,657.3,15.78,35.92,0,0.6,14,C,4.62,Warehouse,50.92,Medium,8.69,13.73,"₹ 5,711.94","₹ 9,024.73","₹ 3,312.79",36.71%,30.37
BATCH00402,Maize,East,Rabi,453.42,10.2,27.9,0.4,0.6,5,C,3.45,Warehouse,56.78,High,3.66,11.88,"₹ 1,659.52","₹ 5,386.63","₹ 3,727.11",69.19%,15.64
BATCH00403,Wheat,North,Kharif,484.92,9.65,29.84,0.1,0,16,C,9.2,Transit,68.25,High,10,8.46,"₹ 4,849.20","₹ 4,102.42",-₹ 746.78,-18.20%,44.61
BATCH00404,Barley,East,Rabi,492.61,12.06,37.61,0.8,2.6,14,A,4.36,Farm,55.45,Low,7.24,9.27,"₹ 3,566.50","₹ 4,566.49","₹ 1,000.00",21.90%,21.48
BATCH00405,Barley,North,Kharif,454.83,17.27,28.26,4.8,0.9,14,B,3.06,Transit,80.06,High,8.98,12.27,"₹ 4,084.37","₹ 5,580.76","₹ 1,496.39",26.81%,13.92
BATCH00406,Rice,South,Kharif,519.5,15.1,30.75,0.2,0.2,14,A,1.43,Farm,52.54,Medium,3.47,7.12,"₹ 1,802.67","₹ 3,698.84","₹ 1,896.18",51.26%,7.43
BATCH00407,Barley,East,Rabi,424.17,12.19,20.99,1.9,2.5,25,A,8.04,Farm,92.99,Low,5.73,9.69,"₹ 2,430.49","₹ 4,110.21","₹ 1,679.71",40.87%,34.10
BATCH00408,Barley,East,Rabi,386.94,13.17,20.05,1.2,2.5,24,C,8.34,Farm,88.07,High,7.69,11.54,"₹ 2,975.57","₹ 4,465.29","₹ 1,489.72",33.36%,32.27
BATCH00409,Rice,West,Rabi,562.27,8.84,24.9,5.6,4.5,25,B,0.82,Warehouse,60.81,High,3.75,10.39,"₹ 2,108.51","₹ 5,841.99","₹ 3,733.47",63.91%,4.61
BATCH00410,Maize,East,Rabi,562.95,17.85,33.61,0.3,2.1,29,B,3.91,Transit,74.19,Medium,6.42,11.08,"₹ 3,614.14","₹ 6,237.49","₹ 2,623.35",42.06%,22.01
BATCH00411,Barley,East,Rabi,419.57,14.66,22.43,0.5,6.1,14,B,7.62,Farm,72.59,Medium,6.1,10.46,"₹ 2,559.38","₹ 4,388.70","₹ 1,829.33",41.68%,31.97
BATCH00412,Rice,South,Kharif,589.54,10.85,22.28,0.1,0.3,19,B,9.49,Farm,86.24,High,4.51,6.99,"₹ 2,658.83","₹ 4,120.88","₹ 1,462.06",35.48%,55.95
BATCH00413,Wheat,East,Rabi,436.84,13.86,28.22,1.1,1.8,3,A,4.09,Transit,70.08,Low,5.1,9.1,"₹ 2,227.88","₹ 3,975.24","₹ 1,747.36",43.96%,17.87
BATCH00414,Maize,South,Rabi,525.32,9.09,32.96,0.7,1.7,17,A,8.78,Transit,51.65,Low,9.77,10.32,"₹ 5,132.38","₹ 5,421.30",₹ 288.93,5.33%,46.12
BATCH00415,Wheat,South,Kharif,582.03,17.66,34.24,4.1,0.3,14,B,4.24,Farm,63.69,Medium,5.02,12.8,"₹ 2,921.79","₹ 7,449.98","₹ 4,528.19",60.78%,24.68
BATCH00416,Wheat,South,Kharif,496.64,9.75,23.57,1.9,0.1,10,A,2.21,Warehouse,73.31,Medium,4.49,11.54,"₹ 2,229.91","₹ 5,731.23","₹ 3,501.31",61.09%,10.98
BATCH00417,Rice,South,Rabi,545.47,14.48,21.59,1.9,3.9,13,B,0.53,Warehouse,98.72,Medium,6.75,9.27,"₹ 3,681.92","₹ 5,056.51","₹ 1,374.58",27.18%,2.89
BATCH00418,Barley,North,Kharif,448.36,10.45,38.81,1.5,0.4,22,A,3.64,Farm,94.06,High,7.7,14.74,"₹ 3,452.37","₹ 6,608.83","₹ 3,156.45",47.76%,16.32
BATCH00419,Rice,West,Kharif,480.35,15.18,25.21,0.2,2,4,C,4.1,Warehouse,59.07,High,8.08,6.08,"₹ 3,881.23","₹ 2,920.53",-₹ 960.70,-32.89%,19.69
BATCH00420,Rice,North,Rabi,479.41,15.77,37.07,1.2,0,11,C,9.48,Transit,86.16,Medium,8.28,7.07,"₹ 3,969.51","₹ 3,389.43",-₹ 580.09,-17.11%,45.45
BATCH00421,Rice,East,Kharif,425.34,14.73,37.27,15.2,0,15,B,2.46,Warehouse,96.84,Low,3.26,8.41,"₹ 1,386.61","₹ 3,577.11","₹ 2,190.50",61.24%,10.46
BATCH00422,Rice,North,Kharif,482.32,14.14,35.45,3.6,0.6,15,B,4.13,Transit,50.44,Medium,5.76,7.29,"₹ 2,778.16","₹ 3,516.11",₹ 737.95,20.99%,19.92
BATCH00423,Maize,North,Rabi,345.14,16.92,23.38,4.5,0.3,24,A,0.74,Transit,86.05,Medium,8.42,11.25,"₹ 2,906.08","₹ 3,882.83",₹ 976.75,25.16%,2.55
BATCH00424,Barley,East,Rabi,450.88,8.79,36.44,3.5,1.2,2,B,7.75,Transit,72.97,Low,9.33,5.4,"₹ 4,206.71","₹ 2,434.75","-₹ 1,771.96",-72.78%,34.94
BATCH00425,Wheat,East,Kharif,471.51,11.31,35.39,0.2,0.8,11,B,9.19,Transit,84.01,Low,7.22,6.77,"₹ 3,404.30","₹ 3,192.12",-₹ 212.18,-6.65%,43.33
BATCH00426,Wheat,East,Kharif,474.38,10.48,31.93,0.5,0.1,2,A,2.76,Warehouse,80.28,Low,3.37,7.93,"₹ 1,598.66","₹ 3,761.83","₹ 2,163.17",57.50%,13.09
BATCH00427,Barley,North,Rabi,475.85,17.88,26.74,0,0.2,23,B,4.58,Transit,99.23,Low,5.78,11.83,"₹ 2,750.41","₹ 5,629.31","₹ 2,878.89",51.14%,21.79
BATCH00428,Wheat,North,Kharif,493.82,11.89,25.25,0.7,0.5,29,B,1.66,Farm,64.44,High,3.52,13.76,"₹ 1,738.25","₹ 6,794.96","₹ 5,056.72",74.42%,8.20
BATCH00429,Barley,East,Kharif,547.94,15.33,22.44,0.2,0.2,5,C,4.84,Transit,89.31,High,8.24,12.98,"₹ 4,515.03","₹ 7,112.26","₹ 2,597.24",36.52%,26.52
BATCH00430,Wheat,West,Kharif,587.45,14.85,30.2,1.3,1.6,13,C,1.77,Farm,61.73,Medium,3.44,6.82,"₹ 2,020.83","₹ 4,006.41","₹ 1,985.58",49.56%,10.40
BATCH00431,Rice,West,Rabi,435.02,10.12,31.71,2.3,0.5,1,C,5.47,Transit,71.78,High,4.3,10.65,"₹ 1,870.59","₹ 4,632.96","₹ 2,762.38",59.62%,23.80
BATCH00432,Wheat,South,Kharif,379.68,10.39,27.19,4.2,0.1,7,B,7.48,Transit,98.77,Medium,5.92,5.3,"₹ 2,247.71","₹ 2,012.30",-₹ 235.40,-11.70%,28.40
BATCH00433,Barley,East,Kharif,395.8,10.81,29.51,2.8,0.7,7,A,5.76,Warehouse,88.31,Medium,6.24,8.11,"₹ 2,469.79","₹ 3,209.94",₹ 740.15,23.06%,22.80
BATCH00434,Barley,South,Rabi,451.28,12.11,27.27,5.6,0.1,10,C,2.83,Transit,65.79,Low,5.85,13.06,"₹ 2,639.99","₹ 5,893.72","₹ 3,253.73",55.21%,12.77
BATCH00435,Barley,West,Kharif,464.81,10.34,32.82,0.1,0.1,6,B,3.86,Transit,80.97,Low,6.24,9.57,"₹ 2,900.41","₹ 4,448.23","₹ 1,547.82",34.80%,17.94
BATCH00436,Barley,South,Kharif,423,8.2,38.03,0,0.3,20,C,6.57,Warehouse,52.48,High,7.99,6.5,"₹ 3,379.77","₹ 2,749.50",-₹ 630.27,-22.92%,27.79
BATCH00437,Barley,East,Rabi,370.39,16.79,23.28,2.2,2,12,A,6.1,Warehouse,63.32,High,5.58,9.39,"₹ 2,066.78","₹ 3,477.96","₹ 1,411.19",40.58%,22.59
BATCH00438,Maize,East,Rabi,454.39,17.66,27.63,0.7,2.6,13,A,1.8,Farm,85.92,High,6.83,6.98,"₹ 3,103.48","₹ 3,171.64",₹ 68.16,2.15%,8.18
BATCH00439,Maize,East,Rabi,518.14,11.42,22.82,0.6,1.8,24,A,8.53,Warehouse,78.5,High,5.12,8.93,"₹ 2,652.88","₹ 4,626.99","₹ 1,974.11",42.67%,44.20
BATCH00440,Wheat,North,Rabi,559.5,11.39,32.5,0.8,0.4,28,A,5.01,Farm,73.48,Low,5.48,9.88,"₹ 3,066.06","₹ 5,527.86","₹ 2,461.80",44.53%,28.03
BATCH00441,Barley,South,Kharif,444.26,8.07,34.58,0.6,0.3,11,A,2.04,Transit,84.54,Low,7.3,8.5,"₹ 3,243.10","₹ 3,776.21",₹ 533.11,14.12%,9.06
BATCH00442,Wheat,West,Kharif,458.7,14.8,38.64,1.4,0.8,18,A,1.67,Farm,69.92,High,6.43,14.37,"₹ 2,949.44","₹ 6,591.52","₹ 3,642.08",55.25%,7.66
BATCH00443,Barley,West,Rabi,407.33,16.25,25.58,1.2,1.3,2,B,9.67,Warehouse,51.31,Medium,8.06,10.63,"₹ 3,283.08","₹ 4,329.92","₹ 1,046.84",24.18%,39.39
BATCH00444,Barley,West,Rabi,496.86,9.47,39,1.4,5,16,C,3.17,Transit,72.05,Low,6.92,13.43,"₹ 3,438.27","₹ 6,672.83","₹ 3,234.56",48.47%,15.75
BATCH00445,Maize,North,Kharif,415.16,9.6,21.27,2.2,0.1,2,A,9.13,Farm,95.11,Low,8.63,12.61,"₹ 3,582.83","₹ 5,235.17","₹ 1,652.34",31.56%,37.90
BATCH00446,Maize,North,Rabi,557.31,15.9,32.06,1,0.1,19,C,4.4,Farm,92.83,Low,6.1,11.61,"₹ 3,399.59","₹ 6,470.37","₹ 3,070.78",47.46%,24.52
BATCH00447,Rice,East,Kharif,321.41,14.16,21.14,0.6,1.2,6,C,4.17,Farm,70.45,Low,6.44,9.97,"₹ 2,069.88","₹ 3,204.46","₹ 1,134.58",35.41%,13.40
BATCH00448,Maize,West,Rabi,464.04,8.45,37.88,0.4,1.8,1,B,7.16,Transit,51.11,High,7.69,5.02,"₹ 3,568.47","₹ 2,329.48","-₹ 1,238.99",-53.19%,33.23
BATCH00449,Rice,North,Kharif,530.11,14.23,30.6,0.9,1.9,11,A,0.59,Farm,81.82,High,4.55,11.13,"₹ 2,412.00","₹ 5,900.12","₹ 3,488.12",59.12%,3.13
BATCH00450,Rice,East,Rabi,518.38,11.09,33.39,2.7,1.1,18,A,3.71,Farm,87.06,Medium,5.7,8.56,"₹ 2,954.77","₹ 4,437.33","₹ 1,482.57",33.41%,19.23
BATCH00451,Rice,West,Rabi,769.3,11.69,36.63,2.8,3.1,10,B,3.38,Warehouse,64.71,Low,7.37,6.18,"₹ 5,669.74","₹ 4,754.27",-₹ 915.47,-19.26%,26.00
BATCH00452,Rice,South,Kharif,534.98,15.7,23.01,2.2,0.7,18,B,8.75,Farm,73.83,High,3.2,9.45,"₹ 1,711.94","₹ 5,055.56","₹ 3,343.63",66.14%,46.81
BATCH00453,Rice,East,Rabi,399.59,16.11,20.77,0.5,2.5,28,B,5.53,Transit,99.59,High,6.06,12.36,"₹ 2,421.52","₹ 4,938.93","₹ 2,517.42",50.97%,22.10
BATCH00454,Wheat,North,Kharif,490.45,12,37.58,1.8,3.4,1,B,3.96,Warehouse,78.82,Low,7.19,14.62,"₹ 3,526.34","₹ 7,170.38","₹ 3,644.04",50.82%,19.42
BATCH00455,Maize,North,Kharif,322.38,17.47,26.3,1.7,1.9,19,B,3.03,Transit,67.55,High,9.77,8.74,"₹ 3,149.65","₹ 2,817.60",-₹ 332.05,-11.78%,9.77
BATCH00456,Rice,East,Kharif,491.94,12.06,22.58,1.3,0.4,16,C,6.11,Warehouse,81.37,High,9.14,10.43,"₹ 4,496.33","₹ 5,130.93",₹ 634.60,12.37%,30.06
BATCH00457,Barley,East,Kharif,416.69,15.72,29.37,1.6,0.2,26,B,1.94,Warehouse,59,High,4.97,13.51,"₹ 2,070.95","₹ 5,629.48","₹ 3,558.53",63.21%,8.08
BATCH00458,Maize,North,Kharif,591.54,12.84,31.97,1.4,0.8,7,A,2.84,Farm,59.96,Medium,6.55,8.34,"₹ 3,874.59","₹ 4,933.44","₹ 1,058.86",21.46%,16.80
BATCH00459,Maize,South,Rabi,445.05,16.98,20.62,1.7,0.6,15,A,3.29,Transit,96.25,High,3.39,6.42,"₹ 1,508.72","₹ 2,857.22","₹ 1,348.50",47.20%,14.64
BATCH00460,Rice,West,Rabi,488.32,17.08,25.5,2.5,2.1,29,B,6.28,Farm,61.96,Low,4.69,7.82,"₹ 2,290.22","₹ 3,818.66","₹ 1,528.44",40.03%,30.67
BATCH00461,Wheat,South,Kharif,436.44,8.87,20.66,0.2,0.1,1,B,4.05,Warehouse,65.54,Low,8.42,13.99,"₹ 3,674.82","₹ 6,105.80","₹ 2,430.97",39.81%,17.68
BATCH00462,Rice,East,Rabi,673.89,17.36,28.41,2.8,0.3,23,B,5.3,Farm,77.19,Low,3.86,6.59,"₹ 2,601.22","₹ 4,440.94","₹ 1,839.72",41.43%,35.72
BATCH00463,Wheat,South,Kharif,467.88,16.26,37.9,0.3,1.4,21,B,6.68,Warehouse,94.98,High,4.8,8.29,"₹ 2,245.82","₹ 3,878.73","₹ 1,632.90",42.10%,31.25
BATCH00464,Barley,North,Rabi,683.26,15.91,39.65,0.1,0.1,9,B,9.58,Warehouse,89.07,Medium,9.61,9.65,"₹ 6,566.13","₹ 6,593.46",₹ 27.33,0.41%,65.46
BATCH00465,Maize,East,Rabi,581.42,10.01,32.74,7.5,0.4,2,A,7.77,Transit,52.19,High,8.77,13.47,"₹ 5,099.05","₹ 7,831.73","₹ 2,732.67",34.89%,45.18
BATCH00466,Barley,West,Rabi,548.21,16.05,23.23,6.3,0.5,17,C,4.35,Transit,84.65,Low,8.47,14.38,"₹ 4,643.34","₹ 7,883.26","₹ 3,239.92",41.10%,23.85
BATCH00467,Wheat,North,Rabi,536.87,16.5,38.12,0.1,1,25,B,7.61,Transit,75.2,Medium,9.05,9.26,"₹ 4,858.67","₹ 4,971.42",₹ 112.74,2.27%,40.86
BATCH00468,Wheat,North,Kharif,539.38,10.89,30.32,1.2,0.2,24,B,9.52,Transit,73.78,Medium,8.25,14.32,"₹ 4,449.89","₹ 7,723.92","₹ 3,274.04",42.39%,51.35
BATCH00469,Barley,West,Kharif,307.23,17.52,23.07,0.4,2,10,B,5.24,Farm,84.58,High,3.84,6.61,"₹ 1,179.76","₹ 2,030.79",₹ 851.03,41.91%,16.10
BATCH00470,Wheat,West,Rabi,472.11,8.5,38.43,1.3,0.6,6,A,4.4,Transit,59.81,Low,6.62,6.57,"₹ 3,125.37","₹ 3,101.76",-₹ 23.61,-0.76%,20.77
BATCH00471,Barley,South,Rabi,584.52,9.5,35.15,3.5,2.5,5,A,1.24,Transit,99.07,High,6.11,14.49,"₹ 3,571.42","₹ 8,469.69","₹ 4,898.28",57.83%,7.25
BATCH00472,Maize,East,Kharif,495.11,13.38,34.63,6,0.6,8,C,8.98,Transit,82.27,Low,5.18,10.1,"₹ 2,564.67","₹ 5,000.61","₹ 2,435.94",48.71%,44.46
BATCH00473,Barley,West,Rabi,359.48,13.76,34.18,2,0.3,8,C,2.84,Warehouse,68.28,Medium,8.84,6.86,"₹ 3,177.80","₹ 2,466.03",-₹ 711.77,-28.86%,10.21
BATCH00474,Maize,West,Kharif,494.76,14.45,24.01,0.9,0.2,5,C,1.11,Warehouse,80.01,High,6.25,9.88,"₹ 3,092.25","₹ 4,888.23","₹ 1,795.98",36.74%,5.49
BATCH00475,Barley,East,Kharif,670.41,8.17,24.22,1.8,0,12,C,5.6,Transit,60.82,Medium,3.42,12.83,"₹ 2,292.80","₹ 8,601.36","₹ 6,308.56",73.34%,37.54
BATCH00476,Wheat,West,Kharif,624.69,17.6,33.77,0.7,0.8,7,A,8.54,Warehouse,81.69,Low,4.92,13.27,"₹ 3,073.47","₹ 8,289.64","₹ 5,216.16",62.92%,53.35
BATCH00477,Barley,West,Rabi,493.8,8.45,24.39,4.8,0.1,13,C,4.36,Warehouse,51.41,Medium,4.6,13.64,"₹ 2,271.48","₹ 6,735.43","₹ 4,463.95",66.28%,21.53
BATCH00478,Wheat,South,Kharif,595.14,9.43,28.77,4.1,0.5,13,B,7.94,Farm,67.06,Medium,9.21,10.7,"₹ 5,481.24","₹ 6,368.00",₹ 886.76,13.93%,47.25
BATCH00479,Barley,North,Rabi,463.35,8.14,35.64,1.6,0.9,17,A,8.45,Warehouse,87.38,Medium,7.53,13.67,"₹ 3,489.03","₹ 6,333.99","₹ 2,844.97",44.92%,39.15
BATCH00480,Barley,North,Kharif,329.61,13.67,35.68,0.8,0.3,4,A,4.82,Farm,90.4,High,6.92,10.1,"₹ 2,280.90","₹ 3,329.06","₹ 1,048.16",31.49%,15.89
BATCH00481,Rice,North,Rabi,407.55,17.32,29.07,0.7,0.2,18,A,6.11,Warehouse,62.65,Low,6.55,11.07,"₹ 2,669.45","₹ 4,511.58","₹ 1,842.13",40.83%,24.90
BATCH00482,Wheat,North,Rabi,656.29,14.66,35.84,0.1,1.5,10,B,5.57,Transit,76.97,Medium,7.55,12.59,"₹ 4,954.99","₹ 8,262.69","₹ 3,307.70",40.03%,36.56
BATCH00483,Rice,West,Rabi,472.6,16.23,36.77,3.4,2.9,3,A,9.42,Warehouse,76.42,Medium,8.28,9.25,"₹ 3,913.13","₹ 4,371.55",₹ 458.42,10.49%,44.52
BATCH00484,Wheat,East,Kharif,475.66,8.13,33.1,1.2,0.1,12,B,7.39,Warehouse,71.07,Medium,6.88,5.74,"₹ 3,272.54","₹ 2,730.29",-₹ 542.25,-19.86%,35.15
BATCH00485,Rice,East,Kharif,470.02,13.42,24.57,0.8,0.2,1,C,9.29,Farm,61.42,Medium,9.57,8.5,"₹ 4,498.09","₹ 3,995.17",-₹ 502.92,-12.59%,43.66
BATCH00486,Maize,South,Rabi,690.41,12.6,25.48,1.3,3.2,27,A,2.59,Transit,85.16,Low,9.84,11.24,"₹ 6,793.63","₹ 7,760.21",₹ 966.57,12.46%,17.88
BATCH00487,Barley,South,Rabi,662.6,12.99,26.3,3.4,0,11,B,3.45,Farm,62.62,Low,9.97,6.92,"₹ 6,606.12","₹ 4,585.19","-₹ 2,020.93",-44.08%,22.86
BATCH00488,Wheat,West,Rabi,721.88,8.72,22.34,0.3,3.8,18,A,1.17,Transit,95.55,High,7.69,6.48,"₹ 5,551.26","₹ 4,677.78",-₹ 873.47,-18.67%,8.45
BATCH00489,Wheat,East,Kharif,484.1,14.84,25.46,3.9,0,13,C,5.25,Transit,76.43,Low,9.53,7.93,"₹ 4,613.47","₹ 3,838.91",-₹ 774.56,-20.18%,25.42
BATCH00490,Barley,East,Kharif,529.56,13.03,24.19,4.6,2.1,17,A,8.8,Farm,93.52,Low,5.83,5.32,"₹ 3,087.33","₹ 2,817.26",-₹ 270.08,-9.59%,46.60
BATCH00491,Wheat,North,Kharif,348.34,15.65,29.11,5.9,0.4,8,C,3.61,Warehouse,64.54,Medium,9.02,12.43,"₹ 3,142.03","₹ 4,329.87","₹ 1,187.84",27.43%,12.58
BATCH00492,Wheat,West,Kharif,647.69,12.85,38.17,1,2.8,20,A,1.72,Transit,90.35,High,9.36,7.59,"₹ 6,062.38","₹ 4,915.97","-₹ 1,146.41",-23.32%,11.14
BATCH00493,Rice,West,Rabi,383.22,9.49,22.09,0.5,0.4,19,B,1.15,Warehouse,55.68,High,9.33,6.24,"₹ 3,575.44","₹ 2,391.29","-₹ 1,184.15",-49.52%,4.41
BATCH00494,Wheat,North,Rabi,521.68,14.48,34.41,0.9,1.1,17,C,4.75,Farm,88.34,Medium,8.82,11.99,"₹ 4,601.22","₹ 6,254.94","₹ 1,653.73",26.44%,24.78
BATCH00495,Maize,West,Kharif,390.27,9.72,33.75,0.8,0.1,2,A,2.06,Farm,69.35,High,5.85,13.43,"₹ 2,283.08","₹ 5,241.33","₹ 2,958.25",56.44%,8.04
BATCH00496,Maize,West,Kharif,441.11,16.72,21.92,0.4,0.3,3,C,3.79,Farm,73.5,Low,4.11,5.2,"₹ 1,812.96","₹ 2,293.77",₹ 480.81,20.96%,16.72
BATCH00497,Barley,South,Rabi,416.27,14.13,38.45,1.9,1.5,3,C,8.29,Farm,58.34,High,5.34,7.34,"₹ 2,222.88","₹ 3,055.42",₹ 832.54,27.25%,34.51
BATCH00498,Wheat,East,Kharif,439.21,9.57,31.37,1.3,0.8,6,B,4.15,Transit,50.93,Medium,8.37,14.45,"₹ 3,676.19","₹ 6,346.58","₹ 2,670.40",42.08%,18.23
BATCH00499,Barley,West,Kharif,446.09,17.62,27.27,4,2.6,10,B,6.29,Farm,83.31,High,4.63,8.85,"₹ 2,065.40","₹ 3,947.90","₹ 1,882.50",47.68%,28.06
BATCH00500,Maize,South,Kharif,445.17,13.18,35.13,0.1,0.6,24,B,5.27,Warehouse,79.39,High,6.35,14.39,"₹ 2,826.83","₹ 6,406.00","₹ 3,579.17",55.87%,23.46
BATCH00501,Wheat,East,Kharif,583.33,8.73,25.15,2.1,2,22,B,7.33,Warehouse,81.12,High,6.96,7.74,"₹ 4,059.98","₹ 4,514.97",₹ 455.00,10.08%,42.76
BATCH00502,Wheat,North,Kharif,389.51,14.27,33.87,2.9,0.6,18,C,1.98,Transit,62.75,Medium,7.23,7.18,"₹ 2,816.16","₹ 2,796.68",-₹ 19.48,-0.70%,7.71
BATCH00503,Barley,South,Kharif,522.05,10.53,20.79,2.8,3.9,18,C,9.24,Farm,61.96,Low,9.55,7.14,"₹ 4,985.58","₹ 3,727.44","-₹ 1,258.14",-33.75%,48.24
BATCH00504,Maize,South,Rabi,621.8,16.04,36.79,4.3,3.2,14,A,6.61,Transit,91.51,High,7.63,5.85,"₹ 4,744.33","₹ 3,637.53","-₹ 1,106.80",-30.43%,41.10
BATCH00505,Wheat,East,Kharif,448.68,16.18,28.96,2.6,0.4,16,A,3.07,Transit,88.06,Low,8.5,13.96,"₹ 3,813.78","₹ 6,263.57","₹ 2,449.79",39.11%,13.77
BATCH00506,Barley,North,Kharif,428.21,17.79,32.73,5.3,2.2,7,A,1.67,Transit,66.84,Low,7.07,14.8,"₹ 3,027.44","₹ 6,337.51","₹ 3,310.06",52.23%,7.15
BATCH00507,Maize,South,Rabi,476.95,13.02,24.42,0.8,1.9,1,B,1.92,Farm,81.89,Low,8.84,14.55,"₹ 4,216.24","₹ 6,939.62","₹ 2,723.38",39.24%,9.16
BATCH00508,Barley,West,Rabi,617.97,12.55,33.54,1.4,0.2,17,C,7.94,Warehouse,91.41,High,4.85,13.52,"₹ 2,997.15","₹ 8,354.95","₹ 5,357.80",64.13%,49.07
BATCH00509,Rice,West,Rabi,519.41,15.53,35.44,0,1,23,C,6.09,Warehouse,94.44,Low,4.47,13.47,"₹ 2,321.76","₹ 6,996.45","₹ 4,674.69",66.82%,31.63
BATCH00510,Wheat,West,Kharif,446.88,9.32,29.46,0,0.1,25,A,4.12,Transit,50.29,High,9.48,11.61,"₹ 4,236.42","₹ 5,188.28",₹ 951.85,18.35%,18.41
BATCH00511,Rice,North,Rabi,548.39,13.47,32.35,0.5,1.8,5,A,3.66,Transit,90.67,High,7.85,13.26,"₹ 4,304.86","₹ 7,271.65","₹ 2,966.79",40.80%,20.07
BATCH00512,Maize,South,Kharif,389.77,13.46,29.13,0.2,0.2,27,C,8.63,Warehouse,67.52,High,7.7,7.08,"₹ 3,001.23","₹ 2,759.57",-₹ 241.66,-8.76%,33.64
BATCH00513,Rice,West,Kharif,568.14,8.89,37.88,0.6,0.1,1,B,8.81,Warehouse,85.92,Low,6.27,8.88,"₹ 3,562.24","₹ 5,045.08","₹ 1,482.85",29.39%,50.05
BATCH00514,Rice,North,Kharif,540.86,12.18,29.96,0.4,0.5,21,A,6.02,Farm,68.57,High,5.64,11.41,"₹ 3,050.45","₹ 6,171.21","₹ 3,120.76",50.57%,32.56
BATCH00515,Maize,West,Rabi,469.22,16.53,36.84,0.1,0.9,27,A,5.48,Transit,80.31,Medium,6.89,13.75,"₹ 3,232.93","₹ 6,451.78","₹ 3,218.85",49.89%,25.71
BATCH00516,Barley,East,Rabi,416.14,16.56,36.03,4.8,1.9,17,C,8.26,Farm,82.34,Medium,3.84,11.6,"₹ 1,597.98","₹ 4,827.22","₹ 3,229.25",66.90%,34.37
BATCH00517,Rice,South,Rabi,411.33,8.99,28.21,0,3.7,10,C,7.62,Warehouse,70.25,Medium,6.18,13.39,"₹ 2,542.02","₹ 5,507.71","₹ 2,965.69",53.85%,31.34
BATCH00518,Barley,South,Rabi,553.48,8.91,24.6,2.7,0.6,12,A,4.3,Warehouse,75.64,High,6.19,9.74,"₹ 3,426.04","₹ 5,390.90","₹ 1,964.85",36.45%,23.80
BATCH00519,Rice,North,Rabi,622.9,10.63,28.12,0.3,0.1,25,A,1.29,Warehouse,86.32,Medium,6.77,12.17,"₹ 4,217.03","₹ 7,580.69","₹ 3,363.66",44.37%,8.04
BATCH00520,Barley,North,Kharif,436.27,16.75,36.52,4.9,1.4,20,B,7.8,Warehouse,73.82,High,7.44,14.8,"₹ 3,245.85","₹ 6,456.80","₹ 3,210.95",49.73%,34.03
BATCH00521,Maize,South,Kharif,545.84,9.29,24.55,4.5,0.8,25,B,2.1,Farm,50.7,High,9.7,6.53,"₹ 5,294.65","₹ 3,564.34","-₹ 1,730.31",-48.55%,11.46
BATCH00522,Rice,West,Kharif,291.3,15.2,30.49,2.1,0.6,2,B,0.66,Warehouse,50.65,High,7.57,14.27,"₹ 2,205.14","₹ 4,156.85","₹ 1,951.71",46.95%,1.92
BATCH00523,Maize,West,Kharif,441.54,9.01,36.12,2.2,0.4,23,B,8.51,Transit,83.07,Low,9.19,10.22,"₹ 4,057.75","₹ 4,512.54",₹ 454.79,10.08%,37.58
BATCH00524,Rice,East,Rabi,496.89,14.23,27.07,0,0.7,16,A,5.99,Warehouse,92.36,Medium,6.89,11.43,"₹ 3,423.57","₹ 5,679.45","₹ 2,255.88",39.72%,29.76
BATCH00525,Maize,West,Rabi,409.03,11.56,32.84,8.4,0.4,15,A,8.97,Transit,89.26,High,7.39,13.78,"₹ 3,022.73","₹ 5,636.43","₹ 2,613.70",46.37%,36.69
BATCH00526,Maize,North,Kharif,406.35,15.89,24.91,4.2,1.4,28,A,5.1,Warehouse,65.52,Medium,3.49,9.1,"₹ 1,418.16","₹ 3,697.79","₹ 2,279.62",61.65%,20.72
BATCH00527,Rice,North,Rabi,433.22,10.34,22.19,4.5,0.8,13,B,9.3,Farm,73.56,Medium,3.93,9.19,"₹ 1,702.55","₹ 3,981.29","₹ 2,278.74",57.24%,40.29
BATCH00528,Rice,West,Rabi,529.22,14.39,35.89,2.2,2.1,18,A,3.86,Transit,61.71,Low,7.06,10.27,"₹ 3,736.29","₹ 5,435.09","₹ 1,698.80",31.26%,20.43
BATCH00529,Rice,North,Kharif,481.27,10.36,21.98,0.8,0.8,28,C,7.38,Farm,99.46,Medium,5.77,5.19,"₹ 2,776.93","₹ 2,497.79",-₹ 279.14,-11.18%,35.52
BATCH00530,Wheat,South,Kharif,276.18,15.14,25.43,4.5,0.3,20,B,3.36,Warehouse,63.03,High,8.59,9.97,"₹ 2,372.39","₹ 2,753.51",₹ 381.13,13.84%,9.28
BATCH00531,Barley,South,Rabi,287.93,16.74,37.1,0.7,1.9,22,C,0.51,Farm,70.81,High,6.8,7.91,"₹ 1,957.92","₹ 2,277.53",₹ 319.60,14.03%,1.47
BATCH00532,Wheat,West,Rabi,439.31,9.27,26.93,1.7,0.8,14,B,4.11,Warehouse,84.06,Medium,9.18,14.28,"₹ 4,032.87","₹ 6,273.35","₹ 2,240.48",35.71%,18.06
BATCH00533,Wheat,South,Kharif,545.77,16.67,39.46,0.2,0.2,18,A,7.51,Farm,93.8,Medium,9.81,5.88,"₹ 5,354.00","₹ 3,209.13","-₹ 2,144.88",-66.84%,40.99
BATCH00534,Maize,South,Kharif,225.25,13.94,39.59,5.1,1,2,B,1.93,Farm,52.57,Low,4.03,9.59,₹ 907.76,"₹ 2,160.15","₹ 1,252.39",57.98%,4.35
BATCH00535,Rice,East,Kharif,450.03,9.27,25.37,0.3,0.4,2,C,5.3,Transit,65.05,High,5.76,14.47,"₹ 2,592.17","₹ 6,511.93","₹ 3,919.76",60.19%,23.85
BATCH00536,Barley,East,Rabi,447.38,12.28,20.82,0.5,1.9,3,B,2.52,Warehouse,78.45,Medium,7.65,14.01,"₹ 3,422.46","₹ 6,267.79","₹ 2,845.34",45.40%,11.27
BATCH00537,Maize,South,Kharif,638.83,9.61,34.1,1.6,0.6,5,C,1.21,Farm,80.92,Medium,5.14,12.01,"₹ 3,283.59","₹ 7,672.35","₹ 4,388.76",57.20%,7.73
BATCH00538,Wheat,West,Kharif,461.5,15,29.02,2.9,1.3,25,A,6.37,Warehouse,53.5,High,4.87,10.89,"₹ 2,247.51","₹ 5,025.74","₹ 2,778.23",55.28%,29.40
BATCH00539,Rice,East,Rabi,538.3,15.59,22.02,1.9,0.1,16,C,9.54,Transit,83.2,Medium,8.7,7.81,"₹ 4,683.21","₹ 4,204.12",-₹ 479.09,-11.40%,51.35
BATCH00540,Maize,North,Rabi,514.13,9.06,34.15,0.5,0.5,22,A,3.45,Farm,76.4,Low,9.86,8.67,"₹ 5,069.32","₹ 4,457.51",-₹ 611.81,-13.73%,17.74
BATCH00541,Rice,North,Rabi,286.94,13.06,20.62,0,4.1,15,C,6.02,Warehouse,91.38,Medium,8.42,5.9,"₹ 2,416.03","₹ 1,692.95",-₹ 723.09,-42.71%,17.27
BATCH00542,Maize,North,Rabi,576.82,16.15,37.4,2.8,1.7,12,A,9.56,Farm,61.11,Medium,6.67,12.86,"₹ 3,847.39","₹ 7,417.91","₹ 3,570.52",48.13%,55.14
BATCH00543,Rice,West,Rabi,521.54,17.36,22.77,8.4,0.2,9,C,6.68,Farm,59.75,Low,6.1,8.24,"₹ 3,181.39","₹ 4,297.49","₹ 1,116.10",25.97%,34.84
BATCH00544,Wheat,South,Kharif,550.83,13.14,22.55,3.3,0.3,26,A,6.89,Farm,89.67,Low,6.78,11.68,"₹ 3,734.63","₹ 6,433.69","₹ 2,699.07",41.95%,37.95
BATCH00545,Barley,North,Kharif,892.62,17.5,23.51,1.2,0.4,14,A,2.2,Farm,85.19,Low,6.24,8.58,"₹ 5,569.95","₹ 7,658.68","₹ 2,088.73",27.27%,19.64
BATCH00546,Wheat,West,Rabi,291.59,13.36,39.21,4.7,1.1,29,A,5.18,Transit,89.58,High,6.52,9.64,"₹ 1,901.17","₹ 2,810.93",₹ 909.76,32.37%,15.10
BATCH00547,Barley,East,Rabi,672.47,11.94,33.86,1.1,1.4,21,C,3.99,Transit,89.1,Medium,4.42,10.55,"₹ 2,972.32","₹ 7,094.56","₹ 4,122.24",58.10%,26.83
BATCH00548,Rice,South,Rabi,471.26,16.48,36.03,1.5,1.4,16,C,4.97,Warehouse,55.2,Medium,9.33,13.02,"₹ 4,396.86","₹ 6,135.81","₹ 1,738.95",28.34%,23.42
BATCH00549,Maize,East,Rabi,528.73,12.93,27.95,1.3,0.7,11,A,8.11,Warehouse,63.93,Low,8.28,7.11,"₹ 4,377.88","₹ 3,759.27",-₹ 618.61,-16.46%,42.88
BATCH00550,Wheat,West,Rabi,495.45,12.72,26.73,1.2,1.7,6,B,4.88,Farm,63,High,7.77,8.99,"₹ 3,849.65","₹ 4,454.10",₹ 604.45,13.57%,24.18
BATCH00551,Barley,North,Kharif,457.58,12.9,24.69,3,0.6,10,A,1.1,Farm,96.73,Low,9.65,6.3,"₹ 4,415.65","₹ 2,882.75","-₹ 1,532.89",-53.17%,5.03
BATCH00552,Wheat,North,Kharif,443.02,16.47,29.61,1.5,0.1,28,B,9.1,Farm,74.37,Medium,4.99,5.76,"₹ 2,210.67","₹ 2,551.80",₹ 341.13,13.37%,40.31
BATCH00553,Barley,West,Kharif,532.95,16.32,31.04,0.8,0.8,8,A,5.68,Transit,55.55,High,3.57,11.05,"₹ 1,902.63","₹ 5,889.10","₹ 3,986.47",67.69%,30.27
BATCH00554,Wheat,North,Kharif,348.28,12.04,32.64,0.6,3,16,C,9.28,Farm,64.48,High,8.78,6.89,"₹ 3,057.90","₹ 2,399.65",-₹ 658.25,-27.43%,32.32
BATCH00555,Barley,South,Rabi,575.06,11.33,25.14,0.1,1.6,3,B,5.94,Warehouse,93.6,Medium,9.99,5.6,"₹ 5,744.85","₹ 3,220.34","-₹ 2,524.51",-78.39%,34.16
BATCH00556,Barley,West,Kharif,458.38,12.92,38.97,1.8,0.9,2,C,1.16,Farm,92.35,High,7.05,13.97,"₹ 3,231.58","₹ 6,403.57","₹ 3,171.99",49.53%,5.32
BATCH00557,Rice,East,Rabi,386.99,13.73,23.4,0.5,1,16,B,5.75,Transit,95.02,High,3.41,10.34,"₹ 1,319.64","₹ 4,001.48","₹ 2,681.84",67.02%,22.25
BATCH00558,Barley,West,Rabi,455,10.38,39.31,0.3,2.7,19,B,5.97,Farm,69.43,Low,8.46,6.35,"₹ 3,849.30","₹ 2,889.25",-₹ 960.05,-33.23%,27.16
BATCH00559,Rice,South,Rabi,625.71,15.94,20.3,2.1,0.6,9,B,2.54,Transit,82.07,High,3.52,5.53,"₹ 2,202.50","₹ 3,460.18","₹ 1,257.68",36.35%,15.89
BATCH00560,Barley,South,Kharif,446.47,12.86,29.62,2.3,0.4,16,B,4.97,Transit,63.91,Low,6.78,6.2,"₹ 3,027.07","₹ 2,768.11",-₹ 258.95,-9.35%,22.19
BATCH00561,Maize,West,Rabi,535.85,11.34,26.67,2.8,3.8,22,C,4.86,Transit,59.04,High,4.94,9.71,"₹ 2,647.10","₹ 5,203.10","₹ 2,556.00",49.12%,26.04
BATCH00562,Maize,West,Kharif,426.9,9.07,28.98,1.4,2,26,B,6.42,Transit,51.1,Low,9.41,11.68,"₹ 4,017.13","₹ 4,986.19",₹ 969.06,19.43%,27.41
BATCH00563,Maize,North,Kharif,575.79,10.39,31.41,4.5,0.4,28,A,2.97,Warehouse,61.17,Low,6.16,11.41,"₹ 3,546.87","₹ 6,569.76","₹ 3,022.90",46.01%,17.10
BATCH00564,Barley,South,Rabi,568.55,17.49,28.71,5.5,0.6,4,A,6.03,Transit,80.22,High,9.29,6.44,"₹ 5,281.83","₹ 3,661.46","-₹ 1,620.37",-44.25%,34.28
BATCH00565,Rice,West,Rabi,684.86,11.05,28.3,3.3,0.5,10,B,2.79,Warehouse,95.21,Low,5.09,11.33,"₹ 3,485.94","₹ 7,759.46","₹ 4,273.53",55.08%,19.11
BATCH00566,Rice,West,Rabi,482.44,9.69,34.65,2,0.2,19,C,4.74,Warehouse,56.67,Medium,5.71,9.05,"₹ 2,754.73","₹ 4,366.08","₹ 1,611.35",36.91%,22.87
BATCH00567,Barley,South,Kharif,566.87,12.61,33.72,0.7,3.2,13,C,1.67,Farm,95.9,Medium,9.63,9.65,"₹ 5,458.96","₹ 5,470.30",₹ 11.34,0.21%,9.47
BATCH00568,Maize,West,Rabi,509.81,11.07,36.67,8.1,0.5,18,B,0.85,Farm,67.27,High,4.41,13.01,"₹ 2,248.26","₹ 6,632.63","₹ 4,384.37",66.10%,4.33
BATCH00569,Maize,North,Kharif,629.59,8.35,25,0.6,2.1,15,C,3.55,Transit,71.34,High,7.05,8.32,"₹ 4,438.61","₹ 5,238.19",₹ 799.58,15.26%,22.35
BATCH00570,Rice,South,Rabi,428.12,11.23,32.19,0.5,0.2,4,C,3.11,Farm,68.25,High,5.72,6.47,"₹ 2,448.85","₹ 2,769.94",₹ 321.09,11.59%,13.31
BATCH00571,Maize,North,Rabi,574.5,13.44,31.7,1.2,0.8,9,C,4.37,Transit,70.43,Medium,8.42,13.73,"₹ 4,837.29","₹ 7,887.89","₹ 3,050.60",38.67%,25.11
BATCH00572,Wheat,North,Kharif,480.53,13.52,27.39,0.1,0,4,B,9.64,Farm,62.96,High,3.91,7.12,"₹ 1,878.87","₹ 3,421.37","₹ 1,542.50",45.08%,46.32
BATCH00573,Rice,North,Kharif,493.58,11.57,29.72,7.7,1.4,29,A,5.46,Transit,84.93,High,6.06,7.94,"₹ 2,991.09","₹ 3,919.03",₹ 927.93,23.68%,26.95
BATCH00574,Maize,North,Kharif,509.18,12.47,26.28,1.8,0.9,16,A,5.76,Farm,87.91,Low,7.89,12.07,"₹ 4,017.43","₹ 6,145.80","₹ 2,128.37",34.63%,29.33
BATCH00575,Rice,South,Kharif,525.22,17.66,22.84,1.6,1,28,A,9.45,Farm,91.16,High,5.85,11.84,"₹ 3,072.54","₹ 6,218.60","₹ 3,146.07",50.59%,49.63
BATCH00576,Wheat,North,Kharif,488.38,11.77,24.28,2.1,0.1,21,A,9.25,Warehouse,67.06,Medium,3.41,13,"₹ 1,665.38","₹ 6,348.94","₹ 4,683.56",73.77%,45.18
BATCH00577,Rice,North,Kharif,521.47,10.58,22.11,1.4,0.2,15,A,8.9,Farm,88.23,Medium,7.94,6.84,"₹ 4,140.47","₹ 3,566.85",-₹ 573.62,-16.08%,46.41
BATCH00578,Rice,West,Rabi,657.81,10.43,33.66,0.1,0.1,24,C,1.43,Farm,81.88,High,6.52,8.52,"₹ 4,288.92","₹ 5,604.54","₹ 1,315.62",23.47%,9.41
BATCH00579,Rice,South,Rabi,598.54,12.58,33.21,1.9,0.3,2,C,6.53,Transit,97.9,Medium,3.08,6.26,"₹ 1,843.50","₹ 3,746.86","₹ 1,903.36",50.80%,39.08
BATCH00580,Rice,South,Kharif,586.92,15.6,39.01,2.5,1,28,C,8.18,Warehouse,71.24,Low,7.29,10.41,"₹ 4,278.65","₹ 6,109.84","₹ 1,831.19",29.97%,48.01
BATCH00581,Wheat,East,Rabi,454.45,10.06,34.59,1.1,0.8,27,B,8.44,Transit,99.62,Low,9.44,7.93,"₹ 4,290.01","₹ 3,603.79",-₹ 686.22,-19.04%,38.36
BATCH00582,Barley,South,Kharif,411.08,15.09,21.04,2.8,0.9,14,C,5.99,Farm,87.02,High,3.78,11.89,"₹ 1,553.88","₹ 4,887.74","₹ 3,333.86",68.21%,24.62
BATCH00583,Rice,South,Rabi,595.53,8.21,37.68,0.5,0.8,3,A,0.67,Transit,88.81,High,7.13,5,"₹ 4,246.13","₹ 2,977.65","-₹ 1,268.48",-42.60%,3.99
BATCH00584,Rice,East,Rabi,587.6,12.19,37.25,0.5,0.3,22,C,9.75,Warehouse,51.29,Low,8.1,5.6,"₹ 4,759.56","₹ 3,290.56","-₹ 1,469.00",-44.64%,57.29
BATCH00585,Maize,South,Kharif,647.27,15.76,28.87,0.4,0.3,28,A,4.99,Transit,74.87,Low,3.5,9.33,"₹ 2,265.45","₹ 6,039.03","₹ 3,773.58",62.49%,32.30
BATCH00586,Rice,South,Kharif,439.6,11.39,31.72,0.9,0.1,23,C,4.24,Farm,76.42,High,3.16,14.58,"₹ 1,389.14","₹ 6,409.37","₹ 5,020.23",78.33%,18.64
BATCH00587,Maize,South,Kharif,477.05,13.64,39.52,3.8,1.9,4,A,4.25,Transit,52.03,Medium,6.25,13.91,"₹ 2,981.56","₹ 6,635.77","₹ 3,654.20",55.07%,20.27
BATCH00588,Barley,South,Rabi,336.05,10.05,30.65,3.5,1,1,C,4.53,Farm,65.61,High,8.54,14.94,"₹ 2,869.87","₹ 5,020.59","₹ 2,150.72",42.84%,15.22
BATCH00589,Wheat,East,Kharif,460.75,15.42,38.11,1,0.2,23,A,2.8,Warehouse,97.78,High,4.13,9.17,"₹ 1,902.90","₹ 4,225.08","₹ 2,322.18",54.96%,12.90
BATCH00590,Wheat,South,Rabi,599.66,8.52,21.66,1.8,0.2,28,A,3.61,Warehouse,71.31,High,8.86,5.47,"₹ 5,312.99","₹ 3,280.14","-₹ 2,032.85",-61.97%,21.65
BATCH00591,Barley,South,Kharif,453.35,16.53,23.82,2.6,2.1,9,B,9.86,Transit,59.34,High,7.6,8.06,"₹ 3,445.46","₹ 3,654.00",₹ 208.54,5.71%,44.70
BATCH00592,Wheat,East,Rabi,564.05,9.98,28.82,0.6,1.4,17,C,4,Warehouse,75.67,High,5.33,11.76,"₹ 3,006.39","₹ 6,633.23","₹ 3,626.84",54.68%,22.56
BATCH00593,Barley,West,Rabi,480.95,16.74,31.7,0.4,1.1,14,A,5.5,Transit,51.69,High,6.61,6.35,"₹ 3,179.08","₹ 3,054.03",-₹ 125.05,-4.09%,26.45
BATCH00594,Barley,North,Kharif,532.41,11.53,36.32,7.2,0.5,17,C,8.56,Farm,75.8,High,9.76,8,"₹ 5,196.32","₹ 4,259.28",-₹ 937.04,-22.00%,45.57
BATCH00595,Barley,West,Rabi,385.23,15.23,39.77,1.9,0.3,1,A,5.51,Transit,79.71,Medium,4.52,5.56,"₹ 1,741.24","₹ 2,141.88",₹ 400.64,18.71%,21.23
BATCH00596,Wheat,East,Rabi,508.52,11.19,27.78,8,3.9,10,B,3.58,Farm,67.88,High,6.5,9.75,"₹ 3,305.38","₹ 4,958.07","₹ 1,652.69",33.33%,18.21
BATCH00597,Maize,North,Kharif,200.89,17.06,20.95,0.8,1.6,23,B,5.48,Warehouse,88.13,Low,7.37,7.09,"₹ 1,480.56","₹ 1,424.31",-₹ 56.25,-3.95%,11.01
BATCH00598,Barley,East,Rabi,481.31,9.27,36.02,2.4,0.4,16,B,1.58,Farm,56.79,High,3.97,5.91,"₹ 1,910.80","₹ 2,844.54",₹ 933.74,32.83%,7.60
BATCH00599,Rice,East,Kharif,336.95,9.79,32.09,0.5,1.9,27,B,1.74,Farm,93.91,Medium,3.3,9.11,"₹ 1,111.94","₹ 3,069.61","₹ 1,957.68",63.78%,5.86
BATCH00600,Wheat,South,Kharif,620.6,12.93,23.97,0.6,1.4,25,A,7.09,Farm,97.77,Low,3.09,8.51,"₹ 1,917.65","₹ 5,281.31","₹ 3,363.65",63.69%,44.00
BATCH00601,Barley,North,Kharif,577.74,8.82,29.9,1.4,0.4,19,C,9.22,Farm,50.06,High,5.27,10.38,"₹ 3,044.69","₹ 5,996.94","₹ 2,952.25",49.23%,53.27
BATCH00602,Barley,South,Kharif,546.67,9.96,34.85,0.8,0.6,24,B,7.39,Farm,92.14,High,3.52,12.49,"₹ 1,924.28","₹ 6,827.91","₹ 4,903.63",71.82%,40.40
BATCH00603,Rice,North,Rabi,652.1,17.44,35.41,0.4,0.2,25,B,1.21,Transit,75.31,Low,8.63,6.13,"₹ 5,627.62","₹ 3,997.37","-₹ 1,630.25",-40.78%,7.89
BATCH00604,Maize,East,Rabi,405.11,17.76,29.99,0.6,0.1,3,B,4.33,Farm,73.07,High,9.98,12.91,"₹ 4,043.00","₹ 5,229.97","₹ 1,186.97",22.70%,17.54
BATCH00605,Maize,East,Rabi,674.74,11.76,26.1,0.1,1.3,28,C,0.52,Farm,61.93,Medium,3.43,5.26,"₹ 2,314.36","₹ 3,549.13","₹ 1,234.77",34.79%,3.51
BATCH00606,Maize,West,Kharif,593.22,17.23,39.47,2.4,0.3,12,A,5.36,Farm,72.37,High,6.03,9.43,"₹ 3,577.12","₹ 5,594.06","₹ 2,016.95",36.06%,31.80
BATCH00607,Barley,North,Rabi,476.34,13.45,33.27,1.4,1.7,3,A,2.34,Farm,97.52,Medium,3.18,10.87,"₹ 1,514.76","₹ 5,177.82","₹ 3,663.05",70.75%,11.15
BATCH00608,Barley,South,Rabi,613.56,10.7,28.16,0.2,5.4,15,A,8.75,Farm,60.54,High,3.94,14.57,"₹ 2,417.43","₹ 8,939.57","₹ 6,522.14",72.96%,53.69
BATCH00609,Barley,West,Kharif,389.37,15.02,25.61,0.4,0.1,17,A,1.49,Farm,58.95,Low,5.26,10.74,"₹ 2,048.09","₹ 4,181.83","₹ 2,133.75",51.02%,5.80
BATCH00610,Wheat,West,Kharif,417.55,14.59,34.62,0.2,0.6,18,C,0.51,Warehouse,62.09,Medium,5.76,6.59,"₹ 2,405.09","₹ 2,751.65",₹ 346.57,12.59%,2.13
BATCH00611,Rice,West,Rabi,439.14,17.89,24.84,1.9,1.6,7,C,4.79,Transit,77.59,High,9.58,10.18,"₹ 4,206.96","₹ 4,470.45",₹ 263.48,5.89%,21.03
BATCH00612,Barley,South,Kharif,447.1,10.65,23.43,0.2,1.6,19,C,1.98,Farm,96.51,High,5.77,8.96,"₹ 2,579.77","₹ 4,006.02","₹ 1,426.25",35.60%,8.85
BATCH00613,Rice,West,Kharif,394.34,14.72,30.6,2.8,1.4,7,B,7.51,Transit,78.69,Low,6.47,9.79,"₹ 2,551.38","₹ 3,860.59","₹ 1,309.21",33.91%,29.61
BATCH00614,Rice,South,Kharif,622.31,8.52,25.8,0,0.4,5,C,9.24,Warehouse,62.17,Low,4.72,6.97,"₹ 2,937.30","₹ 4,337.50","₹ 1,400.20",32.28%,57.50
BATCH00615,Maize,West,Kharif,474.11,9.14,32.58,0.6,0.6,26,A,0.9,Warehouse,72.02,Medium,3,10.01,"₹ 1,422.33","₹ 4,745.84","₹ 3,323.51",70.03%,4.27
BATCH00616,Wheat,South,Rabi,535.25,8.04,22.36,4.4,0.9,8,C,4.26,Farm,69.52,Medium,9.3,6.5,"₹ 4,977.83","₹ 3,479.13","-₹ 1,498.70",-43.08%,22.80
BATCH00617,Barley,East,Kharif,442.96,17.99,33.1,2.5,3.6,21,B,9.97,Transit,52.33,Medium,3.57,12.44,"₹ 1,581.37","₹ 5,510.42","₹ 3,929.06",71.30%,44.16
BATCH00618,Maize,East,Kharif,317.94,16.02,25.67,0.2,0.4,16,A,7.46,Farm,75.53,High,9.75,10.94,"₹ 3,099.92","₹ 3,478.26",₹ 378.35,10.88%,23.72
BATCH00619,Maize,East,Kharif,527.01,15.87,20,3.4,2.6,16,C,9.56,Warehouse,56.3,High,3.92,5.79,"₹ 2,065.88","₹ 3,051.39",₹ 985.51,32.30%,50.38
BATCH00620,Barley,East,Kharif,308.77,13.1,22.54,1.4,0.3,19,A,2.06,Warehouse,92.11,Medium,7.23,13.9,"₹ 2,232.41","₹ 4,291.90","₹ 2,059.50",47.99%,6.36
BATCH00621,Rice,East,Kharif,493.14,11,38.67,3.8,4.5,25,A,2.6,Transit,77.45,High,10,11.16,"₹ 4,931.40","₹ 5,503.44",₹ 572.04,10.39%,12.82
BATCH00622,Maize,West,Kharif,363.17,9.51,37.35,1.8,1.1,15,C,1.97,Farm,92.23,Low,3.97,8.16,"₹ 1,441.78","₹ 2,963.47","₹ 1,521.68",51.35%,7.15
BATCH00623,Rice,West,Kharif,698.73,10.85,24.67,2.3,0.6,7,C,3.37,Transit,97.8,High,5.97,5.46,"₹ 4,171.42","₹ 3,815.07",-₹ 356.35,-9.34%,23.55
BATCH00624,Wheat,West,Kharif,591.14,11.76,35.57,10.1,1,5,B,7.38,Transit,97.16,Medium,8.46,11.32,"₹ 5,001.04","₹ 6,691.70","₹ 1,690.66",25.27%,43.63
BATCH00625,Rice,South,Rabi,510.58,15.56,32.17,0.5,0.3,23,C,2.07,Warehouse,55.02,High,3.23,8.73,"₹ 1,649.17","₹ 4,457.36","₹ 2,808.19",63.00%,10.57
BATCH00626,Wheat,South,Kharif,626.37,13.4,39.42,2,0.3,11,C,5.48,Transit,97.24,Low,7.83,14.08,"₹ 4,904.48","₹ 8,819.29","₹ 3,914.81",44.39%,34.33
BATCH00627,Rice,South,Rabi,415.37,8.77,27.47,1.2,0.1,10,C,3.06,Warehouse,89.79,Medium,3.56,5.35,"₹ 1,478.72","₹ 2,222.23",₹ 743.51,33.46%,12.71
BATCH00628,Maize,South,Kharif,554.35,8.18,33.63,0.1,0.1,25,A,8.38,Farm,88.88,Medium,4.66,5.39,"₹ 2,583.27","₹ 2,987.95",₹ 404.68,13.54%,46.45
BATCH00629,Maize,East,Kharif,519.98,9.02,21.27,0,0.4,21,B,0.56,Transit,54.51,Medium,4.12,14.49,"₹ 2,142.32","₹ 7,534.51","₹ 5,392.19",71.57%,2.91
BATCH00630,Wheat,East,Kharif,526.4,12.1,27.92,0.3,1.4,23,A,2.62,Transit,58.98,Medium,9.35,14.65,"₹ 4,921.84","₹ 7,711.76","₹ 2,789.92",36.18%,13.79
BATCH00631,Barley,East,Kharif,627.24,17.33,39.28,2.1,0.9,27,C,6.25,Farm,98.76,High,4.26,5.28,"₹ 2,672.04","₹ 3,311.83",₹ 639.78,19.32%,39.20
BATCH00632,Wheat,North,Rabi,573.25,14.37,30.78,1.7,0.1,9,B,1.42,Transit,60.67,Low,3.28,12.16,"₹ 1,880.26","₹ 6,970.72","₹ 5,090.46",73.03%,8.14
BATCH00633,Wheat,West,Kharif,528.87,16.02,25.76,1.6,1.9,1,C,4.93,Farm,58.45,High,7.11,7.21,"₹ 3,760.27","₹ 3,813.15",₹ 52.89,1.39%,26.07
BATCH00634,Rice,South,Kharif,334.51,12.66,22.41,0.1,0.9,20,A,4.64,Warehouse,68.12,High,5.42,12.01,"₹ 1,813.04","₹ 4,017.47","₹ 2,204.42",54.87%,15.52
BATCH00635,Rice,South,Rabi,404,11.62,34.07,1.3,3.2,1,A,8.6,Warehouse,95.67,Medium,5.84,13.69,"₹ 2,359.36","₹ 5,530.76","₹ 3,171.40",57.34%,34.74
BATCH00636,Wheat,East,Rabi,487.73,9.08,32.9,5.2,1.1,8,C,6.44,Transit,73.81,Low,3.83,6.01,"₹ 1,868.01","₹ 2,931.26","₹ 1,063.25",36.27%,31.41
BATCH00637,Maize,South,Kharif,509.34,16.76,27.48,1,0.2,3,B,6.58,Warehouse,96.03,High,8.24,7.39,"₹ 4,196.96","₹ 3,764.02",-₹ 432.94,-11.50%,33.51
BATCH00638,Rice,South,Rabi,386.98,15.83,39.02,2,0.6,2,A,9.54,Warehouse,66.72,Low,7.21,5.24,"₹ 2,790.13","₹ 2,027.78",-₹ 762.35,-37.60%,36.92
BATCH00639,Barley,West,Rabi,741.17,9.68,20.44,3,1,4,C,9.83,Farm,61.33,Low,5.55,5.44,"₹ 4,113.49","₹ 4,031.96",-₹ 81.53,-2.02%,72.86
BATCH00640,Rice,East,Rabi,651.64,13.12,26.07,3.1,0,27,C,6.71,Warehouse,74.76,Low,4.2,5.3,"₹ 2,736.89","₹ 3,453.69",₹ 716.80,20.75%,43.73
BATCH00641,Rice,West,Kharif,560.21,12.87,38.42,1.5,0,19,C,5.46,Warehouse,80.77,Low,7.15,13.01,"₹ 4,005.50","₹ 7,288.33","₹ 3,282.83",45.04%,30.59
BATCH00642,Barley,North,Kharif,507.2,14.25,26.42,3.9,0.1,11,B,6.28,Warehouse,69.57,High,8.45,7.98,"₹ 4,285.84","₹ 4,047.46",-₹ 238.38,-5.89%,31.85
BATCH00643,Wheat,North,Kharif,478.78,17.46,25.05,1,0.3,5,C,4.13,Farm,67.3,Low,5.19,9.93,"₹ 2,484.87","₹ 4,754.29","₹ 2,269.42",47.73%,19.77
BATCH00644,Barley,North,Rabi,404.81,13.8,30.68,4.4,0.6,29,C,9.88,Transit,60.9,High,3.18,12.88,"₹ 1,287.30","₹ 5,213.95","₹ 3,926.66",75.31%,40.00
BATCH00645,Wheat,East,Kharif,507.75,13.4,36.48,0.5,0.7,24,A,7.2,Farm,63.75,Low,4.5,9.95,"₹ 2,284.88","₹ 5,052.11","₹ 2,767.24",54.77%,36.56
BATCH00646,Wheat,South,Rabi,525.78,8.5,22.06,0.7,0.1,10,C,3.26,Transit,83.66,Low,7.78,9.29,"₹ 4,090.57","₹ 4,884.50",₹ 793.93,16.25%,17.14
BATCH00647,Wheat,East,Kharif,375.82,8.63,38.86,0.1,1.1,24,B,1.05,Transit,68.49,High,9.92,5.12,"₹ 3,728.13","₹ 1,924.20","-₹ 1,803.94",-93.75%,3.95
BATCH00648,Barley,East,Kharif,533.42,9.87,35.9,3.2,0.9,27,C,0.92,Warehouse,53.99,Medium,3.09,10.68,"₹ 1,648.27","₹ 5,696.93","₹ 4,048.66",71.07%,4.91
BATCH00649,Wheat,South,Rabi,484.47,8.32,23.63,1.1,0.3,23,B,2.45,Warehouse,56.91,High,5.14,6.25,"₹ 2,490.18","₹ 3,027.94",₹ 537.76,17.76%,11.87
BATCH00650,Maize,West,Kharif,309.22,15.43,34.24,0.5,0,8,C,2.71,Farm,68.62,Low,3.43,12.65,"₹ 1,060.62","₹ 3,911.63","₹ 2,851.01",72.89%,8.38
BATCH00651,Barley,North,Rabi,413.96,15.23,27.7,0.5,0.1,13,C,4.44,Farm,96.23,High,5.21,7.58,"₹ 2,156.73","₹ 3,137.82",₹ 981.09,31.27%,18.38
BATCH00652,Maize,West,Rabi,458.64,9.36,28.05,4.6,0.5,29,C,2.54,Farm,68.95,Low,5.84,11.74,"₹ 2,678.46","₹ 5,384.43","₹ 2,705.98",50.26%,11.65
BATCH00653,Wheat,North,Kharif,688.77,16.36,35.67,3.6,0.2,5,B,6.49,Warehouse,53.03,High,9.45,11.46,"₹ 6,508.88","₹ 7,893.30","₹ 1,384.43",17.54%,44.70
BATCH00654,Rice,East,Rabi,555.66,9.55,39.26,1.6,0.5,26,A,2.51,Transit,70.9,High,3.56,11.17,"₹ 1,978.15","₹ 6,206.72","₹ 4,228.57",68.13%,13.95
BATCH00655,Wheat,North,Kharif,366.45,11.01,22.53,1.9,1,26,B,2.28,Farm,83.44,High,8.44,7.67,"₹ 3,092.84","₹ 2,810.67",-₹ 282.17,-10.04%,8.36
BATCH00656,Maize,East,Kharif,548.6,10.49,28.41,1.3,0.8,27,A,4.98,Transit,79.68,Medium,5.77,7.67,"₹ 3,165.42","₹ 4,207.76","₹ 1,042.34",24.77%,27.32
BATCH00657,Maize,West,Rabi,345.27,11.72,29.62,1,0.3,12,B,8.94,Warehouse,63.94,High,8.68,13.63,"₹ 2,996.94","₹ 4,706.03","₹ 1,709.09",36.32%,30.87
BATCH00658,Barley,East,Kharif,608.27,10.55,27.53,4.9,0.4,27,C,4.95,Warehouse,84.4,High,6.59,5.13,"₹ 4,008.50","₹ 3,120.43",-₹ 888.07,-28.46%,30.11
BATCH00659,Rice,West,Rabi,452.89,12.89,27.26,0.3,1,13,C,4.43,Warehouse,81.53,Medium,3.27,6.82,"₹ 1,480.95","₹ 3,088.71","₹ 1,607.76",52.05%,20.06
BATCH00660,Barley,South,Kharif,490.64,12.07,21.05,1.1,2,22,A,5.99,Warehouse,58.61,Medium,9.62,11.1,"₹ 4,719.96","₹ 5,446.10",₹ 726.15,13.33%,29.39
BATCH00661,Maize,South,Kharif,632.58,17.87,33.71,0.8,1.4,8,A,2.94,Transit,58.11,Low,3.58,13.17,"₹ 2,264.64","₹ 8,331.08","₹ 6,066.44",72.82%,18.60
BATCH00662,Wheat,South,Kharif,371.28,8.56,28.72,1.4,0.8,15,B,3.86,Transit,77.36,Low,7.18,8.58,"₹ 2,665.79","₹ 3,185.58",₹ 519.79,16.32%,14.33
BATCH00663,Rice,East,Kharif,360.29,9.42,23.9,1.2,0.4,13,B,2.53,Farm,82.97,High,9.14,11.53,"₹ 3,293.05","₹ 4,154.14",₹ 861.09,20.73%,9.12
BATCH00664,Wheat,South,Kharif,441.64,8.53,36.32,1.5,0.5,1,A,5.93,Transit,98.1,Low,3.56,10.57,"₹ 1,572.24","₹ 4,668.13","₹ 3,095.90",66.32%,26.19
BATCH00665,Wheat,North,Rabi,603.84,14.26,36.05,0.3,2.1,22,A,7.13,Transit,71.1,High,6.88,5.65,"₹ 4,154.42","₹ 3,411.70",-₹ 742.72,-21.77%,43.05
BATCH00666,Rice,West,Rabi,348.07,8.55,29.73,1.4,0,6,B,6.9,Transit,88.25,Medium,8.77,11.22,"₹ 3,052.57","₹ 3,905.35",₹ 852.77,21.84%,24.02
BATCH00667,Barley,West,Rabi,216.78,16.36,25.97,0.6,4.4,11,A,2.92,Farm,55.83,Medium,9.9,13.14,"₹ 2,146.12","₹ 2,848.49",₹ 702.37,24.66%,6.33
BATCH00668,Wheat,North,Rabi,454.88,13.12,32.76,0.4,1.1,13,A,7.91,Transit,94.48,High,8.07,14.92,"₹ 3,670.88","₹ 6,786.81","₹ 3,115.93",45.91%,35.98
BATCH00669,Maize,East,Rabi,555.17,13.27,25.76,0.1,1.1,21,A,2.93,Transit,81.66,Low,4.95,5.3,"₹ 2,748.09","₹ 2,942.40",₹ 194.31,6.60%,16.27
BATCH00670,Wheat,East,Rabi,620.03,13.62,24.72,2.9,0,20,A,1.93,Transit,81.45,Low,7.9,11.6,"₹ 4,898.24","₹ 7,192.35","₹ 2,294.11",31.90%,11.97
BATCH00671,Rice,West,Kharif,453.68,9.71,34.61,1.1,0.9,1,C,3.82,Warehouse,57.12,Low,7.94,9.15,"₹ 3,602.22","₹ 4,151.17",₹ 548.95,13.22%,17.33
BATCH00672,Rice,South,Kharif,458.86,9.98,20.81,2,0.7,11,C,6.18,Transit,51.98,High,7.9,5.1,"₹ 3,624.99","₹ 2,340.19","-₹ 1,284.81",-54.90%,28.36
BATCH00673,Rice,East,Rabi,615.39,11.19,21.9,2.6,0.1,26,A,1.85,Farm,85.07,Low,8.98,11.14,"₹ 5,526.20","₹ 6,855.44","₹ 1,329.24",19.39%,11.38
BATCH00674,Barley,East,Rabi,313.03,13.93,20.14,2.3,0.3,11,B,6.66,Farm,55.85,Medium,3.61,6.22,"₹ 1,130.04","₹ 1,947.05",₹ 817.01,41.96%,20.85
BATCH00675,Wheat,North,Kharif,461.15,10.1,23.06,1.3,2.2,8,C,8.7,Farm,56.35,Medium,3.76,8.79,"₹ 1,733.92","₹ 4,053.51","₹ 2,319.58",57.22%,40.12
BATCH00676,Barley,North,Kharif,519.04,9.16,21.38,1,0.8,22,B,3.28,Farm,59.38,Medium,7.48,7.61,"₹ 3,882.42","₹ 3,949.89",₹ 67.48,1.71%,17.02
BATCH00677,Barley,South,Kharif,544.92,17.7,39.92,0.9,0.5,3,B,4.78,Warehouse,54.89,Medium,9.68,8.61,"₹ 5,274.83","₹ 4,691.76",-₹ 583.06,-12.43%,26.05
BATCH00678,Rice,East,Rabi,449.02,8.22,25.78,2,0.1,28,C,2.67,Farm,81.27,Medium,6.26,9.93,"₹ 2,810.87","₹ 4,458.77","₹ 1,647.90",36.96%,11.99
BATCH00679,Rice,East,Rabi,503.44,16.03,22.99,1.4,1.3,19,B,3.93,Warehouse,71.1,Medium,9.72,8.59,"₹ 4,893.44","₹ 4,324.55",-₹ 568.89,-13.15%,19.79
BATCH00680,Barley,North,Rabi,251.17,15.88,24.82,3.8,1.2,12,B,0.71,Warehouse,63.3,Medium,9.57,10.53,"₹ 2,403.70","₹ 2,644.82",₹ 241.12,9.12%,1.78
BATCH00681,Wheat,East,Kharif,434.18,10.97,38.72,4.2,1,6,A,9.56,Warehouse,72.04,Medium,9.32,7.39,"₹ 4,046.56","₹ 3,208.59",-₹ 837.97,-26.12%,41.51
BATCH00682,Maize,West,Kharif,545.35,9.36,30.4,0.4,0.7,28,A,4.45,Farm,92.21,Medium,9.37,11.35,"₹ 5,109.93","₹ 6,189.72","₹ 1,079.79",17.44%,24.27
BATCH00683,Barley,North,Rabi,401.77,9.46,27.3,0.3,0.6,23,A,7.99,Farm,96.35,High,9.29,13.54,"₹ 3,732.44","₹ 5,439.97","₹ 1,707.52",31.39%,32.10
BATCH00684,Wheat,South,Rabi,505.9,14.97,37.47,2,0.9,8,C,1.86,Warehouse,74.37,High,8.74,7.24,"₹ 4,421.57","₹ 3,662.72",-₹ 758.85,-20.72%,9.41
BATCH00685,Rice,North,Kharif,544.69,14.43,27.9,0.7,0.3,5,A,8.22,Warehouse,78.34,Medium,7.86,10.08,"₹ 4,281.26","₹ 5,490.48","₹ 1,209.21",22.02%,44.77
BATCH00686,Rice,East,Kharif,465.75,15.83,26.7,0,2.8,10,B,8.67,Farm,62.86,Medium,3.17,11.49,"₹ 1,476.43","₹ 5,351.47","₹ 3,875.04",72.41%,40.38
BATCH00687,Wheat,South,Kharif,517.05,17.37,24.15,4.4,0.9,22,B,7.3,Transit,75.68,Medium,3.93,10.65,"₹ 2,032.01","₹ 5,506.58","₹ 3,474.58",63.10%,37.74
BATCH00688,Maize,North,Kharif,403.73,14.92,27.56,0.5,0.4,16,B,9.08,Transit,87.41,Low,3.94,8.66,"₹ 1,590.70","₹ 3,496.30","₹ 1,905.61",54.50%,36.66
BATCH00689,Rice,West,Rabi,479.34,9.56,26.33,5.3,0.6,12,B,2.09,Transit,74.61,High,3.16,11.42,"₹ 1,514.71","₹ 5,474.06","₹ 3,959.35",72.33%,10.02
BATCH00690,Rice,West,Kharif,561.02,10.43,33.55,2.5,1.6,17,B,5.03,Farm,65.1,Medium,3.82,5.28,"₹ 2,143.10","₹ 2,962.19",₹ 819.09,27.65%,28.22
BATCH00691,Rice,North,Kharif,515.7,16.42,25.79,2.9,0.2,6,C,6.39,Farm,79.1,High,9.44,8.7,"₹ 4,868.21","₹ 4,486.59",-₹ 381.62,-8.51%,32.95
BATCH00692,Wheat,West,Kharif,441.35,10.09,31.54,0.4,0.3,9,B,6.16,Warehouse,97.33,Medium,7.65,10.33,"₹ 3,376.33","₹ 4,559.15","₹ 1,182.82",25.94%,27.19
BATCH00693,Barley,West,Rabi,522.42,8.73,21.32,0.5,1.1,10,C,8.68,Farm,94.4,Low,5.18,5.21,"₹ 2,706.14","₹ 2,721.81",₹ 15.67,0.58%,45.35
BATCH00694,Rice,West,Rabi,571.46,15.03,23.83,1.5,0.4,20,B,2.55,Farm,88.46,Medium,8.55,10.08,"₹ 4,885.98","₹ 5,760.32",₹ 874.33,15.18%,14.57
BATCH00695,Barley,South,Kharif,295.01,12.03,28.15,0.4,1.6,14,C,2.17,Farm,63.81,High,6.42,11.54,"₹ 1,893.96","₹ 3,404.42","₹ 1,510.45",44.37%,6.40
BATCH00696,Maize,West,Kharif,615.91,17.2,38.74,0.7,0.1,14,C,2.91,Warehouse,62.08,High,3.99,12.59,"₹ 2,457.48","₹ 7,754.31","₹ 5,296.83",68.31%,17.92
BATCH00697,Rice,West,Kharif,466.37,14.5,27.55,0.8,1.4,26,B,8.97,Warehouse,91.93,High,9.19,6.13,"₹ 4,285.94","₹ 2,858.85","-₹ 1,427.09",-49.92%,41.83
BATCH00698,Rice,West,Rabi,542.55,8.9,33.28,0.3,0.1,29,B,9.44,Transit,59.07,High,5.37,14.91,"₹ 2,913.49","₹ 8,089.42","₹ 5,175.93",63.98%,51.22
BATCH00699,Maize,South,Rabi,619.72,17.48,25.1,0.5,0,17,B,5.91,Transit,80.28,Medium,7.89,11.06,"₹ 4,889.59","₹ 6,854.10","₹ 1,964.51",28.66%,36.63
BATCH00700,Rice,North,Rabi,362.83,10.59,22.54,3.1,2.3,27,B,5.26,Farm,71.95,Low,5.03,8.63,"₹ 1,825.03","₹ 3,131.22","₹ 1,306.19",41.71%,19.08
BATCH00701,Barley,East,Kharif,429.06,11.37,21.17,0.4,0.9,25,A,6.25,Farm,73.4,Low,6.5,7.49,"₹ 2,788.89","₹ 3,213.66",₹ 424.77,13.22%,26.82
BATCH00702,Wheat,West,Rabi,471.15,12.02,26.11,0.1,0.4,16,A,6.35,Warehouse,72.73,Medium,8.71,10.73,"₹ 4,103.72","₹ 5,055.44",₹ 951.72,18.83%,29.92
BATCH00703,Barley,North,Kharif,421.62,8.51,23.15,2,0.3,4,C,2.12,Transit,95,Medium,4.1,13.82,"₹ 1,728.64","₹ 5,826.79","₹ 4,098.15",70.33%,8.94
BATCH00704,Wheat,West,Kharif,673.49,12.97,23.48,7.5,1,2,C,7.02,Transit,54.35,High,9.84,10.21,"₹ 6,627.14","₹ 6,876.33",₹ 249.19,3.62%,47.28
BATCH00705,Wheat,South,Kharif,414.32,9.23,35.22,0.8,0.7,16,A,4.8,Transit,89.15,Medium,3.49,11.61,"₹ 1,445.98","₹ 4,810.26","₹ 3,364.28",69.94%,19.89
BATCH00706,Barley,North,Rabi,444.45,12.01,20.32,0.3,4.8,1,C,5.42,Farm,91.75,Low,6.74,8.58,"₹ 2,995.59","₹ 3,813.38",₹ 817.79,21.45%,24.09
BATCH00707,Barley,South,Kharif,520.44,11.51,31.16,1.7,4.1,3,B,0.79,Farm,97.14,Medium,9.41,8.88,"₹ 4,897.34","₹ 4,621.51",-₹ 275.83,-5.97%,4.11
BATCH00708,Barley,West,Rabi,379.79,15.73,27.59,4.7,1,23,C,7.76,Farm,72.63,Medium,9.62,7.86,"₹ 3,653.58","₹ 2,985.15",-₹ 668.43,-22.39%,29.47
BATCH00709,Barley,West,Rabi,460.43,16.03,30.13,3.1,0.6,11,C,8.44,Warehouse,75,Low,4.62,12.06,"₹ 2,127.19","₹ 5,552.79","₹ 3,425.60",61.69%,38.86
BATCH00710,Maize,South,Kharif,531.75,9.53,31.26,1.9,0.7,16,C,6.38,Transit,98.06,Low,4.01,8.59,"₹ 2,132.32","₹ 4,567.73","₹ 2,435.42",53.32%,33.93
BATCH00711,Rice,East,Kharif,466.71,11.67,26.27,0.8,1.1,26,A,7.61,Warehouse,72.92,Medium,8.07,6.91,"₹ 3,766.35","₹ 3,224.97",-₹ 541.38,-16.79%,35.52
BATCH00712,Wheat,South,Rabi,490.66,11.73,25.9,1.6,0.1,18,A,5.47,Transit,75.18,High,3.29,8.69,"₹ 1,614.27","₹ 4,263.84","₹ 2,649.56",62.14%,26.84
BATCH00713,Barley,West,Kharif,447.07,9.51,34.67,0.2,0.4,15,C,6.37,Farm,66.61,High,6.4,13.54,"₹ 2,861.25","₹ 6,053.33","₹ 3,192.08",52.73%,28.48
BATCH00714,Barley,South,Rabi,348.55,15.98,37.43,2.3,0.1,9,B,4.25,Warehouse,51.58,High,8.57,12.38,"₹ 2,987.07","₹ 4,315.05","₹ 1,327.98",30.78%,14.81
BATCH00715,Barley,East,Kharif,532.16,15.07,23.85,2.6,0.1,12,C,8.02,Warehouse,71.65,Low,6.92,8.35,"₹ 3,682.55","₹ 4,443.54",₹ 760.99,17.13%,42.68
BATCH00716,Maize,South,Rabi,675.49,9.9,21.95,6.7,0.2,29,A,4.95,Farm,82.75,Low,4.32,14.07,"₹ 2,918.12","₹ 9,504.14","₹ 6,586.03",69.30%,33.44
BATCH00717,Barley,East,Rabi,501.84,11.67,37.96,0.6,0.7,27,B,6.96,Transit,84.5,High,6.41,5.75,"₹ 3,216.79","₹ 2,885.58",-₹ 331.21,-11.48%,34.93
BATCH00718,Barley,East,Rabi,522.53,9.06,27,0,1.5,18,C,6.4,Transit,50.33,Medium,9.45,5.5,"₹ 4,937.91","₹ 2,873.92","-₹ 2,063.99",-71.82%,33.44
BATCH00719,Barley,South,Rabi,569.27,14.28,31.03,1.6,0.7,5,A,7.17,Transit,90.05,Medium,7.32,6.27,"₹ 4,167.06","₹ 3,569.32",-₹ 597.73,-16.75%,40.82
BATCH00720,Rice,South,Kharif,373.07,9.21,27.19,2.5,0.4,24,B,7.96,Transit,74.62,Medium,8.05,6.16,"₹ 3,003.21","₹ 2,298.11",-₹ 705.10,-30.68%,29.70
BATCH00721,Maize,North,Kharif,670.25,17.86,22.52,3.1,0.1,29,C,5.37,Farm,76.04,Low,5.35,5.88,"₹ 3,585.84","₹ 3,941.07",₹ 355.23,9.01%,35.99
BATCH00722,Barley,West,Rabi,520.23,15.81,31.79,0.4,0.8,29,A,8.22,Farm,98.09,Low,4.32,11.61,"₹ 2,247.39","₹ 6,039.87","₹ 3,792.48",62.79%,42.76
BATCH00723,Wheat,East,Rabi,663.19,11.9,30.5,0.6,0.3,28,B,5.22,Farm,64.22,High,4.79,11.01,"₹ 3,176.68","₹ 7,301.72","₹ 4,125.04",56.49%,34.62
BATCH00724,Wheat,North,Kharif,426.7,13.79,24.06,1.4,1,26,C,9.59,Farm,88.08,Medium,6.73,11.48,"₹ 2,871.69","₹ 4,898.52","₹ 2,026.83",41.38%,40.92
BATCH00725,Wheat,South,Kharif,681.81,17.11,29.04,0.8,3.8,8,B,7.65,Warehouse,78.74,Low,4.96,11.88,"₹ 3,381.78","₹ 8,099.90","₹ 4,718.13",58.25%,52.16
BATCH00726,Maize,West,Kharif,577.52,13.54,35.94,3.9,0.1,3,B,2.13,Warehouse,85.04,Low,6.79,12.57,"₹ 3,921.36","₹ 7,259.43","₹ 3,338.07",45.98%,12.30
BATCH00727,Maize,North,Kharif,555.3,9.74,31.81,1.3,0.2,2,B,8.38,Warehouse,70.89,High,7.95,7.07,"₹ 4,414.64","₹ 3,925.97",-₹ 488.66,-12.45%,46.53
BATCH00728,Wheat,East,Kharif,523.4,11.79,21.94,3.2,0.6,25,A,5.74,Farm,63.96,Medium,8.14,11.22,"₹ 4,260.48","₹ 5,872.55","₹ 1,612.07",27.45%,30.04
BATCH00729,Barley,North,Kharif,475.15,16.43,30.96,1.7,3.5,19,C,9.85,Transit,77.31,Low,4.15,10.8,"₹ 1,971.87","₹ 5,131.62","₹ 3,159.75",61.57%,46.80
BATCH00730,Maize,East,Rabi,620.05,14.44,34.05,3,1.5,8,B,7.33,Warehouse,68.75,Low,8.25,14.44,"₹ 5,115.41","₹ 8,953.52","₹ 3,838.11",42.87%,45.45
BATCH00731,Wheat,South,Kharif,514.04,14.51,35.85,0.8,2.3,2,B,1.3,Warehouse,61.15,Low,7.71,7.32,"₹ 3,963.25","₹ 3,762.77",-₹ 200.48,-5.33%,6.68
BATCH00732,Wheat,West,Kharif,303.29,16.67,32.58,3.6,0.4,19,B,4.25,Farm,91.96,Low,3.08,5.59,₹ 934.13,"₹ 1,695.39",₹ 761.26,44.90%,12.89
BATCH00733,Barley,West,Rabi,388.28,16.94,23.05,0.6,4.8,1,A,5.41,Transit,73.79,Medium,3.41,11.53,"₹ 1,324.03","₹ 4,476.87","₹ 3,152.83",70.42%,21.01
BATCH00734,Rice,West,Kharif,481.42,17.2,34.2,1.6,0.1,27,B,8.47,Transit,92.37,High,7.52,12.4,"₹ 3,620.28","₹ 5,969.61","₹ 2,349.33",39.35%,40.78
BATCH00735,Maize,South,Kharif,531,8.95,33.55,0.5,0.1,22,A,7.43,Transit,73.7,Medium,5.69,7.83,"₹ 3,021.39","₹ 4,157.73","₹ 1,136.34",27.33%,39.45
BATCH00736,Barley,East,Kharif,494.34,13.44,20.49,1.3,1.9,13,A,4.01,Farm,77.84,High,4.02,10.71,"₹ 1,987.25","₹ 5,294.38","₹ 3,307.13",62.46%,19.82
BATCH00737,Wheat,South,Kharif,621.9,15.41,28.23,0.8,2.6,23,B,6.71,Transit,99.76,Low,3.31,5.6,"₹ 2,058.49","₹ 3,482.64","₹ 1,424.15",40.89%,41.73
BATCH00738,Wheat,West,Kharif,304.89,15.57,26.66,0.6,0.1,20,B,5.98,Warehouse,97.58,Medium,4.12,14.6,"₹ 1,256.15","₹ 4,451.39","₹ 3,195.25",71.78%,18.23
BATCH00739,Barley,South,Rabi,514.36,14.07,33.39,6.8,0.1,17,A,1.7,Warehouse,63.58,High,9.7,6.1,"₹ 4,989.29","₹ 3,137.60","-₹ 1,851.70",-59.02%,8.74
BATCH00740,Maize,South,Kharif,318.2,9.67,24.32,0.3,0,3,A,2.73,Warehouse,93.43,High,8.09,5.68,"₹ 2,574.24","₹ 1,807.38",-₹ 766.86,-42.43%,8.69
BATCH00741,Rice,South,Rabi,575.97,15.97,31.82,3.1,0.1,9,B,3.74,Farm,69.52,Low,6.69,5.44,"₹ 3,853.24","₹ 3,133.28",-₹ 719.96,-22.98%,21.54
BATCH00742,Rice,East,Rabi,490.55,15.2,38.26,8.3,0.2,5,A,2.36,Transit,53.56,High,9.59,9.27,"₹ 4,704.37","₹ 4,547.40",-₹ 156.98,-3.45%,11.58
BATCH00743,Wheat,North,Kharif,541.96,8.86,35.96,0,3.5,6,A,1.93,Farm,78.79,High,7.33,5.97,"₹ 3,972.57","₹ 3,235.50",-₹ 737.07,-22.78%,10.46
BATCH00744,Maize,North,Rabi,413.61,12.64,38.43,2.4,1.1,4,B,1.05,Transit,98.85,High,8.08,12.45,"₹ 3,341.97","₹ 5,149.44","₹ 1,807.48",35.10%,4.34
BATCH00745,Rice,South,Kharif,627.95,9.74,39.57,0.6,1.5,17,B,8.79,Farm,98.72,Low,4.98,13.99,"₹ 3,127.19","₹ 8,785.02","₹ 5,657.83",64.40%,55.20
BATCH00746,Maize,North,Rabi,604.17,11.37,20.21,0.1,1.5,21,C,3.24,Warehouse,56.32,Medium,7.12,7.6,"₹ 4,301.69","₹ 4,591.69",₹ 290.00,6.32%,19.58
BATCH00747,Maize,North,Rabi,558.35,8.18,32.45,1,0.8,21,B,3.26,Farm,88.56,Low,4,11.29,"₹ 2,233.40","₹ 6,303.77","₹ 4,070.37",64.57%,18.20
BATCH00748,Wheat,South,Kharif,487.05,12,28.26,5.5,1.6,21,B,2.46,Farm,90.14,High,5.83,5.42,"₹ 2,839.50","₹ 2,639.81",-₹ 199.69,-7.56%,11.98
BATCH00749,Rice,South,Kharif,557.99,13.5,37.2,0,0.9,16,B,5.02,Farm,68.44,High,3.23,8.87,"₹ 1,802.31","₹ 4,949.37","₹ 3,147.06",63.59%,28.01
BATCH00750,Barley,West,Kharif,429.31,14.2,25.04,1.8,0.4,16,C,5.39,Warehouse,82.93,Medium,4.52,7.93,"₹ 1,940.48","₹ 3,404.43","₹ 1,463.95",43.00%,23.14
BATCH00751,Wheat,North,Kharif,585.56,14.63,39.62,1.4,0.8,22,A,2.48,Farm,74.41,High,3.52,7.29,"₹ 2,061.17","₹ 4,268.73","₹ 2,207.56",51.71%,14.52
BATCH00752,Rice,East,Kharif,664.95,16.36,32.27,4.1,0.8,11,B,6.28,Farm,61.39,Medium,5.71,11.45,"₹ 3,796.86","₹ 7,613.68","₹ 3,816.81",50.13%,41.76
BATCH00753,Rice,South,Rabi,607.06,10.15,35.87,0.2,1.7,2,B,7.37,Warehouse,88.06,High,8.9,6.3,"₹ 5,402.83","₹ 3,824.48","-₹ 1,578.36",-41.27%,44.74
BATCH00754,Rice,West,Rabi,427.04,9.2,21.71,2.3,4,17,C,4.05,Transit,63.14,High,5.65,13.61,"₹ 2,412.78","₹ 5,812.01","₹ 3,399.24",58.49%,17.30
BATCH00755,Rice,East,Rabi,536.14,16.52,23.67,2.3,0.5,15,C,6.06,Farm,67.02,Low,8.82,11.65,"₹ 4,728.75","₹ 6,246.03","₹ 1,517.28",24.29%,32.49
BATCH00756,Rice,North,Rabi,370.69,9.57,35.17,2.2,1.4,18,C,5.27,Warehouse,59.5,Low,7.6,12.11,"₹ 2,817.24","₹ 4,489.06","₹ 1,671.81",37.24%,19.54
BATCH00757,Maize,West,Rabi,557.24,17.75,20.44,5.7,0.1,29,A,2.36,Farm,85.96,Medium,6.57,14.35,"₹ 3,661.07","₹ 7,996.39","₹ 4,335.33",54.22%,13.15
BATCH00758,Wheat,South,Rabi,545.06,16.43,36.34,3.5,1.5,10,C,7.44,Warehouse,72.94,Low,4.66,14.42,"₹ 2,539.98","₹ 7,859.77","₹ 5,319.79",67.68%,40.55
BATCH00759,Maize,East,Rabi,313.02,13.01,20.28,0.1,0.5,6,A,8.11,Transit,72.17,Medium,9.46,10.52,"₹ 2,961.17","₹ 3,292.97",₹ 331.80,10.08%,25.39
BATCH00760,Barley,South,Kharif,383.82,17.81,33.14,1.3,0,21,B,6.66,Transit,80.23,Low,3.38,9.95,"₹ 1,297.31","₹ 3,819.01","₹ 2,521.70",66.03%,25.56
BATCH00761,Rice,North,Kharif,471.69,8.97,27.3,1,0.5,16,B,3.58,Farm,57.86,Medium,7.82,8.35,"₹ 3,688.62","₹ 3,938.61",₹ 250.00,6.35%,16.89
BATCH00762,Wheat,East,Rabi,469.91,11.03,32.23,0.7,0.9,5,B,9.3,Warehouse,94.91,High,7.35,12.16,"₹ 3,453.84","₹ 5,714.11","₹ 2,260.27",39.56%,43.70
BATCH00763,Rice,North,Rabi,379.05,14.38,33.92,1.2,0.1,12,C,4.83,Transit,73.26,Medium,6.09,10.38,"₹ 2,308.41","₹ 3,934.54","₹ 1,626.12",41.33%,18.31
BATCH00764,Wheat,North,Kharif,538.9,11.5,26.85,1,2.6,28,B,3.03,Transit,68.33,Low,4.68,14.33,"₹ 2,522.05","₹ 7,722.44","₹ 5,200.39",67.34%,16.33
BATCH00765,Maize,West,Kharif,525.15,17.28,22.16,1.1,0.1,6,C,4.38,Warehouse,56.33,Medium,6.01,7.39,"₹ 3,156.15","₹ 3,880.86",₹ 724.71,18.67%,23.00
BATCH00766,Wheat,South,Kharif,480.57,8.66,21.39,7.8,2.7,14,A,7.07,Farm,58.4,Low,9.11,8.1,"₹ 4,377.99","₹ 3,892.62",-₹ 485.38,-12.47%,33.98
BATCH00767,Barley,East,Kharif,424.42,13.49,31.78,0.2,1.2,26,B,8.54,Transit,96.02,High,8.86,8.16,"₹ 3,760.36","₹ 3,463.27",-₹ 297.09,-8.58%,36.25
BATCH00768,Barley,North,Rabi,604.87,13.91,30.41,5.1,0.4,23,A,3.89,Transit,72.83,Low,9.59,13.06,"₹ 5,800.70","₹ 7,899.60","₹ 2,098.90",26.57%,23.53
BATCH00769,Wheat,North,Kharif,665.54,14.53,34.84,1.3,0.5,16,C,2.71,Transit,86.11,High,5.15,5.99,"₹ 3,427.53","₹ 3,986.58",₹ 559.05,14.02%,18.04
BATCH00770,Wheat,East,Rabi,451.64,10.56,30.19,2,1.4,25,C,6.45,Farm,54.03,High,5.71,9.56,"₹ 2,578.86","₹ 4,317.68","₹ 1,738.81",40.27%,29.13
BATCH00771,Wheat,North,Rabi,438.78,11.65,28.45,3.5,0.9,7,B,9.25,Transit,82.17,Low,3.13,9.28,"₹ 1,373.38","₹ 4,071.88","₹ 2,698.50",66.27%,40.59
BATCH00772,Wheat,West,Rabi,549.12,16.44,27.96,0.9,1.1,2,B,2.24,Warehouse,96.08,High,9.6,5.73,"₹ 5,271.55","₹ 3,146.46","-₹ 2,125.09",-67.54%,12.30
BATCH00773,Barley,West,Kharif,464.2,9.95,20.53,1.1,0.5,6,C,8.13,Farm,65,Low,5.31,9.11,"₹ 2,464.90","₹ 4,228.86","₹ 1,763.96",41.71%,37.74
BATCH00774,Rice,West,Kharif,486.06,16.27,26.71,1.1,0.7,9,B,5.03,Transit,78.96,Medium,5.83,10.13,"₹ 2,833.73","₹ 4,923.79","₹ 2,090.06",42.45%,24.45
BATCH00775,Wheat,West,Rabi,573.97,13.63,39.52,0.9,4.6,7,B,8.1,Warehouse,97.01,High,9.35,5.65,"₹ 5,366.62","₹ 3,242.93","-₹ 2,123.69",-65.49%,46.49
BATCH00776,Wheat,North,Rabi,309.06,15.62,37.47,5.2,0.2,2,A,5.3,Warehouse,85.97,Medium,6.69,10.1,"₹ 2,067.61","₹ 3,121.51","₹ 1,053.89",33.76%,16.38
BATCH00777,Barley,East,Rabi,631.83,15.14,26.59,3.5,0.5,19,C,4.08,Farm,53.12,Medium,6.96,14.59,"₹ 4,397.54","₹ 9,218.40","₹ 4,820.86",52.30%,25.78
BATCH00778,Barley,East,Kharif,507.27,10.08,31.76,0.2,0.3,8,A,7.12,Warehouse,68.94,Low,4.23,14.79,"₹ 2,145.75","₹ 7,502.52","₹ 5,356.77",71.40%,36.12
BATCH00779,Maize,East,Rabi,458.85,13.69,36.95,0.2,1.4,11,B,9.06,Farm,54.29,Low,6.49,10.32,"₹ 2,977.94","₹ 4,735.33","₹ 1,757.40",37.11%,41.57
BATCH00780,Wheat,East,Kharif,491.08,16.68,28.83,1.1,1.4,25,A,3.54,Farm,93.07,High,9.43,10.15,"₹ 4,630.88","₹ 4,984.46",₹ 353.58,7.09%,17.38
BATCH00781,Maize,South,Rabi,496.24,12.32,20.36,0.2,0.3,4,C,4.88,Farm,81.08,Low,6.91,7.86,"₹ 3,429.02","₹ 3,900.45",₹ 471.43,12.09%,24.22
BATCH00782,Barley,East,Rabi,326.88,17.67,21.49,1.9,0.1,16,A,2.68,Warehouse,97.82,Medium,4.79,14.97,"₹ 1,565.76","₹ 4,893.39","₹ 3,327.64",68.00%,8.76
BATCH00783,Barley,South,Rabi,649.49,12.52,30.21,0.3,0,25,A,2.24,Farm,50.99,Medium,3.22,7.74,"₹ 2,091.36","₹ 5,027.05","₹ 2,935.69",58.40%,14.55
BATCH00784,Rice,South,Kharif,504.13,9.43,39.39,1.5,0.6,18,B,7.89,Farm,71.15,Medium,5.35,9.53,"₹ 2,697.10","₹ 4,804.36","₹ 2,107.26",43.86%,39.78
BATCH00785,Wheat,West,Kharif,544.3,11.89,33.86,0,0.5,13,C,2.41,Warehouse,55.22,High,7.01,5.03,"₹ 3,815.54","₹ 2,737.83","-₹ 1,077.71",-39.36%,13.12
BATCH00786,Maize,South,Rabi,595.15,17.52,21.42,0.8,4.5,27,B,8.04,Farm,67.52,Low,3.3,8.49,"₹ 1,964.00","₹ 5,052.82","₹ 3,088.83",61.13%,47.85
BATCH00787,Barley,North,Kharif,397.88,11.2,23.79,2.3,0.6,5,B,4.58,Transit,58.09,Medium,7.27,5.71,"₹ 2,892.59","₹ 2,271.89",-₹ 620.69,-27.32%,18.22
BATCH00788,Barley,South,Rabi,547.35,16.68,35.43,1.3,0.3,27,C,9.95,Warehouse,66.44,High,6.66,12.44,"₹ 3,645.35","₹ 6,809.03","₹ 3,163.68",46.46%,54.46
BATCH00789,Maize,West,Kharif,473.24,16.81,36.83,7.7,2.2,2,A,2.37,Warehouse,90.96,Low,8.48,10.61,"₹ 4,013.08","₹ 5,021.08","₹ 1,008.00",20.08%,11.22
BATCH00790,Rice,South,Kharif,584.68,11.5,32.35,4.1,0.7,11,B,1.38,Warehouse,58.03,Low,3.2,10.72,"₹ 1,870.98","₹ 6,267.77","₹ 4,396.79",70.15%,8.07
BATCH00791,Barley,North,Kharif,287.28,8.83,32.89,0.9,0.9,1,A,1.22,Transit,73.68,Medium,8.47,7.87,"₹ 2,433.26","₹ 2,260.89",-₹ 172.37,-7.62%,3.50
BATCH00792,Wheat,North,Rabi,490.09,15.25,20.57,0.1,0.1,13,C,8.44,Farm,96.08,High,6.65,13.15,"₹ 3,259.10","₹ 6,444.68","₹ 3,185.59",49.43%,41.36
BATCH00793,Barley,North,Kharif,439.72,11.12,36.57,3.7,0.5,5,B,4.66,Warehouse,99.94,Medium,5.59,5.03,"₹ 2,458.03","₹ 2,211.79",-₹ 246.24,-11.13%,20.49
BATCH00794,Wheat,West,Kharif,543.23,15.83,35.77,4.8,2.9,18,A,0.53,Warehouse,62.53,Medium,9.76,8.34,"₹ 5,301.92","₹ 4,530.54",-₹ 771.39,-17.03%,2.88
BATCH00795,Maize,West,Rabi,547,12.43,25.18,3.4,0.9,14,A,8.81,Warehouse,96.78,High,4.12,11.59,"₹ 2,253.64","₹ 6,339.73","₹ 4,086.09",64.45%,48.19
BATCH00796,Wheat,East,Rabi,429.24,12.85,34.17,0.3,0.4,13,B,8.83,Transit,63.07,Medium,6.79,14.08,"₹ 2,914.54","₹ 6,043.70","₹ 3,129.16",51.78%,37.90
BATCH00797,Maize,West,Rabi,428.78,15.78,24.3,12.3,1,7,C,8.16,Transit,70.68,High,5.25,7.35,"₹ 2,251.10","₹ 3,151.53",₹ 900.44,28.57%,34.99
BATCH00798,Wheat,North,Rabi,488.93,11.82,20.81,0.6,2.4,8,A,2.86,Transit,93.9,High,6.69,10.41,"₹ 3,270.94","₹ 5,089.76","₹ 1,818.82",35.73%,13.98
BATCH00799,Maize,North,Kharif,410.34,12.43,24.02,2.6,0.3,18,C,4.04,Farm,89.31,Medium,6.87,10.38,"₹ 2,819.04","₹ 4,259.33","₹ 1,440.29",33.82%,16.58
BATCH00800,Wheat,West,Kharif,584.2,11.76,23.57,4.8,0.7,7,B,7.58,Farm,92.87,Medium,3.63,13.74,"₹ 2,120.65","₹ 8,026.91","₹ 5,906.26",73.58%,44.28
BATCH00801,Rice,South,Kharif,463.08,11.67,26.75,0.5,3.2,20,A,5.15,Transit,90.01,Low,7.63,5.51,"₹ 3,533.30","₹ 2,551.57",-₹ 981.73,-38.48%,23.85
BATCH00802,Wheat,West,Kharif,209.3,13.26,28.37,4.8,0.2,17,A,1.96,Farm,61.75,Low,7.44,9.24,"₹ 1,557.19","₹ 1,933.93",₹ 376.74,19.48%,4.10
BATCH00803,Wheat,West,Kharif,462.52,16.09,30.17,0.7,1.3,16,A,2.81,Transit,77.94,High,8.39,6.82,"₹ 3,880.54","₹ 3,154.39",-₹ 726.16,-23.02%,13.00
BATCH00804,Rice,North,Rabi,396.15,11.62,29.54,7.5,1,11,C,9.74,Farm,69.26,High,3.63,5.22,"₹ 1,438.02","₹ 2,067.90",₹ 629.88,30.46%,38.59
BATCH00805,Barley,East,Kharif,336.87,13.24,25.41,0.7,1.1,19,A,1.93,Farm,72.99,High,5.08,6.47,"₹ 1,711.30","₹ 2,179.55",₹ 468.25,21.48%,6.50
BATCH00806,Barley,North,Kharif,376.26,14.71,20.58,6.1,0.4,27,A,7.4,Transit,57.7,Low,7.55,14.76,"₹ 2,840.76","₹ 5,553.60","₹ 2,712.83",48.85%,27.84
BATCH00807,Wheat,East,Kharif,510.94,10.69,32.1,0.1,0.4,28,B,5.04,Warehouse,65.79,Medium,3.96,7.15,"₹ 2,023.32","₹ 3,653.22","₹ 1,629.90",44.62%,25.75
BATCH00808,Rice,North,Rabi,632.86,10.78,27.91,2.5,1.2,1,A,7.61,Warehouse,92.88,Medium,7.74,14.35,"₹ 4,898.34","₹ 9,081.54","₹ 4,183.20",46.06%,48.16
BATCH00809,Wheat,West,Rabi,531.32,17.33,25.97,1.5,0.2,21,C,6.78,Farm,94.88,Low,3.41,7.05,"₹ 1,811.80","₹ 3,745.81","₹ 1,934.00",51.63%,36.02
BATCH00810,Maize,North,Kharif,439.35,15.24,37.34,1.3,0.5,29,B,4.67,Farm,80.51,Medium,5.34,14.31,"₹ 2,346.13","₹ 6,287.10","₹ 3,940.97",62.68%,20.52
BATCH00811,Maize,North,Rabi,545.59,13.77,34.93,0.5,0.2,8,B,3.86,Farm,74.91,Medium,8.93,11.55,"₹ 4,872.12","₹ 6,301.56","₹ 1,429.45",22.68%,21.06
BATCH00812,Wheat,North,Rabi,454.09,14.48,37.16,2.4,0,1,A,7.67,Farm,85.64,Medium,8.42,6.13,"₹ 3,823.44","₹ 2,783.57","-₹ 1,039.87",-37.36%,34.83
BATCH00813,Barley,West,Rabi,430.54,8.29,29.9,0.4,3.5,9,B,3.57,Farm,80.44,Low,7.51,10.82,"₹ 3,233.36","₹ 4,658.44","₹ 1,425.09",30.59%,15.37
BATCH00814,Barley,West,Rabi,384.56,14.18,22.62,1.6,0.6,19,A,7.98,Farm,99.18,High,9.09,8.19,"₹ 3,495.65","₹ 3,149.55",-₹ 346.10,-10.99%,30.69
BATCH00815,Wheat,West,Rabi,324.82,13.1,33.92,0.6,3.5,21,B,6.96,Transit,59.5,Medium,7.96,8.83,"₹ 2,585.57","₹ 2,868.16",₹ 282.59,9.85%,22.61
BATCH00816,Wheat,West,Rabi,461.01,13.46,24.12,6.2,0.2,9,C,5.99,Warehouse,72.45,Medium,6.64,9.4,"₹ 3,061.11","₹ 4,333.49","₹ 1,272.39",29.36%,27.61
BATCH00817,Maize,East,Rabi,515.81,11.59,28.82,0.1,0.9,21,A,4,Warehouse,95.91,High,9.86,9.23,"₹ 5,085.89","₹ 4,760.93",-₹ 324.96,-6.83%,20.63
BATCH00818,Barley,East,Kharif,490.34,8.81,21.3,0.4,0.2,25,C,2.45,Transit,95.74,Medium,7.86,11.64,"₹ 3,854.07","₹ 5,707.56","₹ 1,853.49",32.47%,12.01
BATCH00819,Wheat,South,Kharif,458.4,9.93,36.51,0.6,1.6,10,A,7.25,Transit,74.77,Medium,7.21,12.68,"₹ 3,305.06","₹ 5,812.51","₹ 2,507.45",43.14%,33.23
BATCH00820,Maize,West,Rabi,405.43,17.51,22.52,1.1,1.5,24,C,1.37,Warehouse,56.74,High,5.86,8.29,"₹ 2,375.82","₹ 3,361.01",₹ 985.19,29.31%,5.55
BATCH00821,Barley,East,Kharif,560.82,12.09,38.06,0.5,0.1,23,C,9.72,Warehouse,90.75,Low,9.32,14.24,"₹ 5,226.84","₹ 7,986.08","₹ 2,759.23",34.55%,54.51
BATCH00822,Rice,North,Kharif,368.29,12.67,37.28,1.4,2.4,11,B,9.8,Farm,79.26,Low,5.07,14.38,"₹ 1,867.23","₹ 5,296.01","₹ 3,428.78",64.74%,36.09
BATCH00823,Maize,West,Rabi,577.6,8.53,29.29,4.1,0.2,1,A,1.74,Warehouse,88.66,Medium,3.06,5.41,"₹ 1,767.46","₹ 3,124.82","₹ 1,357.36",43.44%,10.05
BATCH00824,Barley,South,Kharif,399.78,8.38,34.89,2.5,0.9,20,B,1.49,Farm,73.13,Medium,4.38,5.15,"₹ 1,751.04","₹ 2,058.87",₹ 307.83,14.95%,5.96
BATCH00825,Barley,South,Rabi,424.76,15.17,32.39,1.7,4.2,25,C,4.42,Farm,60.19,High,3.77,9.25,"₹ 1,601.35","₹ 3,929.03","₹ 2,327.68",59.24%,18.77
BATCH00826,Maize,South,Rabi,353.32,13.38,36.06,0.2,2.1,26,A,9.65,Warehouse,51.2,High,5.23,10.91,"₹ 1,847.86","₹ 3,854.72","₹ 2,006.86",52.06%,34.10
BATCH00827,Rice,North,Rabi,449.86,13.09,28.64,2.4,3.1,8,C,4.3,Farm,77.96,Medium,8.78,7.78,"₹ 3,949.77","₹ 3,499.91",-₹ 449.86,-12.85%,19.34
BATCH00828,Maize,East,Kharif,597.53,10.43,35.72,0.4,0.4,20,C,3.96,Farm,58.05,Medium,7.56,7.59,"₹ 4,517.33","₹ 4,535.25",₹ 17.93,0.40%,23.66
BATCH00829,Barley,North,Kharif,551.56,15.45,29.25,3.1,0.1,12,C,7.18,Transit,59.36,Low,4.18,11.78,"₹ 2,305.52","₹ 6,497.38","₹ 4,191.86",64.52%,39.60
BATCH00830,Wheat,West,Kharif,597.84,9.68,38.82,0.6,0.2,1,C,2.2,Warehouse,71.82,Low,8.52,11.02,"₹ 5,093.60","₹ 6,588.20","₹ 1,494.60",22.69%,13.15
BATCH00831,Wheat,South,Kharif,552.21,9.9,29.73,1.1,0.7,10,B,3.95,Transit,72.1,Low,6.53,6.67,"₹ 3,605.93","₹ 3,683.24",₹ 77.31,2.10%,21.81
BATCH00832,Maize,North,Rabi,389.63,12.61,29.25,0.9,1.6,4,C,3.27,Farm,63.72,Low,6.59,13.85,"₹ 2,567.66","₹ 5,396.38","₹ 2,828.71",52.42%,12.74
BATCH00833,Barley,North,Rabi,466.92,10.86,35.7,3.9,0.2,15,B,6.21,Farm,56.6,High,5.53,11.8,"₹ 2,582.07","₹ 5,509.66","₹ 2,927.59",53.14%,29.00
BATCH00834,Wheat,East,Kharif,421.98,10.47,36.43,0.3,1.1,19,C,2.05,Transit,97.25,Low,9.05,8.63,"₹ 3,818.92","₹ 3,641.69",-₹ 177.23,-4.87%,8.65
BATCH00835,Barley,East,Rabi,633.06,14.45,31.09,1.7,0.4,6,A,5.71,Transit,56.58,Low,5.23,11.84,"₹ 3,310.90","₹ 7,495.43","₹ 4,184.53",55.83%,36.15
BATCH00836,Maize,South,Rabi,380.32,14.51,23.6,0.3,0.4,27,C,8.65,Transit,67.54,Medium,3.66,6.13,"₹ 1,391.97","₹ 2,331.36",₹ 939.39,40.29%,32.90
BATCH00837,Wheat,North,Kharif,589.37,16.25,29.36,2.4,1.1,5,C,5.38,Farm,65.24,Low,5.12,9.68,"₹ 3,017.57","₹ 5,705.10","₹ 2,687.53",47.11%,31.71
BATCH00838,Barley,North,Rabi,589.3,12.18,39.36,4.7,0.6,5,A,6.99,Warehouse,93.32,Medium,8.01,6.69,"₹ 4,720.29","₹ 3,942.42",-₹ 777.88,-19.73%,41.19
BATCH00839,Wheat,East,Kharif,682.96,8.73,35.06,1.1,1.7,18,A,1.21,Farm,70.5,Medium,7.6,5.41,"₹ 5,190.50","₹ 3,694.81","-₹ 1,495.68",-40.48%,8.26
BATCH00840,Maize,North,Rabi,459.03,10.74,36.22,1.3,0.2,28,C,4.77,Transit,56.2,Low,4.32,8.38,"₹ 1,983.01","₹ 3,846.67","₹ 1,863.66",48.45%,21.90
BATCH00841,Barley,North,Kharif,571.23,17.8,20.66,5.2,1.6,3,C,1.4,Warehouse,50.51,Low,3.78,6.51,"₹ 2,159.25","₹ 3,718.71","₹ 1,559.46",41.94%,8.00
BATCH00842,Wheat,North,Rabi,728.17,13.96,29.36,1.5,0.1,27,B,6.19,Transit,86.1,Medium,7.63,11.34,"₹ 5,555.94","₹ 8,257.45","₹ 2,701.51",32.72%,45.07
BATCH00843,Maize,East,Rabi,438.24,15.1,32.93,1.3,0.2,22,A,3.17,Farm,85.73,High,7.73,11.74,"₹ 3,387.60","₹ 5,144.94","₹ 1,757.34",34.16%,13.89
BATCH00844,Wheat,South,Kharif,346.5,8.07,36.6,1.7,1.1,2,A,3.23,Warehouse,70.89,Medium,5.56,6.49,"₹ 1,926.54","₹ 2,248.79",₹ 322.25,14.33%,11.19
BATCH00845,Wheat,West,Kharif,312,13.18,20.99,2.3,1.9,4,B,1.23,Warehouse,56.32,High,8.9,5.25,"₹ 2,776.80","₹ 1,638.00","-₹ 1,138.80",-69.52%,3.84
BATCH00846,Rice,South,Kharif,571.27,8.38,37.05,0.2,0.3,18,C,3.45,Farm,68.58,High,9.85,12.93,"₹ 5,627.01","₹ 7,386.52","₹ 1,759.51",23.82%,19.71
BATCH00847,Rice,West,Kharif,311.68,13.69,30.97,3.4,0.4,9,C,5.31,Transit,79.49,Low,4.44,5.02,"₹ 1,383.86","₹ 1,564.63",₹ 180.77,11.55%,16.55
BATCH00848,Maize,North,Rabi,462.77,17.21,23.95,1.1,0.8,19,A,6.05,Transit,85.2,Low,7.04,8.44,"₹ 3,257.90","₹ 3,905.78",₹ 647.88,16.59%,28.00
BATCH00849,Rice,South,Rabi,543.73,17.68,26.35,0.2,0.2,26,B,1.13,Transit,53.91,Low,3.04,9.95,"₹ 1,652.94","₹ 5,410.11","₹ 3,757.17",69.45%,6.14
BATCH00850,Maize,West,Kharif,518.52,13.41,25.64,3.1,1.7,10,C,6.69,Farm,77.82,Low,7.99,13.19,"₹ 4,142.97","₹ 6,839.28","₹ 2,696.30",39.42%,34.69
BATCH00851,Rice,East,Rabi,542.54,12.58,30.62,0.9,1.5,22,A,5.14,Transit,63.81,Medium,5.9,13.39,"₹ 3,200.99","₹ 7,264.61","₹ 4,063.62",55.94%,27.89
BATCH00852,Wheat,East,Kharif,522.23,17.45,21.03,0.2,0.2,15,C,5.6,Warehouse,80.86,High,4.35,12.25,"₹ 2,271.70","₹ 6,397.32","₹ 4,125.62",64.49%,29.24
BATCH00853,Maize,South,Kharif,627.89,14.74,23.17,2,0.6,1,C,8.41,Transit,82.41,Medium,8.27,7.47,"₹ 5,192.65","₹ 4,690.34",-₹ 502.31,-10.71%,52.81
BATCH00854,Maize,South,Rabi,404.77,8.65,36.25,4.2,1.5,29,C,3.75,Transit,95.53,High,8.67,12.2,"₹ 3,509.36","₹ 4,938.19","₹ 1,428.84",28.93%,15.18
BATCH00855,Wheat,North,Rabi,432.3,12.66,22.65,4.4,0.4,11,A,2.15,Warehouse,70.52,Medium,3.78,7.47,"₹ 1,634.09","₹ 3,229.28","₹ 1,595.19",49.40%,9.29
BATCH00856,Maize,South,Kharif,422.73,10.4,24.67,6.3,1,14,B,5.74,Warehouse,76.88,High,3.29,7.15,"₹ 1,390.78","₹ 3,022.52","₹ 1,631.74",53.99%,24.26
BATCH00857,Maize,North,Kharif,583.02,12.7,29.07,4,0.1,10,B,9.48,Transit,63.41,Low,5.34,10.47,"₹ 3,113.33","₹ 6,104.22","₹ 2,990.89",49.00%,55.27
BATCH00858,Rice,North,Kharif,590.04,12.55,30.34,0,0.9,19,C,5.42,Warehouse,64.33,High,7.38,11.79,"₹ 4,354.50","₹ 6,956.57","₹ 2,602.08",37.40%,31.98
BATCH00859,Maize,East,Rabi,545.12,13.82,35.27,1,0.2,24,B,8.4,Farm,52.3,Low,8.55,5.53,"₹ 4,660.78","₹ 3,014.51","-₹ 1,646.26",-54.61%,45.79
BATCH00860,Barley,East,Rabi,618.35,11.57,28.95,3.4,1.8,21,C,7.69,Warehouse,64.3,High,6.82,5.6,"₹ 4,217.15","₹ 3,462.76",-₹ 754.39,-21.79%,47.55
BATCH00861,Wheat,West,Rabi,382.2,9.64,35.8,0.9,0.4,16,A,5.42,Farm,53.19,Medium,7.07,12.84,"₹ 2,702.15","₹ 4,907.45","₹ 2,205.29",44.94%,20.72
BATCH00862,Rice,East,Rabi,666.72,13.04,32.37,1.8,0.3,8,A,6.65,Warehouse,98.2,High,8.6,13.59,"₹ 5,733.79","₹ 9,060.72","₹ 3,326.93",36.72%,44.34
BATCH00863,Rice,East,Kharif,652.32,16.3,22.26,1.9,1.8,2,A,4.36,Farm,81.21,Medium,6.7,11.04,"₹ 4,370.54","₹ 7,201.61","₹ 2,831.07",39.31%,28.44
BATCH00864,Barley,South,Kharif,573.56,14.64,23.13,0.9,0.1,23,C,5.54,Farm,58.66,Medium,7.28,9.29,"₹ 4,175.52","₹ 5,328.37","₹ 1,152.86",21.64%,31.78
BATCH00865,Wheat,East,Kharif,678.18,11.38,28.74,4.7,0.5,25,B,5.32,Transit,55.84,Low,6.61,13.45,"₹ 4,482.77","₹ 9,121.52","₹ 4,638.75",50.86%,36.08
BATCH00866,Wheat,West,Kharif,334.34,17.36,27.94,1.4,0.5,7,A,7.24,Warehouse,68.51,High,9.16,12.29,"₹ 3,062.55","₹ 4,109.04","₹ 1,046.48",25.47%,24.21
BATCH00867,Rice,South,Kharif,447.56,17.12,34.87,1.3,0.3,19,C,4.39,Warehouse,65.38,Medium,4.65,10.8,"₹ 2,081.15","₹ 4,833.65","₹ 2,752.49",56.94%,19.65
BATCH00868,Maize,West,Kharif,426.47,10.09,31.61,12,2.4,7,B,1.45,Warehouse,63.96,High,4.85,8.2,"₹ 2,068.38","₹ 3,497.05","₹ 1,428.67",40.85%,6.18
BATCH00869,Rice,East,Rabi,572.15,8.39,27.76,1.4,1.4,15,B,7.99,Farm,73.41,Low,3.9,6.98,"₹ 2,231.39","₹ 3,993.61","₹ 1,762.22",44.13%,45.71
BATCH00870,Wheat,West,Rabi,394.99,15.41,23.42,0.4,0.1,8,B,7.01,Transit,95.64,Low,8.74,9.19,"₹ 3,452.21","₹ 3,629.96",₹ 177.75,4.90%,27.69
BATCH00871,Barley,South,Kharif,575.75,16.28,24.54,1.4,1.3,14,C,9.53,Warehouse,78.4,High,5.88,7.87,"₹ 3,385.41","₹ 4,531.15","₹ 1,145.74",25.29%,54.87
BATCH00872,Rice,North,Kharif,637.05,17.68,31.51,3.4,0.7,1,C,4.57,Transit,76.06,Medium,5.44,8.39,"₹ 3,465.55","₹ 5,344.85","₹ 1,879.30",35.16%,29.11
BATCH00873,Wheat,West,Rabi,569.52,16.9,28.47,3,2.3,29,C,1.24,Transit,90.33,Medium,9.87,10.16,"₹ 5,621.16","₹ 5,786.32",₹ 165.16,2.85%,7.06
BATCH00874,Rice,West,Rabi,528.38,14.01,30.3,3.1,0.4,13,A,1.66,Farm,50.2,Medium,9.49,6.69,"₹ 5,014.33","₹ 3,534.86","-₹ 1,479.46",-41.85%,8.77
BATCH00875,Maize,South,Rabi,401.21,13.3,23.41,2.5,0.9,3,C,7.85,Warehouse,59.87,High,9.8,13.06,"₹ 3,931.86","₹ 5,239.80","₹ 1,307.94",24.96%,31.49
BATCH00876,Rice,South,Rabi,415.31,8.28,33.26,0.6,0.7,21,A,1.14,Transit,74.81,Medium,4,6.46,"₹ 1,661.24","₹ 2,682.90","₹ 1,021.66",38.08%,4.73
BATCH00877,Rice,West,Kharif,624.96,10.47,37.05,4,0.7,28,A,9.12,Warehouse,85.27,Medium,9.24,9.81,"₹ 5,774.63","₹ 6,130.86",₹ 356.23,5.81%,57.00
BATCH00878,Wheat,East,Kharif,577.93,12.6,25.16,4.5,0.6,6,A,3.18,Warehouse,74.25,Medium,5.3,12.46,"₹ 3,063.03","₹ 7,201.01","₹ 4,137.98",57.46%,18.38
BATCH00879,Wheat,West,Kharif,496.1,14.29,29.83,0.4,0.2,19,C,9.04,Warehouse,58.19,Low,3.09,9.85,"₹ 1,532.95","₹ 4,886.59","₹ 3,353.64",68.63%,44.85
BATCH00880,Wheat,South,Kharif,458.21,13.57,39.51,0.3,1.4,15,A,7.85,Transit,96.5,Medium,5.74,8.61,"₹ 2,630.13","₹ 3,945.19","₹ 1,315.06",33.33%,35.97
BATCH00881,Rice,North,Kharif,297.42,15.43,26.66,7.4,0.6,4,C,8.78,Farm,66.43,High,6.56,9.75,"₹ 1,951.08","₹ 2,899.85",₹ 948.77,32.72%,26.11
BATCH00882,Maize,North,Rabi,392.91,10.8,31.9,4.1,3.2,21,C,2.53,Farm,89.41,High,3.76,13.49,"₹ 1,477.34","₹ 5,300.36","₹ 3,823.01",72.13%,9.94
BATCH00883,Barley,East,Kharif,691.14,13.65,21.8,4.5,0.3,3,A,6.16,Transit,94.57,Medium,6.76,14.9,"₹ 4,672.11","₹ 10,297.99","₹ 5,625.88",54.63%,42.57
BATCH00884,Barley,West,Rabi,371.95,8.88,32.12,4.3,1.1,4,A,1.39,Warehouse,67.32,High,8.74,11.31,"₹ 3,250.84","₹ 4,206.75",₹ 955.91,22.72%,5.17
BATCH00885,Wheat,North,Kharif,518.95,12.14,21.79,1.6,2.8,5,A,2.42,Warehouse,92.27,High,5.64,12.93,"₹ 2,926.88","₹ 6,710.02","₹ 3,783.15",56.38%,12.56
BATCH00886,Wheat,West,Kharif,600.74,15.5,39.18,2.1,1.1,18,C,3.44,Farm,85.54,Medium,5.47,5.14,"₹ 3,286.05","₹ 3,087.80",-₹ 198.24,-6.42%,20.67
BATCH00887,Rice,South,Kharif,374.51,14.93,34.31,1.6,2.1,26,C,7.54,Transit,95.21,Low,5.37,13.8,"₹ 2,011.12","₹ 5,168.24","₹ 3,157.12",61.09%,28.24
BATCH00888,Barley,North,Kharif,518.47,17.91,35.76,0.1,1.8,25,A,0.73,Transit,62.57,Medium,9.46,14.54,"₹ 4,904.73","₹ 7,538.55","₹ 2,633.83",34.94%,3.78
BATCH00889,Wheat,East,Kharif,593.79,10.78,34.08,2.7,0.4,10,A,9.08,Farm,96.56,High,3.34,10.75,"₹ 1,983.26","₹ 6,383.24","₹ 4,399.98",68.93%,53.92
BATCH00890,Maize,South,Rabi,501.25,12.98,31.79,1.4,0.9,8,B,1.17,Transit,53.27,High,6.12,12.54,"₹ 3,067.65","₹ 6,285.68","₹ 3,218.03",51.20%,5.86
BATCH00891,Maize,East,Rabi,786.84,11.3,29,2.1,0.2,12,A,4.08,Transit,89.68,Medium,4.85,10.13,"₹ 3,816.17","₹ 7,970.69","₹ 4,154.52",52.12%,32.10
BATCH00892,Wheat,South,Rabi,333.14,12.41,37.17,1.4,0.8,22,B,1.27,Farm,71.78,High,9.26,7.86,"₹ 3,084.88","₹ 2,618.48",-₹ 466.40,-17.81%,4.23
BATCH00893,Wheat,North,Kharif,605.87,16.57,39.14,1.4,0.3,26,B,7.81,Farm,58.89,Low,3.67,13.52,"₹ 2,223.54","₹ 8,191.36","₹ 5,967.82",72.86%,47.32
BATCH00894,Barley,East,Kharif,482.72,14.84,29.98,0.4,1.4,27,C,1.84,Transit,53.97,Medium,5.88,10.97,"₹ 2,838.39","₹ 5,295.44","₹ 2,457.04",46.40%,8.88
BATCH00895,Barley,East,Rabi,577.19,16.82,38.63,0.7,0.8,3,C,8.91,Transit,69.48,High,5.85,10.79,"₹ 3,376.56","₹ 6,227.88","₹ 2,851.32",45.78%,51.43
BATCH00896,Rice,South,Kharif,544.13,10.04,31.67,0.3,0.5,27,B,5.54,Farm,69.47,Low,9.22,11.59,"₹ 5,016.88","₹ 6,306.47","₹ 1,289.59",20.45%,30.14
BATCH00897,Barley,East,Kharif,426.68,16.73,30.77,0.4,0.3,18,B,9.51,Farm,61.5,High,4.51,13.56,"₹ 1,924.33","₹ 5,785.78","₹ 3,861.45",66.74%,40.58
BATCH00898,Maize,South,Rabi,522.9,8.6,29.09,7.2,6.6,23,A,3.26,Warehouse,60.78,Low,7.51,12.32,"₹ 3,926.98","₹ 6,442.13","₹ 2,515.15",39.04%,17.05
BATCH00899,Maize,South,Kharif,314.21,16.89,24.19,0.3,0.1,8,B,4.82,Transit,69.98,High,3.94,7.11,"₹ 1,237.99","₹ 2,234.03",₹ 996.05,44.59%,15.14
BATCH00900,Wheat,South,Rabi,560.32,11.29,20.07,0.6,0,26,A,7.1,Transit,70.51,Medium,9.68,9.67,"₹ 5,423.90","₹ 5,418.29",-₹ 5.60,-0.10%,39.78
BATCH00901,Barley,South,Kharif,529.82,11.15,24.83,1.8,0.2,1,C,8.4,Farm,72.12,High,7.15,14.8,"₹ 3,788.21","₹ 7,841.34","₹ 4,053.12",51.69%,44.50
BATCH00902,Rice,North,Rabi,563.87,13.12,30.19,1.9,3.5,14,A,4.5,Farm,93.44,Medium,7.38,10.55,"₹ 4,161.36","₹ 5,948.83","₹ 1,787.47",30.05%,25.37
BATCH00903,Maize,South,Kharif,605.81,17.41,27.6,0.3,3.9,22,C,8.98,Warehouse,80.56,Low,6.04,14.38,"₹ 3,659.09","₹ 8,711.55","₹ 5,052.46",58.00%,54.40
BATCH00904,Maize,West,Kharif,536.76,8.48,28.97,3.2,1.1,23,B,1.62,Warehouse,51.02,Low,5.4,13.13,"₹ 2,898.50","₹ 7,047.66","₹ 4,149.15",58.87%,8.70
BATCH00905,Rice,East,Rabi,514.81,11.52,39.61,3.1,2.1,13,B,7.23,Farm,75.95,High,4.49,11.66,"₹ 2,311.50","₹ 6,002.68","₹ 3,691.19",61.49%,37.22
BATCH00906,Rice,West,Kharif,411.89,16.57,27.01,0.5,0.2,25,B,3.81,Transit,88.12,Medium,7.23,8.49,"₹ 2,977.96","₹ 3,496.95",₹ 518.98,14.84%,15.69
BATCH00907,Maize,North,Kharif,428.78,11.96,29.04,0.7,3.6,12,A,1.46,Warehouse,52.82,Medium,9.68,8.04,"₹ 4,150.59","₹ 3,447.39",-₹ 703.20,-20.40%,6.26
BATCH00908,Maize,West,Rabi,618.67,9.99,22.67,5.6,0.2,3,C,4.17,Farm,71.13,Low,5.52,11.43,"₹ 3,415.06","₹ 7,071.40","₹ 3,656.34",51.71%,25.80
BATCH00909,Rice,East,Kharif,643.63,12.25,20.96,3.5,0.1,18,C,8.86,Farm,72.56,Low,9.18,9.33,"₹ 5,908.52","₹ 6,005.07",₹ 96.54,1.61%,57.03
BATCH00910,Maize,West,Rabi,476.19,11.86,35.51,2.4,0.1,21,C,9.82,Farm,97.7,High,4.04,12.99,"₹ 1,923.81","₹ 6,185.71","₹ 4,261.90",68.90%,46.76
BATCH00911,Wheat,North,Kharif,504.6,17.15,31.41,0.2,0.9,13,C,4.23,Transit,73.78,Low,9.55,12.6,"₹ 4,818.93","₹ 6,357.96","₹ 1,539.03",24.21%,21.34
BATCH00912,Wheat,South,Kharif,409.54,15.62,35.21,1.1,1.5,15,C,8.92,Farm,87.5,Low,5.45,8.12,"₹ 2,231.99","₹ 3,325.46","₹ 1,093.47",32.88%,36.53
BATCH00913,Rice,West,Kharif,617.28,13.05,23,1.6,0.5,10,A,5.34,Farm,65.15,Medium,5.66,12.03,"₹ 3,493.80","₹ 7,425.88","₹ 3,932.07",52.95%,32.96
BATCH00914,Barley,North,Kharif,566.54,17.88,31.44,0.4,3.8,1,C,7.31,Transit,88.97,Medium,6.24,9.95,"₹ 3,535.21","₹ 5,637.07","₹ 2,101.86",37.29%,41.41
BATCH00915,Rice,North,Rabi,694.12,12.65,25.07,1.2,0.6,29,B,0.93,Farm,66.13,Medium,8.03,8.23,"₹ 5,573.78","₹ 5,712.61",₹ 138.82,2.43%,6.46
BATCH00916,Rice,East,Kharif,412.17,8.58,24.56,1.8,0.2,6,C,5.79,Farm,71.5,Low,8.04,9.13,"₹ 3,313.85","₹ 3,763.11",₹ 449.27,11.94%,23.86
BATCH00917,Barley,East,Rabi,462.2,10.62,20.23,0.8,0.6,9,B,1.17,Warehouse,73.97,High,6.36,13.95,"₹ 2,939.59","₹ 6,447.69","₹ 3,508.10",54.41%,5.41
BATCH00918,Barley,West,Kharif,523.14,12.36,22.61,3,1.1,10,A,3.05,Farm,96.32,High,6.66,8.6,"₹ 3,484.11","₹ 4,499.00","₹ 1,014.89",22.56%,15.96
BATCH00919,Barley,South,Kharif,564.65,9.57,26.19,3.7,1.8,15,A,5.88,Transit,52.67,Low,3.21,7.87,"₹ 1,812.53","₹ 4,443.80","₹ 2,631.27",59.21%,33.20
BATCH00920,Wheat,North,Kharif,478.43,17.48,22.34,0.8,0.6,9,B,8.17,Warehouse,59.84,High,5.13,8.52,"₹ 2,454.35","₹ 4,076.22","₹ 1,621.88",39.79%,39.09
BATCH00921,Maize,West,Kharif,412.7,15.67,39.72,3.6,0.9,23,C,5.83,Farm,85.29,Low,5.42,7.15,"₹ 2,236.83","₹ 2,950.81",₹ 713.97,24.20%,24.06
BATCH00922,Wheat,North,Rabi,588.14,10.68,26.17,0.2,0.3,14,A,9.39,Transit,78.88,High,6.91,10.45,"₹ 4,064.05","₹ 6,146.06","₹ 2,082.02",33.88%,55.23
BATCH00923,Maize,North,Rabi,572.11,13.91,22.61,3.6,1,11,A,8.2,Farm,62.58,Low,6.91,6.47,"₹ 3,953.28","₹ 3,701.55",-₹ 251.73,-6.80%,46.91
BATCH00924,Wheat,South,Rabi,408.37,15.21,23.98,0.3,4.3,7,A,1.98,Warehouse,64.46,Medium,7.97,13.17,"₹ 3,254.71","₹ 5,378.23","₹ 2,123.52",39.48%,8.09
BATCH00925,Maize,South,Rabi,635.54,17.41,31.75,0.2,0.1,24,C,4.2,Transit,68.37,High,8.02,7.26,"₹ 5,097.03","₹ 4,614.02",-₹ 483.01,-10.47%,26.69
BATCH00926,Wheat,West,Kharif,617.02,16.82,21.28,2.1,2.2,26,B,6.85,Warehouse,72.52,Medium,4.65,10.98,"₹ 2,869.14","₹ 6,774.88","₹ 3,905.74",57.65%,42.27
BATCH00927,Barley,South,Rabi,513.43,13.15,37.25,1.3,0.8,2,B,9.41,Transit,90.9,Medium,8.39,6.25,"₹ 4,307.68","₹ 3,208.94","-₹ 1,098.74",-34.24%,48.31
BATCH00928,Rice,South,Rabi,507.96,15.75,39.23,4.8,0.3,14,C,9.88,Transit,50.69,High,3.14,14.78,"₹ 1,594.99","₹ 7,507.65","₹ 5,912.65",78.76%,50.19
BATCH00929,Wheat,West,Kharif,555.41,13.62,24.93,0.9,3.1,6,A,7.75,Farm,94.9,Low,8.01,9.55,"₹ 4,448.83","₹ 5,304.17",₹ 855.33,16.13%,43.04
BATCH00930,Maize,South,Kharif,413.83,13.53,29,0.7,0.7,5,C,5.95,Transit,70.65,Medium,3.71,13.22,"₹ 1,535.31","₹ 5,470.83","₹ 3,935.52",71.94%,24.62
BATCH00931,Barley,East,Kharif,503,9.15,20.44,1.4,0.4,5,C,7.69,Transit,61.52,Medium,8.11,12.69,"₹ 4,079.33","₹ 6,383.07","₹ 2,303.74",36.09%,38.68
BATCH00932,Wheat,North,Kharif,284.76,9.26,32.81,1.2,0.2,29,B,3.1,Farm,75.42,Low,6.69,12.14,"₹ 1,905.04","₹ 3,456.99","₹ 1,551.94",44.89%,8.83
BATCH00933,Wheat,North,Rabi,587.65,13.3,28.28,0.8,0.3,19,C,3.19,Transit,82.98,Low,6.06,13.27,"₹ 3,561.16","₹ 7,798.12","₹ 4,236.96",54.33%,18.75
BATCH00934,Barley,North,Rabi,343.85,10.69,25.4,2.4,1.8,19,C,6.72,Transit,52.24,High,7.83,6,"₹ 2,692.35","₹ 2,063.10",-₹ 629.25,-30.50%,23.11
BATCH00935,Wheat,North,Kharif,650.34,8.21,24.14,2.9,1,6,A,8.78,Transit,85.79,High,3.25,11.78,"₹ 2,113.61","₹ 7,661.01","₹ 5,547.40",72.41%,57.10
BATCH00936,Rice,West,Kharif,466.99,15.23,33.08,3.8,2.4,28,A,9.71,Transit,88.04,Low,4.56,7.66,"₹ 2,129.47","₹ 3,577.14","₹ 1,447.67",40.47%,45.34
BATCH00937,Wheat,North,Kharif,478.83,8.32,28.32,7.2,0.3,26,B,3.74,Farm,58.31,Medium,7.32,12.86,"₹ 3,505.04","₹ 6,157.75","₹ 2,652.72",43.08%,17.91
BATCH00938,Rice,North,Rabi,437.23,13.95,23.59,0.6,0.1,29,A,8.07,Farm,58.39,Low,8.93,14.57,"₹ 3,904.46","₹ 6,370.44","₹ 2,465.98",38.71%,35.28
BATCH00939,Rice,North,Rabi,471.2,13.39,33.78,2.5,0,10,C,8.59,Warehouse,60.19,High,5.67,14.01,"₹ 2,671.70","₹ 6,601.51","₹ 3,929.81",59.53%,40.48
BATCH00940,Barley,North,Kharif,641.85,17.69,31.3,1,0.7,23,C,6.42,Transit,89.83,Medium,4.81,6.15,"₹ 3,087.30","₹ 3,947.38",₹ 860.08,21.79%,41.21
BATCH00941,Wheat,East,Kharif,251.22,12.84,37.17,2.3,6.4,14,C,3.8,Farm,63.6,Medium,6.63,8.7,"₹ 1,665.59","₹ 2,185.61",₹ 520.03,23.79%,9.55
BATCH00942,Barley,North,Rabi,627.7,8.64,22.35,1.3,1.2,17,B,6.38,Transit,89.8,High,7.36,8.64,"₹ 4,619.87","₹ 5,423.33",₹ 803.46,14.81%,40.05
BATCH00943,Wheat,East,Kharif,533.8,13.52,35.71,10.2,0.4,3,A,6.05,Farm,77.03,Medium,5.94,6.22,"₹ 3,170.77","₹ 3,320.24",₹ 149.46,4.50%,32.29
BATCH00944,Wheat,West,Kharif,379.3,16.41,33.47,2.6,2.1,28,C,6.26,Warehouse,88.36,Low,9.14,5.98,"₹ 3,466.80","₹ 2,268.21","-₹ 1,198.59",-52.84%,23.74
BATCH00945,Maize,South,Rabi,392.47,17.97,22.3,6.1,1.5,1,A,6.38,Transit,77.68,High,6.66,8.85,"₹ 2,613.85","₹ 3,473.36",₹ 859.51,24.75%,25.04
BATCH00946,Wheat,North,Kharif,667.64,12.3,33.9,3.6,0,10,A,8.55,Warehouse,66.79,Medium,3.25,14.92,"₹ 2,169.83","₹ 9,961.19","₹ 7,791.36",78.22%,57.08
BATCH00947,Barley,South,Rabi,405.45,11.2,28.83,4.7,1.7,3,A,2.12,Warehouse,95.54,High,4.56,10.69,"₹ 1,848.85","₹ 4,334.26","₹ 2,485.41",57.34%,8.60
BATCH00948,Rice,South,Kharif,384.66,17.07,38.9,3.4,0.4,5,A,3.99,Warehouse,85.76,Medium,6.15,11.22,"₹ 2,365.66","₹ 4,315.89","₹ 1,950.23",45.19%,15.35
BATCH00949,Wheat,West,Kharif,613.73,9.91,22.83,1.2,0.2,25,B,6.07,Farm,74.2,Low,7.88,9.71,"₹ 4,836.19","₹ 5,959.32","₹ 1,123.13",18.85%,37.25
BATCH00950,Maize,South,Rabi,533.86,14.15,32.86,0.6,0.3,19,B,3.19,Transit,81.87,High,4.54,11.62,"₹ 2,423.72","₹ 6,203.45","₹ 3,779.73",60.93%,17.03
BATCH00951,Barley,East,Rabi,406.21,12.06,27.64,0.9,0.6,10,B,9.79,Farm,80.79,Medium,9.83,14.57,"₹ 3,993.04","₹ 5,918.48","₹ 1,925.44",32.53%,39.77
BATCH00952,Wheat,South,Kharif,521.66,8.41,39.14,0,0.6,26,C,3,Farm,67.91,Low,5.23,10.89,"₹ 2,728.28","₹ 5,680.88","₹ 2,952.60",51.97%,15.65
BATCH00953,Barley,South,Rabi,397.42,11.47,26.6,1.5,0.3,25,C,4.96,Transit,71.19,Low,6.73,5.65,"₹ 2,674.64","₹ 2,245.42",-₹ 429.21,-19.12%,19.71
BATCH00954,Maize,South,Kharif,610.08,10.65,39.24,1.4,0.2,16,C,8.83,Transit,65.91,Low,3.13,9.93,"₹ 1,909.55","₹ 6,058.09","₹ 4,148.54",68.48%,53.87
BATCH00955,Maize,North,Kharif,606.14,14.86,38.03,1.5,1.4,1,B,1.26,Transit,99.98,Medium,9.19,14.93,"₹ 5,570.43","₹ 9,049.67","₹ 3,479.24",38.45%,7.64
BATCH00956,Barley,North,Rabi,553.2,17.49,25.41,7.3,4.6,6,A,8.3,Transit,79,Medium,8.52,8.87,"₹ 4,713.26","₹ 4,906.88",₹ 193.62,3.95%,45.92
BATCH00957,Wheat,East,Kharif,536.17,10.68,36.07,4.8,1.5,9,B,5.92,Farm,54.6,Low,4.37,10.94,"₹ 2,343.06","₹ 5,865.70","₹ 3,522.64",60.05%,31.74
BATCH00958,Rice,East,Kharif,676.12,16.11,39.91,0.4,0.4,28,C,0.8,Transit,75.96,Low,9.53,6.07,"₹ 6,443.42","₹ 4,104.05","-₹ 2,339.38",-57.00%,5.41
BATCH00959,Maize,North,Rabi,499.97,8.55,25.05,0.9,0.3,5,C,9.08,Transit,52.5,Low,5.21,6.41,"₹ 2,604.84","₹ 3,204.81",₹ 599.96,18.72%,45.40
BATCH00960,Wheat,East,Rabi,381.81,13.38,28.74,1.1,0.2,27,A,0.87,Transit,64.43,Low,7.85,13.75,"₹ 2,997.21","₹ 5,249.89","₹ 2,252.68",42.91%,3.32
BATCH00961,Wheat,North,Kharif,544.95,8.71,30.4,0.9,0.1,14,B,5.39,Warehouse,72.3,Low,8.73,8,"₹ 4,757.41","₹ 4,359.60",-₹ 397.81,-9.13%,29.37
BATCH00962,Rice,West,Rabi,708.6,17.34,25.9,3.2,0.8,10,A,0.97,Transit,76.71,Medium,8.19,8.05,"₹ 5,803.43","₹ 5,704.23",-₹ 99.20,-1.74%,6.87
BATCH00963,Maize,South,Rabi,398.52,15.66,20.31,1.5,0.9,2,B,1.18,Transit,98.81,High,9.42,8.87,"₹ 3,754.06","₹ 3,534.87",-₹ 219.19,-6.20%,4.70
BATCH00964,Maize,South,Rabi,463.85,14.58,24.4,1.7,1.2,5,C,8.93,Farm,99.11,High,9.05,14.66,"₹ 4,197.84","₹ 6,800.04","₹ 2,602.20",38.27%,41.42
BATCH00965,Wheat,East,Rabi,541.64,16.24,25.64,3.8,1.1,1,A,7.78,Warehouse,54.9,High,9.96,5.84,"₹ 5,394.73","₹ 3,163.18","-₹ 2,231.56",-70.55%,42.14
BATCH00966,Wheat,North,Kharif,494.61,14.48,28.87,3.3,0.3,25,A,2.37,Farm,76.91,Medium,4.28,13.19,"₹ 2,116.93","₹ 6,523.91","₹ 4,406.98",67.55%,11.72
BATCH00967,Rice,North,Kharif,401.77,17.69,23.42,0.3,0.4,10,B,6.39,Warehouse,90.86,High,5.13,8.42,"₹ 2,061.08","₹ 3,382.90","₹ 1,321.82",39.07%,25.67
BATCH00968,Rice,East,Kharif,612.19,15.14,37.47,2.5,1.1,29,B,8.05,Farm,61.89,High,7.45,13.49,"₹ 4,560.82","₹ 8,258.44","₹ 3,697.63",44.77%,49.28
BATCH00969,Maize,North,Rabi,732,17.25,34.1,1.1,0.4,26,B,8.95,Farm,87.53,High,8.13,14.92,"₹ 5,951.16","₹ 10,921.44","₹ 4,970.28",45.51%,65.51
BATCH00970,Barley,West,Rabi,519.61,13.17,21.7,0.7,0.2,25,C,4.95,Transit,93.93,High,6.74,8.49,"₹ 3,502.17","₹ 4,411.49",₹ 909.32,20.61%,25.72
BATCH00971,Maize,South,Rabi,409.59,9.17,33,0.1,0.5,22,B,9.03,Transit,83.12,Low,3.52,6.29,"₹ 1,441.76","₹ 2,576.32","₹ 1,134.56",44.04%,36.99
BATCH00972,Wheat,East,Rabi,345.1,13.28,33.07,1.3,0.3,27,C,5.32,Warehouse,66.39,Medium,8.89,6.44,"₹ 3,067.94","₹ 2,222.44",-₹ 845.50,-38.04%,18.36
BATCH00973,Maize,East,Rabi,525.8,9.27,39.12,0.9,0.1,9,B,7.04,Warehouse,96.16,High,9.73,12.59,"₹ 5,116.03","₹ 6,619.82","₹ 1,503.79",22.72%,37.02
BATCH00974,Barley,North,Rabi,610.39,13.92,20.06,0.6,1.8,3,B,9.8,Warehouse,94.18,Low,5.84,6.45,"₹ 3,564.68","₹ 3,937.02",₹ 372.34,9.46%,59.82
BATCH00975,Rice,East,Rabi,547.52,12.82,24.96,2.4,1.9,15,C,2.74,Transit,85.79,High,4.57,7.6,"₹ 2,502.17","₹ 4,161.15","₹ 1,658.99",39.87%,15.00
BATCH00976,Barley,West,Kharif,499.76,14.23,38.56,2.9,0.2,4,B,2.1,Farm,68.18,High,3.14,7.04,"₹ 1,569.25","₹ 3,518.31","₹ 1,949.06",55.40%,10.49
BATCH00977,Barley,North,Kharif,441.07,8.1,38.64,0.6,0.1,13,C,3.75,Warehouse,89.59,High,4.66,8.56,"₹ 2,055.39","₹ 3,775.56","₹ 1,720.17",45.56%,16.54
BATCH00978,Barley,North,Rabi,390.78,9.95,34.41,0.1,1.3,6,C,2.06,Transit,65.81,High,7.9,5.74,"₹ 3,087.16","₹ 2,243.08",-₹ 844.08,-37.63%,8.05
BATCH00979,Rice,North,Rabi,583.48,12.91,35.32,3.8,0.2,20,B,3.2,Transit,62.65,High,9.38,13.57,"₹ 5,473.04","₹ 7,917.82","₹ 2,444.78",30.88%,18.67
BATCH00980,Barley,North,Rabi,591.38,17.51,21.83,0,0.5,17,B,7.56,Farm,75.75,Low,3.65,13.6,"₹ 2,158.54","₹ 8,042.77","₹ 5,884.23",73.16%,44.71
BATCH00981,Barley,West,Kharif,345.43,11.84,30.28,5.5,0.1,23,A,5.04,Farm,99.86,High,6.87,9.13,"₹ 2,373.10","₹ 3,153.78",₹ 780.67,24.75%,17.41
BATCH00982,Barley,North,Kharif,658.98,12.24,24.63,2,0.3,5,B,4.06,Transit,90.22,Low,7.87,11.12,"₹ 5,186.17","₹ 7,327.86","₹ 2,141.69",29.23%,26.75
BATCH00983,Wheat,East,Rabi,557.41,15.15,23.62,0.8,1.6,15,A,4,Farm,86.49,High,4.93,11.42,"₹ 2,748.03","₹ 6,365.62","₹ 3,617.59",56.83%,22.30
BATCH00984,Barley,West,Rabi,639.96,14.04,36.21,0.6,1.6,8,B,2.35,Farm,72.6,Medium,6.99,12.49,"₹ 4,473.32","₹ 7,993.10","₹ 3,519.78",44.04%,15.04
BATCH00985,Rice,South,Kharif,365.79,10.99,22.7,0,0.2,25,C,4.75,Transit,65.6,Low,8.01,10.21,"₹ 2,929.98","₹ 3,734.72",₹ 804.74,21.55%,17.38
BATCH00986,Barley,South,Kharif,363.42,12.11,29.37,0.5,0.4,5,C,6.43,Warehouse,92.8,High,8.86,10.1,"₹ 3,219.90","₹ 3,670.54",₹ 450.64,12.28%,23.37
BATCH00987,Barley,East,Kharif,485.1,10.18,38.77,0.3,0.1,24,A,1.82,Warehouse,78.39,Low,6.17,11.31,"₹ 2,993.07","₹ 5,486.48","₹ 2,493.41",45.45%,8.83
BATCH00988,Rice,East,Kharif,550.28,17.66,23.72,1.9,0.1,13,B,9.74,Transit,90.66,High,8.24,12.03,"₹ 4,534.31","₹ 6,619.87","₹ 2,085.56",31.50%,53.60
BATCH00989,Barley,West,Rabi,679.64,9.31,39.56,0.4,4.9,1,A,4.71,Warehouse,74.39,High,5.11,8.47,"₹ 3,472.96","₹ 5,756.55","₹ 2,283.59",39.67%,32.01
BATCH00990,Rice,South,Kharif,570.61,11.72,39.89,1.5,1.1,1,B,9.51,Transit,87.7,Low,4.49,8.3,"₹ 2,562.04","₹ 4,736.06","₹ 2,174.02",45.90%,54.27
BATCH00991,Barley,South,Kharif,475.73,8.26,31.11,1.8,0.8,7,B,1.78,Transit,93.39,High,4.31,7.7,"₹ 2,050.40","₹ 3,663.12","₹ 1,612.72",44.03%,8.47
BATCH00992,Rice,South,Rabi,397.36,10.22,23.4,0.7,1.5,22,C,7.79,Farm,69.57,High,5.51,10.49,"₹ 2,189.45","₹ 4,168.31","₹ 1,978.85",47.47%,30.95
BATCH00993,Barley,South,Kharif,623,15.8,26.32,0.1,1.8,5,A,6.37,Warehouse,50.68,High,3.25,8.6,"₹ 2,024.75","₹ 5,357.80","₹ 3,333.05",62.21%,39.69
BATCH00994,Barley,South,Kharif,403.53,10.01,28.49,0.1,1.6,14,C,8.29,Transit,62.75,High,4.98,10.4,"₹ 2,009.58","₹ 4,196.71","₹ 2,187.13",52.12%,33.45
BATCH00995,Wheat,North,Kharif,662.85,8.8,26.19,0.1,0,15,C,6.21,Warehouse,95.75,High,7.57,9.06,"₹ 5,017.77","₹ 6,005.42",₹ 987.65,16.45%,41.16
BATCH00996,Wheat,East,Rabi,471.56,12.74,25.61,2.7,0.2,21,C,9.65,Warehouse,84.38,High,7.54,13.37,"₹ 3,555.56","₹ 6,304.76","₹ 2,749.19",43.61%,45.51
BATCH00997,Barley,North,Kharif,659.06,8.1,39.44,0.8,1.1,25,A,6.46,Warehouse,86.86,Low,3.51,5.73,"₹ 2,313.30","₹ 3,776.41","₹ 1,463.11",38.74%,42.58
BATCH00998,Barley,South,Rabi,567.89,8.85,23.07,3.2,0.5,17,B,7.95,Transit,66.26,Medium,5.01,10.72,"₹ 2,845.13","₹ 6,087.78","₹ 3,242.65",53.26%,45.15
BATCH00999,Maize,West,Rabi,486.3,16.08,34.67,1.1,4,24,B,8.84,Farm,85.06,High,6.99,10.76,"₹ 3,399.24","₹ 5,232.59","₹ 1,833.35",35.04%,42.99
BATCH01000,Rice,West,Kharif,448.06,15.71,20.01,1.2,1.1,18,A,7.29,Warehouse,82.31,Low,5.23,8.84,"₹ 2,343.35","₹ 3,960.85","₹ 1,617.50",40.84%,32.66
BATCH01001,Maize,South,Kharif,465.91,17.15,31.92,1.4,3.1,7,B,5.48,Transit,58.92,Medium,5.93,9.21,"₹ 2,762.85","₹ 4,291.03","₹ 1,528.18",35.61%,25.53
BATCH01002,Wheat,South,Kharif,542.83,16.55,38.32,2.5,0.2,22,A,3.09,Warehouse,98.43,Low,7.99,13,"₹ 4,337.21","₹ 7,056.79","₹ 2,719.58",38.54%,16.77
BATCH01003,Wheat,West,Kharif,507.72,14.83,25.76,0.6,2,26,A,8.62,Farm,67.7,Medium,3.06,7.81,"₹ 1,553.62","₹ 3,965.29","₹ 2,411.67",60.82%,43.77
BATCH01004,Wheat,North,Rabi,440.62,8.52,23.71,0.3,0.4,18,B,5.07,Warehouse,66.46,Medium,4.93,13.71,"₹ 2,172.26","₹ 6,040.90","₹ 3,868.64",64.04%,22.34
BATCH01005,Wheat,North,Kharif,483.44,15.83,33.03,1.6,4.6,28,C,6.4,Transit,68.46,Medium,4,13.96,"₹ 1,933.76","₹ 6,748.82","₹ 4,815.06",71.35%,30.94
BATCH01006,Barley,South,Kharif,507.86,16.46,34.25,0.8,0.2,29,A,1.25,Warehouse,54.59,Low,3.89,11.51,"₹ 1,975.58","₹ 5,845.47","₹ 3,869.89",66.20%,6.35
BATCH01007,Wheat,North,Kharif,287.13,15.99,33.76,1.2,0.7,19,A,5.22,Warehouse,81.25,Medium,9.71,12.73,"₹ 2,788.03","₹ 3,655.16",₹ 867.13,23.72%,14.99
BATCH01008,Barley,West,Rabi,545.82,13.08,26.39,2.1,1.6,20,A,7.13,Warehouse,61.93,High,5.64,11.13,"₹ 3,078.42","₹ 6,074.98","₹ 2,996.55",49.33%,38.92
BATCH01009,Barley,North,Kharif,402.03,10.33,25.04,1.4,0.6,7,A,6.05,Farm,90.17,High,6.69,10.25,"₹ 2,689.58","₹ 4,120.81","₹ 1,431.23",34.73%,24.32
BATCH01010,Wheat,South,Kharif,384.67,16.45,39.12,1.9,0.6,8,B,4.76,Warehouse,69.71,Medium,8.14,14.67,"₹ 3,131.21","₹ 5,643.11","₹ 2,511.90",44.51%,18.31
BATCH01011,Wheat,West,Rabi,331.27,15.27,38.47,1.6,4.3,13,B,2.62,Transit,72.93,Medium,3.33,7.83,"₹ 1,103.13","₹ 2,593.84","₹ 1,490.72",57.47%,8.68
BATCH01012,Rice,North,Rabi,320.61,17.81,29.15,2.7,0.6,27,A,3.44,Warehouse,82.32,High,4.69,6.54,"₹ 1,503.66","₹ 2,096.79",₹ 593.13,28.29%,11.03
BATCH01013,Maize,East,Kharif,364.46,9.56,36.92,2.4,0.9,18,C,7.16,Warehouse,88.09,Low,8.83,7.87,"₹ 3,218.18","₹ 2,868.30",-₹ 349.88,-12.20%,26.10
BATCH01014,Wheat,West,Kharif,429.1,10.26,29.05,1.5,0.1,24,B,2.63,Warehouse,61.56,Low,9.03,11.15,"₹ 3,874.77","₹ 4,784.47",₹ 909.69,19.01%,11.29
BATCH01015,Rice,West,Kharif,695.33,10.12,28.49,2.3,1.8,11,C,6.41,Farm,98.31,High,5.61,6.85,"₹ 3,900.80","₹ 4,763.01",₹ 862.21,18.10%,44.57
BATCH01016,Rice,East,Kharif,447.41,15.93,23.14,4.1,1,9,C,6.1,Transit,81.12,Low,5.62,14.09,"₹ 2,514.44","₹ 6,304.01","₹ 3,789.56",60.11%,27.29
BATCH01017,Maize,East,Kharif,517.78,9.87,28.53,1.1,0.5,23,A,9.72,Warehouse,50.28,Low,8.3,9.11,"₹ 4,297.57","₹ 4,716.98",₹ 419.40,8.89%,50.33
BATCH01018,Barley,West,Rabi,540.05,8.67,30.75,1.1,0,1,B,1.08,Transit,70.78,Medium,5.07,13.5,"₹ 2,738.05","₹ 7,290.68","₹ 4,552.62",62.44%,5.83
BATCH01019,Wheat,East,Rabi,513.11,17.99,20.45,2.9,0.9,22,A,1.53,Transit,71.84,Low,3.82,7.49,"₹ 1,960.08","₹ 3,843.19","₹ 1,883.11",49.00%,7.85
BATCH01020,Maize,South,Kharif,492.26,8.25,28.88,1.7,0,8,A,5.31,Farm,90.46,High,4.8,8.13,"₹ 2,362.85","₹ 4,002.07","₹ 1,639.23",40.96%,26.14
BATCH01021,Wheat,South,Kharif,380.47,16.35,35.63,0.1,0,21,C,5.51,Transit,65.26,Low,5.71,5.59,"₹ 2,172.48","₹ 2,126.83",-₹ 45.66,-2.15%,20.96
BATCH01022,Rice,South,Rabi,645.09,11.65,33.6,4.5,1,12,C,0.88,Warehouse,66.56,Medium,3.37,7.58,"₹ 2,173.95","₹ 4,889.78","₹ 2,715.83",55.54%,5.68
BATCH01023,Rice,West,Kharif,680.72,16.42,32.7,0.1,0.2,2,C,8.35,Farm,53.52,High,6.35,9.9,"₹ 4,322.57","₹ 6,739.13","₹ 2,416.56",35.86%,56.84
BATCH01024,Barley,East,Kharif,331.73,13.55,38.19,2.8,0.2,15,A,5.2,Farm,64.18,High,8.18,14.46,"₹ 2,713.55","₹ 4,796.82","₹ 2,083.26",43.43%,17.25
BATCH01025,Rice,East,Kharif,397.6,17.02,20.36,2.8,1.1,21,A,3.79,Transit,85.85,High,6.6,8.89,"₹ 2,624.16","₹ 3,534.66",₹ 910.50,25.76%,15.07
BATCH01026,Rice,North,Kharif,472.02,17.26,31.14,6.1,0.1,24,A,3.53,Farm,81.74,Medium,3.5,11.4,"₹ 1,652.07","₹ 5,381.03","₹ 3,728.96",69.30%,16.66
BATCH01027,Maize,North,Kharif,403.55,8.09,35.75,0.1,0.4,18,A,8.68,Transit,54.07,High,6.08,9.28,"₹ 2,453.58","₹ 3,744.94","₹ 1,291.36",34.48%,35.03
BATCH01028,Wheat,East,Rabi,550.6,8.75,30.83,1.8,0.2,17,A,2.37,Transit,55.73,Medium,7.96,5.47,"₹ 4,382.78","₹ 3,011.78","-₹ 1,370.99",-45.52%,13.05
BATCH01029,Wheat,East,Kharif,427.17,10.5,26.48,1.1,0.9,15,A,2.02,Farm,68.85,Medium,3.41,10.04,"₹ 1,456.65","₹ 4,288.79","₹ 2,832.14",66.04%,8.63
BATCH01030,Maize,East,Kharif,716.51,14.69,22.73,0.8,1.1,20,A,2.53,Warehouse,87.19,Low,3.42,5.66,"₹ 2,450.46","₹ 4,055.45","₹ 1,604.98",39.58%,18.13
BATCH01031,Barley,West,Kharif,619.05,16.88,37.75,0.2,1.3,20,A,6.44,Transit,91.65,High,5.59,13.84,"₹ 3,460.49","₹ 8,567.65","₹ 5,107.16",59.61%,39.87
BATCH01032,Wheat,East,Rabi,521.26,12.6,29.42,1.7,0.3,9,B,8.2,Farm,50.73,Low,4.36,12.53,"₹ 2,272.69","₹ 6,531.39","₹ 4,258.69",65.20%,42.74
BATCH01033,Rice,North,Rabi,602.7,14.07,37.56,1.3,0.1,3,B,3.64,Farm,66.45,Low,9.54,8.79,"₹ 5,749.76","₹ 5,297.73",-₹ 452.03,-8.53%,21.94
BATCH01034,Wheat,West,Rabi,610.59,9.88,31.72,0.2,0.1,20,B,2.15,Transit,71.21,Medium,7.07,11.4,"₹ 4,316.87","₹ 6,960.73","₹ 2,643.85",37.98%,13.13
BATCH01035,Rice,East,Rabi,443.61,16.05,33.48,1.9,0.6,19,B,2.49,Transit,95.56,Low,5.01,6.12,"₹ 2,222.49","₹ 2,714.89",₹ 492.41,18.14%,11.05
BATCH01036,Barley,North,Kharif,418.38,17.67,36.09,2.7,2.9,18,A,6.38,Transit,75.07,Low,7.93,12.03,"₹ 3,317.75","₹ 5,033.11","₹ 1,715.36",34.08%,26.69
BATCH01037,Maize,West,Rabi,507.81,10.69,33.18,2.9,0.2,20,A,2.84,Transit,63.49,Low,5.62,13.23,"₹ 2,853.89","₹ 6,718.33","₹ 3,864.43",57.52%,14.42
BATCH01038,Wheat,East,Kharif,586.16,12.95,27.96,4.7,0.3,8,C,8.83,Warehouse,69.5,High,3.92,13.22,"₹ 2,297.75","₹ 7,749.04","₹ 5,451.29",70.35%,51.76
BATCH01039,Maize,East,Kharif,513.91,8.86,30.27,1.1,0.1,1,C,1.49,Warehouse,71.82,Low,4.66,7.84,"₹ 2,394.82","₹ 4,029.05","₹ 1,634.23",40.56%,7.66
BATCH01040,Wheat,East,Rabi,342.3,13.59,36.06,6.1,0.9,24,B,0.81,Warehouse,83.5,Medium,7.5,7.64,"₹ 2,567.25","₹ 2,615.17",₹ 47.92,1.83%,2.77
BATCH01041,Rice,West,Rabi,419.72,13.03,27.47,4,1.1,24,C,1.34,Warehouse,52.05,High,3.36,10.21,"₹ 1,410.26","₹ 4,285.34","₹ 2,875.08",67.09%,5.62
BATCH01042,Maize,North,Rabi,492.6,9.44,27.76,0.7,1,15,B,8.53,Farm,69.47,Medium,4.91,14.68,"₹ 2,418.67","₹ 7,231.37","₹ 4,812.70",66.55%,42.02
BATCH01043,Wheat,North,Rabi,492.43,12.42,21.91,0.3,2,19,A,6.69,Transit,82.33,High,4.46,14.21,"₹ 2,196.24","₹ 6,997.43","₹ 4,801.19",68.61%,32.94
BATCH01044,Rice,South,Rabi,697.25,11.34,38.29,1.1,0.7,26,A,9.6,Farm,64.17,High,4.41,8.6,"₹ 3,074.87","₹ 5,996.35","₹ 2,921.48",48.72%,66.94
BATCH01045,Maize,East,Kharif,361.4,13.22,21.82,1,0.1,10,C,3.69,Farm,79.59,High,7.78,12.8,"₹ 2,811.69","₹ 4,625.92","₹ 1,814.23",39.22%,13.34
BATCH01046,Maize,South,Rabi,550.56,13.86,32.96,1.7,0.3,12,A,2.52,Warehouse,67.86,Medium,8.78,14.21,"₹ 4,833.92","₹ 7,823.46","₹ 2,989.54",38.21%,13.87
BATCH01047,Wheat,South,Rabi,648.91,8.08,28.26,1.8,1.1,28,A,5.84,Farm,87.94,Low,8.01,7.61,"₹ 5,197.77","₹ 4,938.21",-₹ 259.56,-5.26%,37.90
BATCH01048,Wheat,North,Rabi,727.14,15.61,28.11,2.8,0.9,6,B,5.61,Warehouse,53.03,High,7.52,13.3,"₹ 5,468.09","₹ 9,670.96","₹ 4,202.87",43.46%,40.79
BATCH01049,Wheat,West,Kharif,459.56,15.13,33.59,1.4,0.8,29,C,6.11,Transit,95.9,Medium,9.42,7.68,"₹ 4,329.06","₹ 3,529.42",-₹ 799.63,-22.66%,28.08
BATCH01050,Rice,West,Rabi,549.14,11.66,21.34,0.2,1.1,13,A,3.8,Warehouse,58.58,High,3.41,8.43,"₹ 1,872.57","₹ 4,629.25","₹ 2,756.68",59.55%,20.87
BATCH01051,Wheat,North,Kharif,556.98,8.53,31.87,3.9,1,4,C,0.56,Transit,57.93,Low,4.17,6.99,"₹ 2,322.61","₹ 3,893.29","₹ 1,570.68",40.34%,3.12
BATCH01052,Maize,West,Rabi,519.55,15.55,35.44,0.7,2.1,13,A,0.83,Warehouse,92.03,High,5.9,10.07,"₹ 3,065.35","₹ 5,231.87","₹ 2,166.52",41.41%,4.31
BATCH01053,Maize,South,Rabi,490.12,17.55,36.56,7.1,0.9,17,B,6.81,Farm,93.46,Medium,5.61,13.43,"₹ 2,749.57","₹ 6,582.31","₹ 3,832.74",58.23%,33.38
BATCH01054,Wheat,East,Kharif,543.6,10.4,23.41,0.3,1.5,1,A,5.47,Farm,54.65,High,5.93,10.28,"₹ 3,223.55","₹ 5,588.21","₹ 2,364.66",42.32%,29.73
BATCH01055,Wheat,North,Rabi,246.78,11.24,37.95,6.4,0.3,5,C,8.3,Warehouse,95.44,Medium,4.45,6.23,"₹ 1,098.17","₹ 1,537.44",₹ 439.27,28.57%,20.48
BATCH01056,Barley,East,Kharif,568.21,9.84,33.12,0.2,1.1,28,C,3.35,Transit,63.66,Low,4.05,7.52,"₹ 2,301.25","₹ 4,272.94","₹ 1,971.69",46.14%,19.04
BATCH01057,Maize,West,Kharif,512.62,13.77,37.64,0.5,2.3,24,B,8.25,Transit,80.93,Low,6.56,10.63,"₹ 3,362.79","₹ 5,449.15","₹ 2,086.36",38.29%,42.29
BATCH01058,Rice,East,Kharif,477.75,9.55,29.71,0.1,0.5,17,A,4.54,Warehouse,53.43,High,9.5,10.83,"₹ 4,538.63","₹ 5,174.03",₹ 635.41,12.28%,21.69
BATCH01059,Barley,West,Rabi,704.69,11.56,30.84,2.4,1.5,18,B,1.42,Farm,69.03,Low,5.74,10.77,"₹ 4,044.92","₹ 7,589.51","₹ 3,544.59",46.70%,10.01
BATCH01060,Wheat,West,Rabi,432.51,14.97,38.38,3.8,1.3,7,C,9.79,Transit,72.54,Medium,3.3,5.77,"₹ 1,427.28","₹ 2,495.58","₹ 1,068.30",42.81%,42.34
BATCH01061,Wheat,South,Rabi,459.69,13.6,38,1.1,0.1,16,B,5.36,Warehouse,79.99,High,7.94,12.54,"₹ 3,649.94","₹ 5,764.51","₹ 2,114.57",36.68%,24.64
BATCH01062,Maize,West,Kharif,699.16,11.86,28.96,5.3,0.9,8,A,6.48,Transit,76.26,Medium,5.04,14.09,"₹ 3,523.77","₹ 9,851.16","₹ 6,327.40",64.23%,45.31
BATCH01063,Wheat,South,Rabi,416.79,12.2,25.49,1.8,0.1,12,A,6.87,Farm,73.07,High,4.72,10.11,"₹ 1,967.25","₹ 4,213.75","₹ 2,246.50",53.31%,28.63
BATCH01064,Rice,South,Kharif,444.99,13.62,27.86,2,3.4,14,B,3.94,Transit,97.98,Medium,5.27,12.19,"₹ 2,345.10","₹ 5,424.43","₹ 3,079.33",56.77%,17.53
BATCH01065,Maize,South,Rabi,485.3,8.06,27.76,3.7,1.7,19,C,7.6,Warehouse,59.25,High,8.07,14.14,"₹ 3,916.37","₹ 6,862.14","₹ 2,945.77",42.93%,36.88
BATCH01066,Wheat,North,Kharif,584.07,8.79,25.74,0.7,0.1,11,C,8.77,Transit,57.9,Medium,8.73,11.43,"₹ 5,098.93","₹ 6,675.92","₹ 1,576.99",23.62%,51.22
BATCH01067,Maize,North,Kharif,520.78,16.81,25.37,0.9,0.1,12,B,4.18,Transit,85.67,Medium,7.12,11.74,"₹ 3,707.95","₹ 6,113.96","₹ 2,406.00",39.35%,21.77
BATCH01068,Wheat,West,Kharif,370.74,8.78,37.22,4.7,0.9,13,A,6.74,Farm,53.73,High,5.26,12.21,"₹ 1,950.09","₹ 4,526.74","₹ 2,576.64",56.92%,24.99
BATCH01069,Wheat,South,Rabi,446.78,15.07,21.4,4.6,0.4,8,A,7.69,Farm,74.14,Medium,5.17,7.61,"₹ 2,309.85","₹ 3,400.00","₹ 1,090.14",32.06%,34.36
BATCH01070,Wheat,North,Kharif,439.26,17.2,33.55,7.5,0,1,A,2.31,Farm,74.2,Low,3.87,10.83,"₹ 1,699.94","₹ 4,757.19","₹ 3,057.25",64.27%,10.15
BATCH01071,Rice,South,Kharif,492.28,10.71,23.46,4.6,0.8,9,A,3.66,Farm,65.5,Medium,9.53,13.42,"₹ 4,691.43","₹ 6,606.40","₹ 1,914.97",28.99%,18.02
BATCH01072,Rice,East,Kharif,542.58,11.7,26.89,0.3,0.5,28,C,1.53,Warehouse,96.52,High,7.47,7.96,"₹ 4,053.07","₹ 4,318.94",₹ 265.86,6.16%,8.30
BATCH01073,Maize,East,Kharif,541.82,13.69,21.23,3.5,0.1,2,A,6.22,Transit,64.13,Low,3.19,13.97,"₹ 1,728.41","₹ 7,569.23","₹ 5,840.82",77.17%,33.70
BATCH01074,Wheat,East,Kharif,322.4,16.82,25.4,1.1,1.6,14,B,8.11,Transit,64.42,Low,7.64,11.2,"₹ 2,463.14","₹ 3,610.88","₹ 1,147.74",31.79%,26.15
BATCH01075,Wheat,West,Kharif,606.39,17.42,35.37,9.4,2.5,13,B,6.3,Transit,61.71,Medium,6.13,9.23,"₹ 3,717.17","₹ 5,596.98","₹ 1,879.81",33.59%,38.20
BATCH01076,Rice,South,Rabi,525.26,15.4,37.7,1.3,1.4,16,B,2.21,Transit,57.29,Medium,9.81,11.23,"₹ 5,152.80","₹ 5,898.67",₹ 745.87,12.64%,11.61
BATCH01077,Wheat,East,Rabi,638.45,8.87,24.43,1.6,1.7,2,B,5.69,Warehouse,68.2,Medium,8.73,9.02,"₹ 5,573.67","₹ 5,758.82",₹ 185.15,3.22%,36.33
BATCH01078,Rice,North,Kharif,544.42,14.69,29.27,1.5,0.2,4,A,8.43,Farm,84.04,Low,4.2,13.38,"₹ 2,286.56","₹ 7,284.34","₹ 4,997.78",68.61%,45.89
BATCH01079,Wheat,East,Rabi,610.13,12.1,29.41,0.8,0.3,12,C,3.38,Transit,87.11,Low,8.04,9.82,"₹ 4,905.45","₹ 5,991.48","₹ 1,086.03",18.13%,20.62
BATCH01080,Maize,East,Rabi,546.65,12.71,37.47,0.2,0.2,16,A,8.41,Transit,90.67,Low,6.4,14.01,"₹ 3,498.56","₹ 7,658.57","₹ 4,160.01",54.32%,45.97
BATCH01081,Wheat,East,Kharif,634.62,8.49,35.26,4.5,1.4,10,C,7.95,Farm,59.88,High,4.31,10.1,"₹ 2,735.21","₹ 6,409.66","₹ 3,674.45",57.33%,50.45
BATCH01082,Wheat,West,Kharif,552.23,9.91,30.26,3.2,3,3,A,0.71,Farm,51.78,High,7.89,11.6,"₹ 4,357.09","₹ 6,405.87","₹ 2,048.77",31.98%,3.92
BATCH01083,Barley,North,Kharif,490.21,15.91,33.41,0.3,1.3,4,C,2.77,Transit,98.73,Medium,6.83,14.98,"₹ 3,348.13","₹ 7,343.35","₹ 3,995.21",54.41%,13.58
BATCH01084,Rice,South,Rabi,727.24,12.54,36.95,3,2.1,6,B,5.66,Farm,50.72,High,3.21,6.47,"₹ 2,334.44","₹ 4,705.24","₹ 2,370.80",50.39%,41.16
BATCH01085,Wheat,North,Kharif,588.9,11.02,20.19,2,1,23,B,7.32,Transit,98.03,High,7.53,12.37,"₹ 4,434.42","₹ 7,284.69","₹ 2,850.28",39.13%,43.11
BATCH01086,Wheat,South,Rabi,557.37,11.84,28.06,1.1,0.5,5,C,8.87,Transit,91.44,Medium,7.44,6.39,"₹ 4,146.83","₹ 3,561.59",-₹ 585.24,-16.43%,49.44
BATCH01087,Barley,West,Kharif,372.37,16.54,38.14,0.6,0.6,18,C,6.59,Transit,95.6,Medium,4.01,13.39,"₹ 1,493.20","₹ 4,986.03","₹ 3,492.83",70.05%,24.54
BATCH01088,Barley,West,Rabi,371.17,15.49,34.81,3.9,0.1,3,C,4.11,Transit,69.36,Low,5.44,10.96,"₹ 2,019.16","₹ 4,068.02","₹ 2,048.86",50.36%,15.26
BATCH01089,Rice,West,Kharif,529.27,10.72,30.86,2.4,0,10,B,2.25,Transit,59.86,Low,7.1,14.38,"₹ 3,757.82","₹ 7,610.90","₹ 3,853.09",50.63%,11.91
BATCH01090,Barley,West,Kharif,514.55,9.18,30.59,1.6,1.2,11,B,7.72,Transit,80.32,Medium,3.97,13.66,"₹ 2,042.76","₹ 7,028.75","₹ 4,985.99",70.94%,39.72
BATCH01091,Maize,South,Rabi,438.59,10.52,26.96,1.9,0.6,19,A,2.46,Farm,87.06,Medium,8.97,5.75,"₹ 3,934.15","₹ 2,521.89","-₹ 1,412.26",-56.00%,10.79
BATCH01092,Barley,East,Rabi,514.1,17.21,30.41,0.2,0.8,14,C,7.11,Warehouse,56.54,High,3.19,6.37,"₹ 1,639.98","₹ 3,274.82","₹ 1,634.84",49.92%,36.55
BATCH01093,Maize,South,Rabi,658.86,13.82,33.11,1.3,0.8,21,C,2.22,Warehouse,89.88,High,3.72,11.01,"₹ 2,450.96","₹ 7,254.05","₹ 4,803.09",66.21%,14.63
BATCH01094,Rice,North,Rabi,569.54,13.33,28.37,0.4,0.3,28,C,1.37,Transit,60.43,High,3.81,10.18,"₹ 2,169.95","₹ 5,797.92","₹ 3,627.97",62.57%,7.80
BATCH01095,Rice,West,Rabi,385.9,13.96,34.28,0.5,0.6,11,B,2.89,Farm,74.58,Medium,6.7,6.69,"₹ 2,585.53","₹ 2,581.67",-₹ 3.86,-0.15%,11.15
BATCH01096,Rice,West,Rabi,488.85,11.66,37.22,2.2,0.6,28,C,3.21,Transit,92.82,Medium,7.34,6.29,"₹ 3,588.16","₹ 3,074.87",-₹ 513.29,-16.69%,15.69
BATCH01097,Rice,North,Kharif,419.5,16.07,23.09,4.8,0.5,21,C,6.65,Farm,59.67,Low,5.83,10.64,"₹ 2,445.69","₹ 4,463.48","₹ 2,017.80",45.21%,27.90
BATCH01098,Rice,South,Rabi,461.23,13.23,29.03,1,1.7,4,B,2.03,Transit,62.09,High,5.02,5.49,"₹ 2,315.37","₹ 2,532.15",₹ 216.78,8.56%,9.36
BATCH01099,Maize,East,Kharif,458.64,9.17,28.16,0.5,0.6,24,C,9.34,Transit,53.14,Low,8.67,13.74,"₹ 3,976.41","₹ 6,301.71","₹ 2,325.30",36.90%,42.84
BATCH01100,Maize,East,Kharif,452.24,9.29,33.75,2.1,0.9,22,A,5.77,Warehouse,57.33,Medium,3.48,13.07,"₹ 1,573.80","₹ 5,910.78","₹ 4,336.98",73.37%,26.09
BATCH01101,Rice,North,Rabi,374.49,13.37,25,4.1,2.3,6,B,5.16,Farm,57.33,High,4.96,12.85,"₹ 1,857.47","₹ 4,812.20","₹ 2,954.73",61.40%,19.32
BATCH01102,Barley,East,Kharif,487.23,17.37,32.81,2.8,2,17,B,4.63,Farm,60.17,Low,3.27,5.16,"₹ 1,593.24","₹ 2,514.11",₹ 920.86,36.63%,22.56
BATCH01103,Wheat,South,Rabi,443.94,11.08,37.55,4.1,2.2,22,B,5.88,Warehouse,64.31,Medium,3.1,5.48,"₹ 1,376.21","₹ 2,432.79","₹ 1,056.58",43.43%,26.10
BATCH01104,Rice,South,Rabi,207.06,16.7,28.36,1.5,0.3,19,A,0.71,Warehouse,90.75,Low,5.47,10.5,"₹ 1,132.62","₹ 2,174.13","₹ 1,041.51",47.90%,1.47
BATCH01105,Barley,North,Kharif,705.3,15.64,38.22,2.8,0,13,B,9.91,Warehouse,95.79,High,4.36,14.94,"₹ 3,075.11","₹ 10,537.18","₹ 7,462.07",70.82%,69.90
BATCH01106,Wheat,South,Kharif,608.88,10.48,39.86,0.3,0.3,22,B,5.8,Warehouse,70.31,Low,4.88,8.42,"₹ 2,971.33","₹ 5,126.77","₹ 2,155.44",42.04%,35.32
BATCH01107,Rice,West,Rabi,462.37,8.36,22.12,0.9,0.3,10,B,0.83,Farm,56.41,Low,8.75,8.44,"₹ 4,045.74","₹ 3,902.40",-₹ 143.33,-3.67%,3.84
BATCH01108,Rice,North,Rabi,501.88,9.02,24.66,1,2.4,29,B,6.1,Farm,61.19,Medium,4.14,6.34,"₹ 2,077.78","₹ 3,181.92","₹ 1,104.14",34.70%,30.61
BATCH01109,Maize,South,Kharif,382.83,15.28,39.01,1.4,1,11,A,4.65,Warehouse,86.81,High,8.46,11.74,"₹ 3,238.74","₹ 4,494.42","₹ 1,255.68",27.94%,17.80
BATCH01110,Wheat,North,Kharif,669.57,10,39.17,5.3,0.1,29,C,0.73,Transit,83.87,Low,7.73,11.47,"₹ 5,175.78","₹ 7,679.97","₹ 2,504.19",32.61%,4.89
BATCH01111,Wheat,East,Kharif,689.73,11.71,21.95,4.1,0.1,6,C,9.28,Transit,98.36,Medium,5.29,6.01,"₹ 3,648.67","₹ 4,145.28",₹ 496.61,11.98%,64.01
BATCH01112,Barley,South,Kharif,515.67,13.02,20.3,0.3,0.2,2,B,0.6,Transit,50.72,High,6.83,9.67,"₹ 3,522.03","₹ 4,986.53","₹ 1,464.50",29.37%,3.09
BATCH01113,Maize,West,Rabi,602.35,15.25,23.22,0.4,1,1,A,5.99,Transit,87.54,Medium,6.11,11.67,"₹ 3,680.36","₹ 7,029.42","₹ 3,349.07",47.64%,36.08
BATCH01114,Maize,South,Rabi,517.53,9.13,39.92,0.9,1.3,11,B,9.64,Farm,75.29,High,3.9,9.94,"₹ 2,018.37","₹ 5,144.25","₹ 3,125.88",60.76%,49.89
BATCH01115,Maize,North,Rabi,366.33,12.06,23.6,0.7,2,16,C,2.76,Farm,95.13,Medium,9.35,11.74,"₹ 3,425.19","₹ 4,300.71",₹ 875.53,20.36%,10.11
BATCH01116,Maize,North,Rabi,458.82,12.85,30.05,1.9,2.8,3,C,2.91,Farm,78.81,Medium,6.99,13.16,"₹ 3,207.15","₹ 6,038.07","₹ 2,830.92",46.88%,13.35
BATCH01117,Wheat,South,Kharif,513.19,13.41,36.97,4.7,0.2,5,A,0.5,Transit,72.33,Medium,9.16,11.86,"₹ 4,700.82","₹ 6,086.43","₹ 1,385.61",22.77%,2.57
BATCH01118,Wheat,West,Kharif,454.55,16.18,20.41,6.6,0.4,15,C,1.13,Warehouse,83.29,Low,8.77,11.16,"₹ 3,986.40","₹ 5,072.78","₹ 1,086.37",21.42%,5.14
BATCH01119,Rice,West,Rabi,478.13,9.72,32.09,2.1,0.3,15,B,0.93,Transit,91.68,Low,3.56,13.54,"₹ 1,702.14","₹ 6,473.88","₹ 4,771.74",73.71%,4.45
BATCH01120,Rice,West,Rabi,490.86,16.08,25.54,3.6,0.4,4,A,8.32,Farm,64.12,Medium,4.45,14.01,"₹ 2,184.33","₹ 6,876.95","₹ 4,692.62",68.24%,40.84
BATCH01121,Maize,North,Rabi,491.91,14.93,37.25,1.5,2.5,23,C,8.45,Transit,55.38,High,4.02,8.89,"₹ 1,977.48","₹ 4,373.08","₹ 2,395.60",54.78%,41.57
BATCH01122,Maize,South,Rabi,505.23,13.56,25.67,0.5,0.9,4,B,7.4,Warehouse,71.65,Medium,8.82,6.73,"₹ 4,456.13","₹ 3,400.20","-₹ 1,055.93",-31.05%,37.39
BATCH01123,Maize,East,Rabi,393.94,15,33.74,1.5,1.3,8,A,3.85,Warehouse,60.73,Low,9.04,13.18,"₹ 3,561.22","₹ 5,192.13","₹ 1,630.91",31.41%,15.17
BATCH01124,Rice,North,Rabi,428.3,12.12,33.48,1.6,0.7,7,B,8.3,Transit,71.48,High,6.7,7.14,"₹ 2,869.61","₹ 3,058.06",₹ 188.45,6.16%,35.55
BATCH01125,Barley,West,Rabi,371.54,9.38,24.43,2.7,0,26,C,5.63,Farm,99.55,Low,3.73,14.29,"₹ 1,385.84","₹ 5,309.31","₹ 3,923.46",73.90%,20.92
BATCH01126,Barley,South,Rabi,597.78,14.66,20.7,0.5,0.1,25,B,3.39,Farm,78.71,Medium,3.95,5.23,"₹ 2,361.23","₹ 3,126.39",₹ 765.16,24.47%,20.26
BATCH01127,Rice,West,Rabi,289.44,13.25,28.18,0.9,0.8,17,A,4.65,Farm,84.68,Low,8.69,14.21,"₹ 2,515.23","₹ 4,112.94","₹ 1,597.71",38.85%,13.46
BATCH01128,Rice,East,Kharif,615.36,14.39,25.78,0.9,1.3,15,B,1.12,Transit,83.9,Low,9.5,10.89,"₹ 5,845.92","₹ 6,701.27",₹ 855.35,12.76%,6.89
BATCH01129,Rice,West,Rabi,638.63,11.38,36.18,6.4,0.2,5,C,9.48,Farm,91.04,Low,4.4,12.75,"₹ 2,809.97","₹ 8,142.53","₹ 5,332.56",65.49%,60.54
BATCH01130,Rice,West,Kharif,469.78,17.07,36.01,1.2,1.3,13,A,6.38,Transit,97.21,Medium,3.08,8.98,"₹ 1,446.92","₹ 4,218.62","₹ 2,771.70",65.70%,29.97
BATCH01131,Rice,East,Kharif,239.69,13.87,29.14,2.8,1.7,4,A,7.45,Farm,82.94,Low,5.32,14.92,"₹ 1,275.15","₹ 3,576.17","₹ 2,301.02",64.34%,17.86
BATCH01132,Rice,South,Rabi,463.87,8.85,32.13,2.8,0.5,22,C,6.93,Warehouse,73.8,Medium,3.21,7.28,"₹ 1,489.02","₹ 3,376.97","₹ 1,887.95",55.91%,32.15
BATCH01133,Maize,North,Rabi,493.58,12.5,32.09,0.6,1.4,17,B,6.84,Warehouse,65.89,Medium,8.8,7.64,"₹ 4,343.50","₹ 3,770.95",-₹ 572.55,-15.18%,33.76
BATCH01134,Maize,South,Kharif,398.94,15.56,36.54,1.7,0.5,22,B,0.66,Farm,68.01,Low,6.44,5.51,"₹ 2,569.17","₹ 2,198.16",-₹ 371.01,-16.88%,2.63
BATCH01135,Maize,East,Kharif,448.48,15.94,28.5,4.5,1.1,17,C,5.49,Transit,66.72,High,7.49,14.4,"₹ 3,359.12","₹ 6,458.11","₹ 3,099.00",47.99%,24.62
BATCH01136,Maize,West,Rabi,653.02,12.95,25.51,1.3,1.4,14,A,8.31,Farm,66.22,Low,5.88,9.56,"₹ 3,839.76","₹ 6,242.87","₹ 2,403.11",38.49%,54.27
BATCH01137,Rice,South,Kharif,566.49,16.95,25.3,5.8,4.8,14,C,0.92,Transit,84.73,Low,5.42,11.75,"₹ 3,070.38","₹ 6,656.26","₹ 3,585.88",53.87%,5.21
BATCH01138,Barley,North,Rabi,407.54,10.68,30.72,0.5,0.4,17,A,9.58,Warehouse,79.39,Low,4.56,11.87,"₹ 1,858.38","₹ 4,837.50","₹ 2,979.12",61.58%,39.04
BATCH01139,Wheat,East,Rabi,340.24,12.11,28.98,0.2,0.5,8,A,4.53,Transit,60.1,High,8.39,13.75,"₹ 2,854.61","₹ 4,678.30","₹ 1,823.69",38.98%,15.41
BATCH01140,Rice,South,Rabi,467.3,16.99,28.8,4.4,0.2,2,B,3.25,Farm,98.48,High,7.87,11.65,"₹ 3,677.65","₹ 5,444.05","₹ 1,766.39",32.45%,15.19
BATCH01141,Wheat,North,Kharif,478.65,16.96,21.82,3.8,0.2,26,C,5.55,Warehouse,71.39,Medium,5.53,10.62,"₹ 2,646.93","₹ 5,083.26","₹ 2,436.33",47.93%,26.57
BATCH01142,Barley,East,Kharif,549.62,14.86,34.37,9.8,1.2,13,A,8.11,Transit,78.3,High,5.25,12.1,"₹ 2,885.51","₹ 6,650.40","₹ 3,764.90",56.61%,44.57
BATCH01143,Maize,North,Rabi,446.47,16.59,24.27,2.3,2.5,22,B,5.01,Transit,85.13,High,3.01,12.51,"₹ 1,343.87","₹ 5,585.34","₹ 4,241.47",75.94%,22.37
BATCH01144,Barley,East,Kharif,551.15,8.89,23.94,5.5,0.5,16,C,6.63,Warehouse,80.68,Low,3.44,6.86,"₹ 1,895.96","₹ 3,780.89","₹ 1,884.93",49.85%,36.54
BATCH01145,Rice,West,Kharif,693.52,16.65,28.26,3.5,0.2,16,C,5.25,Farm,65.55,Medium,7.36,6.1,"₹ 5,104.31","₹ 4,230.47",-₹ 873.84,-20.66%,36.41
BATCH01146,Maize,South,Kharif,581.55,11.21,24.56,3.7,0.3,6,A,6.5,Warehouse,89.89,Medium,6.6,5.75,"₹ 3,838.23","₹ 3,343.91",-₹ 494.32,-14.78%,37.80
BATCH01147,Rice,North,Kharif,495.19,9.78,31.68,1.7,0.6,22,A,1.81,Farm,55.51,High,6.04,8.74,"₹ 2,990.95","₹ 4,327.96","₹ 1,337.01",30.89%,8.96
BATCH01148,Maize,East,Kharif,481.68,10.39,27.43,1,0.3,24,A,0.87,Farm,78.45,High,8.79,9.98,"₹ 4,233.97","₹ 4,807.17",₹ 573.20,11.92%,4.19
BATCH01149,Wheat,North,Kharif,464.33,12.18,28.98,5.5,0.3,4,C,1.8,Transit,63.67,Low,6.53,11.16,"₹ 3,032.07","₹ 5,181.92","₹ 2,149.85",41.49%,8.36
BATCH01150,Wheat,North,Kharif,618.06,10.51,30.74,1.1,1.3,3,A,3.22,Farm,80.79,High,5.69,14.58,"₹ 3,516.76","₹ 9,011.31","₹ 5,494.55",60.97%,19.90
BATCH01151,Wheat,South,Rabi,437.27,11.21,24.07,1.5,0,6,C,2.91,Farm,60.9,High,4.13,8.31,"₹ 1,805.93","₹ 3,633.71","₹ 1,827.79",50.30%,12.72
BATCH01152,Barley,West,Kharif,504.52,9.35,23.12,1.2,0.8,4,B,6.34,Warehouse,88.61,Medium,8.74,12.61,"₹ 4,409.50","₹ 6,362.00","₹ 1,952.49",30.69%,31.99
BATCH01153,Rice,North,Kharif,505.12,10.96,37.61,1.7,1.6,18,C,4.83,Warehouse,61.38,High,7.03,10.31,"₹ 3,550.99","₹ 5,207.79","₹ 1,656.79",31.81%,24.40
BATCH01154,Barley,East,Kharif,449.82,13.72,28.67,1.3,0.3,6,A,0.87,Farm,94.52,Low,3.65,7.2,"₹ 1,641.84","₹ 3,238.70","₹ 1,596.86",49.31%,3.91
BATCH01155,Wheat,East,Kharif,362.75,12.42,28.24,0.1,0.9,26,C,0.83,Transit,93.08,Medium,7.54,11.15,"₹ 2,735.14","₹ 4,044.66","₹ 1,309.53",32.38%,3.01
BATCH01156,Rice,West,Kharif,532.3,11.47,20.71,4.3,1.1,5,A,1.36,Warehouse,68.12,Medium,5.98,14.67,"₹ 3,183.15","₹ 7,808.84","₹ 4,625.69",59.24%,7.24
BATCH01157,Wheat,East,Kharif,493.9,15.46,29.96,1.2,1.1,27,B,3.85,Transit,69.29,High,8.68,6.24,"₹ 4,287.05","₹ 3,081.94","-₹ 1,205.12",-39.10%,19.02
BATCH01158,Barley,West,Kharif,550.02,16.94,31.08,1.8,0.6,9,A,0.56,Warehouse,85.08,Low,9.43,10.07,"₹ 5,186.69","₹ 5,538.70",₹ 352.01,6.36%,3.08
BATCH01159,Barley,East,Kharif,446.64,15.57,31.18,0.3,0.4,11,A,5.19,Warehouse,54.52,Medium,7.2,5.52,"₹ 3,215.81","₹ 2,465.45",-₹ 750.36,-30.43%,23.18
BATCH01160,Barley,South,Rabi,622.08,11.32,34.14,0,1.8,6,A,3.93,Farm,54.05,Low,8.12,8.21,"₹ 5,051.29","₹ 5,107.28",₹ 55.99,1.10%,24.45
BATCH01161,Wheat,North,Kharif,412.32,15.44,23.55,0.6,1.4,16,A,5.78,Warehouse,56.82,Low,3.4,11.21,"₹ 1,401.89","₹ 4,622.11","₹ 3,220.22",69.67%,23.83
BATCH01162,Rice,South,Kharif,671.2,9.52,25.04,2.4,0.4,19,A,7.35,Warehouse,78.12,High,6.92,13.41,"₹ 4,644.70","₹ 9,000.79","₹ 4,356.09",48.40%,49.33
BATCH01163,Rice,North,Kharif,325.24,9.3,36.21,0.2,0.1,11,A,2.88,Transit,57.45,Low,8.29,12.3,"₹ 2,696.24","₹ 4,000.45","₹ 1,304.21",32.60%,9.37
BATCH01164,Wheat,North,Kharif,543.48,11.46,38.94,4.8,0.1,21,B,1.99,Warehouse,63.88,Medium,6.48,9.63,"₹ 3,521.75","₹ 5,233.71","₹ 1,711.96",32.71%,10.82
BATCH01165,Rice,North,Rabi,547.54,16.08,22.72,0.5,0.1,15,B,3.14,Warehouse,82.35,High,7.15,14.09,"₹ 3,914.91","₹ 7,714.84","₹ 3,799.93",49.25%,17.19
BATCH01166,Wheat,South,Rabi,420.44,10.46,29.95,0.5,0.9,26,C,0.52,Transit,50.78,Medium,9.29,8.03,"₹ 3,905.89","₹ 3,376.13",-₹ 529.75,-15.69%,2.19
BATCH01167,Rice,North,Rabi,542.44,8.63,24.28,0.4,0.1,24,A,1.64,Farm,59.01,Low,4.39,12.54,"₹ 2,381.31","₹ 6,802.20","₹ 4,420.89",64.99%,8.90
BATCH01168,Maize,South,Rabi,627.95,9.32,21.2,0,0.4,9,C,7.63,Farm,96.5,Low,3.69,9.74,"₹ 2,317.14","₹ 6,116.23","₹ 3,799.10",62.11%,47.91
BATCH01169,Maize,West,Rabi,278.32,16.59,26.51,3,1.4,24,B,2.62,Warehouse,83.18,High,7.83,13.99,"₹ 2,179.25","₹ 3,893.70","₹ 1,714.45",44.03%,7.29
BATCH01170,Barley,East,Rabi,550.27,14.34,22.87,4.2,0.3,19,B,9.95,Warehouse,65.28,High,8.76,12.97,"₹ 4,820.37","₹ 7,137.00","₹ 2,316.64",32.46%,54.75
BATCH01171,Maize,East,Rabi,250.67,10.53,34.2,1.9,1.4,25,A,2.09,Transit,52.27,Medium,8.95,14.01,"₹ 2,243.50","₹ 3,511.89","₹ 1,268.39",36.12%,5.24
BATCH01172,Maize,North,Rabi,403.43,13.55,30.67,0.4,1.4,19,A,7.99,Farm,79.3,Medium,7.49,7.14,"₹ 3,021.69","₹ 2,880.49",-₹ 141.20,-4.90%,32.23
BATCH01173,Maize,South,Rabi,662.92,13.28,22.88,0.7,0.3,24,C,7.2,Farm,61.14,Low,8.83,11.68,"₹ 5,853.58","₹ 7,742.91","₹ 1,889.32",24.40%,47.73
BATCH01174,Wheat,East,Rabi,441.82,14.55,20.18,1.3,1.3,26,B,3.56,Farm,98.01,High,7.9,12.38,"₹ 3,490.38","₹ 5,469.73","₹ 1,979.35",36.19%,15.73
BATCH01175,Maize,South,Rabi,382.61,10.33,36.16,6.2,1.4,9,C,3.64,Transit,84.35,Low,3.61,12.42,"₹ 1,381.22","₹ 4,752.02","₹ 3,370.79",70.93%,13.93
BATCH01176,Maize,South,Rabi,480.21,16.64,23.52,0.6,0.5,23,C,5.85,Transit,98.71,Low,8.33,10.04,"₹ 4,000.15","₹ 4,821.31",₹ 821.16,17.03%,28.09
BATCH01177,Barley,North,Rabi,706.79,11.09,32.12,2.6,0.2,4,C,8.6,Transit,92.44,Medium,4.26,5.11,"₹ 3,010.93","₹ 3,611.70",₹ 600.77,16.63%,60.78
BATCH01178,Maize,East,Rabi,316.83,14.94,26.74,1.2,0.7,10,A,4.17,Warehouse,74.15,Medium,4.66,7.61,"₹ 1,476.43","₹ 2,411.08",₹ 934.65,38.76%,13.21
BATCH01179,Maize,North,Rabi,394.87,8.16,31.71,0.7,2.5,9,B,1.08,Farm,83.48,Medium,5.76,8.23,"₹ 2,274.45","₹ 3,249.78",₹ 975.33,30.01%,4.26
BATCH01180,Rice,North,Rabi,649.74,11.73,26.31,1.2,1,19,C,4.06,Warehouse,90.61,High,5.2,13.52,"₹ 3,378.65","₹ 8,784.48","₹ 5,405.84",61.54%,26.38
BATCH01181,Barley,East,Kharif,685.77,11.52,21.74,0.1,0.2,15,B,2.47,Warehouse,78.91,Medium,5.25,13.41,"₹ 3,600.29","₹ 9,196.18","₹ 5,595.88",60.85%,16.94
BATCH01182,Barley,East,Rabi,489.66,13.43,24.46,3.2,1.1,19,B,9.42,Transit,53.07,High,4.18,6.05,"₹ 2,046.78","₹ 2,962.44",₹ 915.66,30.91%,46.13
BATCH01183,Barley,West,Kharif,376.09,8.73,23.76,0.6,0.6,2,C,7.12,Farm,73.52,Low,5.06,14.5,"₹ 1,903.02","₹ 5,453.31","₹ 3,550.29",65.10%,26.78
BATCH01184,Barley,West,Rabi,709.58,15.9,28.56,2.6,0.9,10,C,0.98,Warehouse,56.53,High,3.14,6.82,"₹ 2,228.08","₹ 4,839.34","₹ 2,611.25",53.96%,6.95
BATCH01185,Barley,South,Rabi,659.44,10.18,33.17,0.1,1.3,19,A,3.28,Farm,85.74,Medium,6.31,9.14,"₹ 4,161.07","₹ 6,027.28","₹ 1,866.22",30.96%,21.63
BATCH01186,Barley,East,Kharif,567.89,14.77,25.28,6.2,0.7,17,B,0.98,Warehouse,84.03,High,8.38,7.15,"₹ 4,758.92","₹ 4,060.41",-₹ 698.50,-17.20%,5.57
BATCH01187,Wheat,West,Rabi,418.76,16.03,20.24,0.4,1.7,20,C,8.39,Transit,99.65,High,9.04,13.6,"₹ 3,785.59","₹ 5,695.14","₹ 1,909.55",33.53%,35.13
BATCH01188,Maize,South,Kharif,495.1,13.62,30.38,4.3,1.3,24,C,9.11,Warehouse,81.44,Medium,8.74,12.49,"₹ 4,327.17","₹ 6,183.80","₹ 1,856.63",30.02%,45.10
BATCH01189,Barley,South,Kharif,483.96,15.41,32.12,3.3,1,21,B,1.57,Transit,90.01,Medium,5.92,8.54,"₹ 2,865.04","₹ 4,133.02","₹ 1,267.98",30.68%,7.60
BATCH01190,Maize,South,Kharif,533.09,14.62,39.26,6.9,0.2,2,C,4.68,Farm,63.41,Low,8.11,11.82,"₹ 4,323.36","₹ 6,301.12","₹ 1,977.76",31.39%,24.95
BATCH01191,Maize,West,Rabi,645.1,11.56,31.79,1.3,1.8,19,B,9.35,Warehouse,67,High,5.02,6.84,"₹ 3,238.40","₹ 4,412.48","₹ 1,174.08",26.61%,60.32
BATCH01192,Wheat,East,Rabi,587.94,16.09,29.42,2.6,2.7,17,C,1.88,Warehouse,95.85,Low,3.39,8.82,"₹ 1,993.12","₹ 5,185.63","₹ 3,192.51",61.56%,11.05
BATCH01193,Barley,North,Rabi,392.26,10.95,31.47,0.9,0.1,18,B,3.27,Transit,87.76,Low,7.73,8.77,"₹ 3,032.17","₹ 3,440.12",₹ 407.95,11.86%,12.83
BATCH01194,Rice,South,Kharif,637.65,13.71,38.56,0.4,0.7,17,C,3.39,Transit,82.76,High,7.54,7.38,"₹ 4,807.88","₹ 4,705.86",-₹ 102.02,-2.17%,21.62
BATCH01195,Wheat,West,Kharif,531.31,15.45,36.57,1.2,0.3,2,C,0.79,Farm,62.7,Low,8.61,13.76,"₹ 4,574.58","₹ 7,310.83","₹ 2,736.25",37.43%,4.20
BATCH01196,Rice,West,Rabi,568.71,11.79,26.46,0.4,1.4,19,A,0.84,Transit,84.93,High,7.31,11.79,"₹ 4,157.27","₹ 6,705.09","₹ 2,547.82",38.00%,4.78
BATCH01197,Maize,North,Rabi,646.65,11.03,24.75,8,1.3,1,B,9.55,Farm,94.34,Low,4.1,7.8,"₹ 2,651.27","₹ 5,043.87","₹ 2,392.61",47.44%,61.76
BATCH01198,Maize,North,Rabi,388.84,12.59,25.25,0.2,0.2,11,A,5.93,Warehouse,61.54,Low,8.97,7.42,"₹ 3,487.89","₹ 2,885.19",-₹ 602.70,-20.89%,23.06
BATCH01199,Wheat,West,Rabi,496.42,16.18,30.09,1.8,2.1,25,C,3.41,Farm,85.31,High,7.39,5.18,"₹ 3,668.54","₹ 2,571.46","-₹ 1,097.09",-42.66%,16.93
BATCH01200,Wheat,East,Rabi,446.85,17.3,34.88,2,0.2,10,B,4.1,Farm,69.68,Medium,8.65,8.47,"₹ 3,865.25","₹ 3,784.82",-₹ 80.43,-2.13%,18.32
BATCH01201,Rice,North,Kharif,343.21,13.45,30.06,1.5,1.6,5,B,7.29,Farm,55.94,High,8.42,10.27,"₹ 2,889.83","₹ 3,524.77",₹ 634.94,18.01%,25.02
BATCH01202,Barley,West,Kharif,534.67,14.61,21.36,2.2,0.6,16,C,3.98,Warehouse,88.17,Medium,5.09,7.78,"₹ 2,721.47","₹ 4,159.73","₹ 1,438.26",34.58%,21.28
BATCH01203,Rice,North,Kharif,751.16,17.03,34.47,0.2,0.4,24,C,2.66,Warehouse,58.36,High,3.52,12,"₹ 2,644.08","₹ 9,013.92","₹ 6,369.84",70.67%,19.98
BATCH01204,Wheat,East,Rabi,315.99,8.99,36.12,1.6,0.2,5,C,1.47,Transit,62.64,High,4.24,9.12,"₹ 1,339.80","₹ 2,881.83","₹ 1,542.03",53.51%,4.65
BATCH01205,Rice,South,Kharif,496.77,10.32,25.79,0.7,0.2,24,C,7.42,Farm,89.15,Medium,3.65,8.16,"₹ 1,813.21","₹ 4,053.64","₹ 2,240.43",55.27%,36.86
BATCH01206,Wheat,North,Kharif,564.05,15.09,33.28,5.6,1.1,23,B,2.22,Warehouse,87.11,Medium,4.7,14.39,"₹ 2,651.04","₹ 8,116.68","₹ 5,465.64",67.34%,12.52
BATCH01207,Rice,East,Kharif,512.31,16.24,28.53,2.9,0.8,12,A,1.16,Farm,62.71,High,6.22,7.63,"₹ 3,186.57","₹ 3,908.93",₹ 722.36,18.48%,5.94
BATCH01208,Wheat,West,Kharif,488.69,16.57,37.78,7.2,0.1,4,B,4.56,Farm,97.05,High,9.35,8.98,"₹ 4,569.25","₹ 4,388.44",-₹ 180.82,-4.12%,22.28
BATCH01209,Wheat,North,Kharif,370.08,12.15,36.9,0.1,0.1,23,B,0.88,Farm,60.76,High,9.1,8.82,"₹ 3,367.73","₹ 3,264.11",-₹ 103.62,-3.17%,3.26
BATCH01210,Wheat,North,Rabi,523.28,8.89,30.51,0.7,0.1,6,B,9.67,Warehouse,99.68,Medium,8.03,7.41,"₹ 4,201.94","₹ 3,877.50",-₹ 324.43,-8.37%,50.60
BATCH01211,Barley,West,Kharif,424.32,12.38,33.83,0.4,1.4,19,B,6.46,Farm,86.89,High,3.17,7.17,"₹ 1,345.09","₹ 3,042.37","₹ 1,697.28",55.79%,27.41
BATCH01212,Rice,South,Rabi,281.01,10.31,37.67,0,1.2,9,C,1.95,Farm,69.63,Medium,5.39,8.02,"₹ 1,514.64","₹ 2,253.70",₹ 739.06,32.79%,5.48
BATCH01213,Rice,West,Rabi,619.46,10.91,29.91,0.6,0.1,12,A,2.14,Transit,56.52,Low,7.78,13.64,"₹ 4,819.40","₹ 8,449.43","₹ 3,630.04",42.96%,13.26
BATCH01214,Rice,North,Rabi,595.84,15.72,26.27,2.3,0.8,26,B,5.91,Farm,66.03,Medium,3.9,12.67,"₹ 2,323.78","₹ 7,549.29","₹ 5,225.52",69.22%,35.21
BATCH01215,Wheat,West,Rabi,505.17,8.76,35.07,0.5,0.1,15,B,3.89,Transit,59.69,Low,8.61,11.81,"₹ 4,349.51","₹ 5,966.06","₹ 1,616.54",27.10%,19.65
BATCH01216,Rice,East,Rabi,522.91,16.28,24.4,1.4,2.3,16,A,7.86,Farm,81.09,High,9.4,9.57,"₹ 4,915.35","₹ 5,004.25",₹ 88.89,1.78%,41.10
BATCH01217,Rice,West,Kharif,607.43,12.28,27.77,4.4,2.4,13,C,5.69,Transit,67.84,High,5.48,10.08,"₹ 3,328.72","₹ 6,122.89","₹ 2,794.18",45.63%,34.56
BATCH01218,Wheat,North,Kharif,522.43,13.96,37.31,2.4,1.2,25,B,4.62,Warehouse,64.75,Medium,7.94,7.67,"₹ 4,148.09","₹ 4,007.04",-₹ 141.06,-3.52%,24.14
BATCH01219,Maize,West,Rabi,590.4,8.9,34.49,1,2.6,21,C,9.65,Warehouse,87.86,Low,4.04,5.74,"₹ 2,385.22","₹ 3,388.90","₹ 1,003.68",29.62%,56.97
BATCH01220,Wheat,South,Rabi,470.25,11.37,28.08,0.9,1.7,24,B,4.21,Farm,61.53,High,7.84,8.31,"₹ 3,686.76","₹ 3,907.78",₹ 221.02,5.66%,19.80
BATCH01221,Rice,West,Rabi,631.2,8.9,24.29,1.2,1.8,7,B,4.31,Transit,79.34,High,3.15,9.96,"₹ 1,988.28","₹ 6,286.75","₹ 4,298.47",68.37%,27.20
BATCH01222,Wheat,South,Kharif,532.08,17.62,27.12,0.4,0.8,25,A,6.82,Warehouse,59.73,Low,4.06,5.57,"₹ 2,160.24","₹ 2,963.69",₹ 803.44,27.11%,36.29
BATCH01223,Maize,East,Rabi,519.41,16.07,25.68,2,0.4,23,A,8.19,Farm,85.74,High,7.97,5.88,"₹ 4,139.70","₹ 3,054.13","-₹ 1,085.57",-35.54%,42.54
BATCH01224,Wheat,South,Kharif,372.99,12.6,23.52,0.9,0.2,20,C,6.45,Farm,81.26,High,7.98,7.63,"₹ 2,976.46","₹ 2,845.91",-₹ 130.55,-4.59%,24.06
BATCH01225,Rice,West,Rabi,528.7,10.24,34.87,3.8,0.4,4,B,7.14,Transit,89.91,Medium,7.49,8.67,"₹ 3,959.96","₹ 4,583.83",₹ 623.87,13.61%,37.75
BATCH01226,Maize,North,Kharif,416.8,17.33,25.04,2.8,1,11,C,4.04,Transit,53.42,High,6.34,8.93,"₹ 2,642.51","₹ 3,722.02","₹ 1,079.51",29.00%,16.84
BATCH01227,Barley,South,Rabi,436.17,11.45,29.08,1.9,0.2,8,A,5.06,Farm,60.51,Low,7.72,6.18,"₹ 3,367.23","₹ 2,695.53",-₹ 671.70,-24.92%,22.07
BATCH01228,Rice,East,Kharif,418.46,9.61,27.72,0.9,0.3,6,A,2.37,Transit,57.72,High,8.42,7.26,"₹ 3,523.43","₹ 3,038.02",-₹ 485.41,-15.98%,9.92
BATCH01229,Maize,South,Rabi,393.38,13.63,39.64,0.5,0.6,25,A,6.96,Transit,59.53,Medium,9.77,7.62,"₹ 3,843.32","₹ 2,997.56",-₹ 845.77,-28.22%,27.38
BATCH01230,Maize,South,Kharif,712.48,17.44,27.82,3,0.3,10,A,2.6,Warehouse,55.15,High,9.22,5.68,"₹ 6,569.07","₹ 4,046.89","-₹ 2,522.18",-62.32%,18.52
BATCH01231,Barley,South,Kharif,633.13,8.04,21.6,1.3,0.9,7,A,0.51,Transit,78.1,Low,8.56,8.26,"₹ 5,419.59","₹ 5,229.65",-₹ 189.94,-3.63%,3.23
BATCH01232,Wheat,East,Kharif,692.04,10.38,21.8,0.5,2.6,7,C,9.37,Farm,79.67,High,7.86,5.72,"₹ 5,439.43","₹ 3,958.47","-₹ 1,480.97",-37.41%,64.84
BATCH01233,Wheat,West,Kharif,377.71,17.38,31.82,0.4,1.4,4,C,3.41,Transit,92.17,Low,7.02,12.03,"₹ 2,651.52","₹ 4,543.85","₹ 1,892.33",41.65%,12.88
BATCH01234,Rice,South,Kharif,507.13,9.71,31.99,0.4,1.1,3,A,2.37,Farm,70.89,Medium,3.84,8.86,"₹ 1,947.38","₹ 4,493.17","₹ 2,545.79",56.66%,12.02
BATCH01235,Barley,South,Kharif,370.65,9.13,28.38,3,0.9,24,B,3.05,Farm,76.62,High,4.16,8.27,"₹ 1,541.90","₹ 3,065.28","₹ 1,523.37",49.70%,11.30
BATCH01236,Wheat,North,Kharif,430.43,13.7,28.64,0.5,0.7,7,B,3.64,Transit,99.57,High,8.74,6.27,"₹ 3,761.96","₹ 2,698.80","-₹ 1,063.16",-39.39%,15.67
BATCH01237,Barley,East,Rabi,408.19,16.62,21.08,1.5,0.2,4,B,5.01,Transit,76.59,Medium,8.62,7.27,"₹ 3,518.60","₹ 2,967.54",-₹ 551.06,-18.57%,20.45
BATCH01238,Wheat,South,Rabi,623.96,12.77,30.33,1.2,2.3,13,B,1.16,Transit,78.68,Low,7.3,7.33,"₹ 4,554.91","₹ 4,573.63",₹ 18.72,0.41%,7.24
BATCH01239,Maize,East,Rabi,460.38,17.95,30.09,1.7,0.3,20,B,1,Warehouse,99.8,Low,6.07,14.85,"₹ 2,794.51","₹ 6,836.64","₹ 4,042.14",59.12%,4.60
BATCH01240,Wheat,South,Rabi,606.84,14.79,22.99,4.2,0.1,17,A,3.28,Warehouse,99.71,High,3.18,13.35,"₹ 1,929.75","₹ 8,101.31","₹ 6,171.56",76.18%,19.90
BATCH01241,Barley,West,Rabi,560.41,8.74,22.08,4,1.4,27,C,3.31,Transit,71.2,Low,5.29,5.15,"₹ 2,964.57","₹ 2,886.11",-₹ 78.46,-2.72%,18.55
BATCH01242,Maize,West,Kharif,730.36,17.93,22.47,1.2,0.2,7,A,1.62,Farm,81.75,Low,5.94,11.17,"₹ 4,338.34","₹ 8,158.12","₹ 3,819.78",46.82%,11.83
BATCH01243,Maize,South,Kharif,352.06,12.08,22.02,0,0.5,17,B,4.35,Transit,74.04,High,6.4,7.56,"₹ 2,253.18","₹ 2,661.57",₹ 408.39,15.34%,15.31
BATCH01244,Maize,West,Kharif,625.92,10.87,32.19,1.1,0,26,B,3.2,Warehouse,86.04,Low,9.51,6.04,"₹ 5,952.50","₹ 3,780.56","-₹ 2,171.94",-57.45%,20.03
BATCH01245,Barley,South,Kharif,614.64,13.58,23.93,1.9,0.1,26,C,0.75,Warehouse,96.92,Low,3.76,12.06,"₹ 2,311.05","₹ 7,412.56","₹ 5,101.51",68.82%,4.61
BATCH01246,Rice,West,Kharif,402.66,11.04,25.03,1.6,0.2,4,A,8.91,Transit,65.48,High,6.63,6.32,"₹ 2,669.64","₹ 2,544.81",-₹ 124.82,-4.91%,35.88
BATCH01247,Rice,North,Rabi,600.71,8.86,23.47,2.1,0.1,11,C,8.92,Farm,90.94,High,5.58,9.44,"₹ 3,351.96","₹ 5,670.70","₹ 2,318.74",40.89%,53.58
BATCH01248,Rice,North,Rabi,533.61,8.01,39.16,0.3,1.1,3,B,2.49,Farm,82.74,Low,9.93,11.32,"₹ 5,298.75","₹ 6,040.47",₹ 741.72,12.28%,13.29
BATCH01249,Barley,North,Rabi,477.25,12.5,37.09,2.1,1.8,11,B,2.05,Warehouse,64.01,High,9.03,10.54,"₹ 4,309.57","₹ 5,030.22",₹ 720.65,14.33%,9.78
BATCH01250,Maize,East,Rabi,417.61,16.37,24.61,0.4,0.5,3,C,5.7,Warehouse,89.86,Low,6.07,14.78,"₹ 2,534.89","₹ 6,172.28","₹ 3,637.38",58.93%,23.80
BATCH01251,Rice,East,Kharif,428.09,13.72,26.55,2.8,2.1,12,B,6.49,Warehouse,71.36,Low,10,12.86,"₹ 4,280.90","₹ 5,505.24","₹ 1,224.34",22.24%,27.78
BATCH01252,Barley,North,Kharif,704.98,17.99,24.2,0.8,0.2,1,A,9.6,Farm,56.02,Low,6.6,12.74,"₹ 4,652.87","₹ 8,981.45","₹ 4,328.58",48.19%,67.68
BATCH01253,Rice,East,Kharif,500.07,10.87,29.84,2.5,0.4,4,B,4.08,Warehouse,99.67,Low,4.17,8.56,"₹ 2,085.29","₹ 4,280.60","₹ 2,195.31",51.29%,20.40
BATCH01254,Wheat,West,Rabi,578.21,10.8,20.39,0.1,0.2,14,B,6.37,Warehouse,71.28,High,6.89,5.08,"₹ 3,983.87","₹ 2,937.31","-₹ 1,046.56",-35.63%,36.83
BATCH01255,Rice,South,Kharif,420.91,9.6,33.43,1,1,1,A,8.84,Farm,77.08,High,4.58,12.34,"₹ 1,927.77","₹ 5,194.03","₹ 3,266.26",62.88%,37.21
BATCH01256,Rice,South,Rabi,422.01,9.64,30.46,2.4,0.5,14,B,4.77,Warehouse,90.4,Medium,7.45,15,"₹ 3,143.97","₹ 6,330.15","₹ 3,186.18",50.33%,20.13
BATCH01257,Maize,South,Kharif,608.2,10.85,37.97,0.5,1,13,C,1.66,Warehouse,98.04,High,9.56,9.06,"₹ 5,814.39","₹ 5,510.29",-₹ 304.10,-5.52%,10.10
BATCH01258,Barley,North,Kharif,365.04,15.93,23.29,3.2,1.4,13,C,4.09,Transit,93.64,Medium,8.5,14.86,"₹ 3,102.84","₹ 5,424.49","₹ 2,321.65",42.80%,14.93
BATCH01259,Maize,East,Rabi,458.48,17.06,36.08,2,0.8,24,B,1.8,Warehouse,76.25,Low,4.91,6.42,"₹ 2,251.14","₹ 2,943.44",₹ 692.30,23.52%,8.25
BATCH01260,Maize,West,Kharif,503.4,17.75,35.84,1.8,1,15,A,0.66,Transit,77.28,High,5.08,7.97,"₹ 2,557.27","₹ 4,012.10","₹ 1,454.83",36.26%,3.32
BATCH01261,Maize,West,Kharif,511.14,10.32,22.54,0.9,2.7,17,A,7.64,Warehouse,64.04,Low,3.49,6.71,"₹ 1,783.88","₹ 3,429.75","₹ 1,645.87",47.99%,39.05
BATCH01262,Maize,North,Rabi,482.09,16.81,27.97,1.3,0.4,12,C,2.77,Warehouse,73.14,Medium,5,9.75,"₹ 2,410.45","₹ 4,700.38","₹ 2,289.93",48.72%,13.35
BATCH01263,Maize,West,Kharif,539.58,11.28,23.4,1.8,0.4,22,B,0.52,Transit,97.34,High,3.65,12.97,"₹ 1,969.47","₹ 6,998.35","₹ 5,028.89",71.86%,2.81
BATCH01264,Rice,West,Rabi,569.29,9.13,25.09,1.3,1.3,23,A,8.79,Warehouse,86.35,High,6.5,8.41,"₹ 3,700.39","₹ 4,787.73","₹ 1,087.34",22.71%,50.04
BATCH01265,Maize,West,Kharif,573.46,16.7,25.26,2.4,0.9,26,A,4.72,Transit,50.59,High,7.96,14.06,"₹ 4,564.74","₹ 8,062.85","₹ 3,498.11",43.39%,27.07
BATCH01266,Maize,West,Kharif,401.42,14.36,31.12,1.1,0.2,14,C,2.77,Warehouse,55.83,High,8.26,10.45,"₹ 3,315.73","₹ 4,194.84",₹ 879.11,20.96%,11.12
BATCH01267,Barley,East,Kharif,471.58,9.65,28.23,0.5,0.5,12,C,3,Transit,96.19,Low,3.42,9.65,"₹ 1,612.80","₹ 4,550.75","₹ 2,937.94",64.56%,14.15
BATCH01268,Wheat,West,Kharif,619.48,12.3,38.95,0.5,0.6,18,A,2.79,Transit,92.44,High,5.38,12.87,"₹ 3,332.80","₹ 7,972.71","₹ 4,639.91",58.20%,17.28
BATCH01269,Rice,South,Kharif,589.46,10.87,22.53,0,0.5,4,C,2.35,Warehouse,74.31,Medium,5.02,6.01,"₹ 2,959.09","₹ 3,542.65",₹ 583.57,16.47%,13.85
BATCH01270,Rice,North,Kharif,362.71,15.37,39.47,0.7,0.2,27,A,8.49,Warehouse,80.85,High,3.73,12.74,"₹ 1,352.91","₹ 4,620.93","₹ 3,268.02",70.72%,30.79
BATCH01271,Rice,East,Kharif,535.15,12.53,24.61,2.8,2.6,14,B,2.12,Transit,64.48,Medium,5.54,7.43,"₹ 2,964.73","₹ 3,976.16","₹ 1,011.43",25.44%,11.35
BATCH01272,Maize,West,Kharif,302.18,17.89,35.46,3.2,1.4,19,C,5.84,Farm,89.64,Medium,5.1,7.81,"₹ 1,541.12","₹ 2,360.03",₹ 818.91,34.70%,17.65
BATCH01273,Maize,East,Rabi,504.69,8.55,26.78,0.5,0.7,29,C,1.23,Warehouse,80.17,Low,7.44,10.99,"₹ 3,754.89","₹ 5,546.54","₹ 1,791.65",32.30%,6.21
BATCH01274,Maize,West,Rabi,689.78,11.55,22.86,6.4,1.1,13,B,9.52,Warehouse,84.74,High,9.18,14.02,"₹ 6,332.18","₹ 9,670.72","₹ 3,338.54",34.52%,65.67
BATCH01275,Barley,South,Kharif,405.21,12.82,37.16,1.4,2.3,25,A,6.23,Farm,68.75,Medium,6.18,10.78,"₹ 2,504.20","₹ 4,368.16","₹ 1,863.97",42.67%,25.24
BATCH01276,Wheat,North,Kharif,416.57,13.03,26.18,5,0.1,23,A,9.08,Farm,71.52,High,8.23,11.49,"₹ 3,428.37","₹ 4,786.39","₹ 1,358.02",28.37%,37.82
BATCH01277,Maize,West,Rabi,576.4,11.16,33.18,2.5,0.3,18,C,4.28,Transit,60.38,Low,4.02,12.77,"₹ 2,317.13","₹ 7,360.63","₹ 5,043.50",68.52%,24.67
BATCH01278,Wheat,West,Kharif,345.72,15.29,31.33,2.6,0.8,11,A,8.2,Warehouse,97.4,Low,9.26,7.59,"₹ 3,201.37","₹ 2,624.01",-₹ 577.35,-22.00%,28.35
BATCH01279,Barley,West,Kharif,436.72,16.75,29.44,0.2,1.6,28,A,8.61,Transit,97.33,High,4.07,13.27,"₹ 1,777.45","₹ 5,795.27","₹ 4,017.82",69.33%,37.60
BATCH01280,Rice,West,Rabi,559.64,17.39,29.92,0.5,0,6,B,7.18,Warehouse,90.89,Medium,4.34,9.18,"₹ 2,428.84","₹ 5,137.50","₹ 2,708.66",52.72%,40.18
BATCH01281,Maize,North,Kharif,436.57,16.05,34.64,0,4.1,9,B,1.38,Farm,96.78,Low,3.75,6.76,"₹ 1,637.14","₹ 2,951.21","₹ 1,314.08",44.53%,6.02
BATCH01282,Wheat,North,Kharif,476.4,16.51,21.76,2.5,0.6,12,B,0.65,Transit,83.27,Medium,5.17,8.5,"₹ 2,462.99","₹ 4,049.40","₹ 1,586.41",39.18%,3.10
BATCH01283,Wheat,South,Rabi,574.42,13.51,33.36,0.8,0.4,19,C,2.1,Warehouse,61.73,Medium,6.87,7.46,"₹ 3,946.27","₹ 4,285.17",₹ 338.91,7.91%,12.06
BATCH01284,Maize,North,Kharif,542.15,16.26,37.92,3.1,0.3,14,B,1.62,Warehouse,88.01,High,9.92,7.29,"₹ 5,378.13","₹ 3,952.27","-₹ 1,425.85",-36.08%,8.78
BATCH01285,Rice,West,Kharif,526.68,11.04,21.16,0.8,0.2,15,B,7.39,Farm,66.26,Low,8.55,7.83,"₹ 4,503.11","₹ 4,123.90",-₹ 379.21,-9.20%,38.92
BATCH01286,Rice,South,Rabi,466.09,11.98,22.81,3.4,1.6,11,A,5.79,Farm,72.02,High,5.66,6.81,"₹ 2,638.07","₹ 3,174.07",₹ 536.00,16.89%,26.99
BATCH01287,Rice,South,Kharif,537.01,11.17,34.33,0.3,3.1,6,B,5.5,Warehouse,63.72,High,7.03,11.68,"₹ 3,775.18","₹ 6,272.28","₹ 2,497.10",39.81%,29.54
BATCH01288,Barley,South,Rabi,487.63,12.67,28.75,0.4,0.5,14,C,2.9,Farm,71.18,High,7.36,10.8,"₹ 3,588.96","₹ 5,266.40","₹ 1,677.45",31.85%,14.14
BATCH01289,Wheat,West,Kharif,545.78,10.86,28.07,0.8,3,3,B,1.97,Farm,83.97,Medium,8.76,11.48,"₹ 4,781.03","₹ 6,265.55","₹ 1,484.52",23.69%,10.75
BATCH01290,Wheat,East,Kharif,450.31,17.62,22.74,1.1,1.7,19,C,2.46,Transit,55.53,High,8.16,8.44,"₹ 3,674.53","₹ 3,800.62",₹ 126.09,3.32%,11.08
BATCH01291,Wheat,West,Rabi,481.74,11.13,30.14,0.9,0.7,20,A,4.3,Warehouse,55.26,Low,6.99,12.7,"₹ 3,367.36","₹ 6,118.10","₹ 2,750.74",44.96%,20.71
BATCH01292,Barley,North,Rabi,401,8.98,22.53,2.9,1.1,25,A,7.53,Transit,84.19,Medium,7.68,6.3,"₹ 3,079.68","₹ 2,526.30",-₹ 553.38,-21.90%,30.20
BATCH01293,Wheat,North,Kharif,496.5,13.27,29.53,0.2,0.6,11,B,2.92,Farm,88.98,High,8.22,10.71,"₹ 4,081.23","₹ 5,317.52","₹ 1,236.29",23.25%,14.50
BATCH01294,Barley,West,Rabi,418.9,8.57,35.27,0.9,0.8,29,A,7.14,Warehouse,77.57,Low,3.93,7.75,"₹ 1,646.28","₹ 3,246.48","₹ 1,600.20",49.29%,29.91
BATCH01295,Rice,West,Rabi,388.6,9.11,25.17,3.6,0.1,24,B,5.17,Farm,59.08,High,4.4,10.28,"₹ 1,709.84","₹ 3,994.81","₹ 2,284.97",57.20%,20.09
BATCH01296,Maize,South,Kharif,525.87,10.19,29.62,0.1,1.2,17,A,8.91,Farm,71.54,High,7.82,8.24,"₹ 4,112.30","₹ 4,333.17",₹ 220.87,5.10%,46.86
BATCH01297,Wheat,West,Kharif,521.27,12.64,39.84,5.7,0.1,29,C,2.71,Warehouse,87.91,High,8.95,12.91,"₹ 4,665.37","₹ 6,729.60","₹ 2,064.23",30.67%,14.13
BATCH01298,Wheat,South,Kharif,578.29,12.33,33.73,8.6,1.7,28,A,4.78,Farm,84.29,Medium,5.86,13.91,"₹ 3,388.78","₹ 8,044.01","₹ 4,655.23",57.87%,27.64
BATCH01299,Rice,North,Rabi,456.89,16,36.83,0.2,1.7,27,B,1.42,Transit,55.49,High,9.86,12.43,"₹ 4,504.94","₹ 5,679.14","₹ 1,174.21",20.68%,6.49
BATCH01300,Maize,South,Rabi,540.81,15.39,28.3,0.7,0.3,17,B,3.68,Warehouse,98.46,Low,4.51,6.76,"₹ 2,439.05","₹ 3,655.88","₹ 1,216.82",33.28%,19.90
BATCH01301,Barley,West,Rabi,555.08,12.26,35.36,0.9,0.4,23,B,5.32,Farm,61.17,High,5.92,7.75,"₹ 3,286.07","₹ 4,301.87","₹ 1,015.80",23.61%,29.53
BATCH01302,Maize,North,Rabi,544.48,11.34,20.81,3,0.7,3,C,7.46,Farm,61.02,High,5.65,14.19,"₹ 3,076.31","₹ 7,726.17","₹ 4,649.86",60.18%,40.62
BATCH01303,Rice,East,Kharif,417.43,11.16,22.46,1.8,0.9,14,A,2.38,Farm,72.99,Medium,9.51,9.37,"₹ 3,969.76","₹ 3,911.32",-₹ 58.44,-1.49%,9.93
BATCH01304,Rice,South,Rabi,514.94,15.74,24.06,2.1,0.3,27,B,2.57,Warehouse,66.36,High,5,14.41,"₹ 2,574.70","₹ 7,420.29","₹ 4,845.59",65.30%,13.23
BATCH01305,Maize,North,Kharif,536.41,8.52,28.04,2.8,0.9,7,C,6.5,Transit,99.2,Low,6.3,8.92,"₹ 3,379.38","₹ 4,784.78","₹ 1,405.39",29.37%,34.87
BATCH01306,Barley,South,Rabi,500.72,8.13,36.91,0.3,0.4,25,C,4.13,Farm,53.82,Low,4.31,14.52,"₹ 2,158.10","₹ 7,270.45","₹ 5,112.35",70.32%,20.68
BATCH01307,Barley,North,Kharif,291.35,15.96,26.93,3.6,0.1,19,C,5.08,Farm,65.32,High,6.65,14.26,"₹ 1,937.48","₹ 4,154.65","₹ 2,217.17",53.37%,14.80
BATCH01308,Wheat,North,Kharif,516.05,12.77,33.09,2.4,0,3,A,8.44,Farm,69.14,Low,9,11.61,"₹ 4,644.45","₹ 5,991.34","₹ 1,346.89",22.48%,43.55
BATCH01309,Barley,South,Kharif,721.25,9.31,34.19,1.7,0.1,2,A,5.24,Warehouse,74.67,Low,5.13,5.09,"₹ 3,700.01","₹ 3,671.16",-₹ 28.85,-0.79%,37.79
BATCH01310,Maize,East,Rabi,464,10.36,31.72,4.4,1.6,26,A,6.7,Farm,50.82,High,8.68,9,"₹ 4,027.52","₹ 4,176.00",₹ 148.48,3.56%,31.09
BATCH01311,Rice,North,Kharif,427.19,17.33,27.14,2.4,3.3,17,C,6.74,Farm,54.12,Low,9.38,14.11,"₹ 4,007.04","₹ 6,027.65","₹ 2,020.61",33.52%,28.79
BATCH01312,Wheat,North,Kharif,537.33,16.6,31.54,0.5,0.6,9,A,8.13,Farm,62.89,Low,3.51,13.85,"₹ 1,886.03","₹ 7,442.02","₹ 5,555.99",74.66%,43.68
BATCH01313,Wheat,North,Rabi,531.24,15.1,26.85,1.1,0.7,22,B,6.56,Warehouse,77.7,High,8.29,6.87,"₹ 4,403.98","₹ 3,649.62",-₹ 754.36,-20.67%,34.85
BATCH01314,Rice,East,Kharif,619.27,12.82,21.68,1.4,0.2,6,C,1.12,Transit,88.39,Medium,4.79,8.99,"₹ 2,966.30","₹ 5,567.24","₹ 2,600.93",46.72%,6.94
BATCH01315,Barley,East,Rabi,374.21,13.2,39.86,0.1,0.8,24,A,3.75,Warehouse,84.32,Medium,4.23,13.36,"₹ 1,582.91","₹ 4,999.45","₹ 3,416.54",68.34%,14.03
BATCH01316,Rice,West,Rabi,573.14,17.75,22.54,6.2,0.2,27,C,9.9,Transit,78.35,High,7.21,10.78,"₹ 4,132.34","₹ 6,178.45","₹ 2,046.11",33.12%,56.74
BATCH01317,Barley,South,Kharif,559.04,17.66,21.45,0.3,0.9,21,C,2.37,Transit,69.86,Medium,7.94,13.47,"₹ 4,438.78","₹ 7,530.27","₹ 3,091.49",41.05%,13.25
BATCH01318,Rice,East,Kharif,485.79,10.15,37.57,2.4,2.7,9,A,6.07,Warehouse,93.53,Medium,5.76,13.27,"₹ 2,798.15","₹ 6,446.43","₹ 3,648.28",56.59%,29.49
BATCH01319,Maize,South,Rabi,533.87,16.11,26.04,1.4,0.2,27,C,8.51,Farm,72.99,Medium,3.27,14.07,"₹ 1,745.75","₹ 7,511.55","₹ 5,765.80",76.76%,45.43
BATCH01320,Barley,West,Kharif,602.95,9.97,33.01,0.1,1.4,5,A,6.07,Transit,64.96,Medium,9.36,6.17,"₹ 5,643.61","₹ 3,720.20","-₹ 1,923.41",-51.70%,36.60
BATCH01321,Maize,South,Rabi,587.23,10.14,26.58,5.2,0,2,A,4.04,Farm,81.47,High,8.12,6.45,"₹ 4,768.31","₹ 3,787.63",-₹ 980.67,-25.89%,23.72
BATCH01322,Wheat,East,Rabi,385.7,14.76,27.83,3.8,0.5,22,A,1.26,Transit,84.61,Medium,4.9,5.83,"₹ 1,889.93","₹ 2,248.63",₹ 358.70,15.95%,4.86
BATCH01323,Rice,South,Rabi,582.02,12.05,25.24,1.5,0.1,15,C,3.94,Farm,69.92,Medium,6.48,14.35,"₹ 3,771.49","₹ 8,351.99","₹ 4,580.50",54.84%,22.93
BATCH01324,Wheat,East,Kharif,493.53,17.32,26.86,0.5,0.4,9,C,2.23,Farm,51.41,High,3.19,9.75,"₹ 1,574.36","₹ 4,811.92","₹ 3,237.56",67.28%,11.01
BATCH01325,Wheat,South,Rabi,507.29,8.89,28.21,0.3,0.2,19,A,9.63,Warehouse,54.71,High,5.37,5.64,"₹ 2,724.15","₹ 2,861.12",₹ 136.97,4.79%,48.85
BATCH01326,Wheat,East,Kharif,507.32,13.12,34.41,0.9,0.5,10,C,7.29,Farm,92.28,Medium,6.66,8.22,"₹ 3,378.75","₹ 4,170.17",₹ 791.42,18.98%,36.98
BATCH01327,Wheat,East,Kharif,484.98,17.19,30.23,0.6,0.5,4,A,7.62,Transit,52.83,Low,6.62,8.51,"₹ 3,210.57","₹ 4,127.18",₹ 916.61,22.21%,36.96
BATCH01328,Rice,South,Kharif,619.17,17.04,38.87,1.4,0.4,10,B,4.64,Farm,79.6,High,4.46,13.1,"₹ 2,761.50","₹ 8,111.13","₹ 5,349.63",65.95%,28.73
BATCH01329,Wheat,West,Kharif,491.63,9.57,20.84,6.8,1.1,27,C,1.54,Farm,59.19,High,8.44,12.35,"₹ 4,149.36","₹ 6,071.63","₹ 1,922.27",31.66%,7.57
BATCH01330,Rice,North,Rabi,388.05,11.67,30.06,1.7,2.5,8,C,3.03,Farm,61.45,Medium,5.09,11.89,"₹ 1,975.17","₹ 4,613.91","₹ 2,638.74",57.19%,11.76
BATCH01331,Rice,West,Kharif,460.65,14.19,31.68,4.4,0.5,22,B,2.97,Transit,63.67,Low,7.06,5.22,"₹ 3,252.19","₹ 2,404.59",-₹ 847.60,-35.25%,13.68
BATCH01332,Maize,South,Rabi,517.87,9.59,38.4,2.1,0.2,13,B,5.12,Transit,51.91,High,4.9,14.11,"₹ 2,537.56","₹ 7,307.15","₹ 4,769.58",65.27%,26.51
BATCH01333,Barley,West,Rabi,622.92,17.68,20.98,1.3,0.3,7,B,4.88,Transit,58.86,High,5.98,7.16,"₹ 3,725.06","₹ 4,460.11",₹ 735.05,16.48%,30.40
BATCH01334,Barley,East,Kharif,560.31,17.15,31.47,3.9,1.9,7,A,4.62,Farm,82.52,High,4.45,11.29,"₹ 2,493.38","₹ 6,325.90","₹ 3,832.52",60.58%,25.89
BATCH01335,Rice,North,Rabi,414.95,9.67,37.07,1.3,0.8,4,A,5.21,Warehouse,74.94,Low,7.43,5.62,"₹ 3,083.08","₹ 2,332.02",-₹ 751.06,-32.21%,21.62
BATCH01336,Maize,South,Rabi,748.52,9.21,24.84,4.1,0.6,15,B,9.88,Transit,89.87,High,5.98,5.82,"₹ 4,476.15","₹ 4,356.39",-₹ 119.76,-2.75%,73.95
BATCH01337,Rice,South,Kharif,526.48,8.85,37.53,0.7,0.2,12,A,3.33,Farm,53.06,High,3.11,5.1,"₹ 1,637.35","₹ 2,685.05","₹ 1,047.70",39.02%,17.53
BATCH01338,Rice,South,Rabi,627.54,17.09,20.38,0.3,0.6,16,C,6.35,Transit,94.44,Low,3.2,10.66,"₹ 2,008.13","₹ 6,689.58","₹ 4,681.45",69.98%,39.85
BATCH01339,Rice,North,Rabi,484.83,9.94,34.65,3.9,0.3,6,B,2.78,Warehouse,99.82,High,6.3,11.29,"₹ 3,054.43","₹ 5,473.73","₹ 2,419.30",44.20%,13.48
BATCH01340,Maize,East,Rabi,553.34,12.16,38.66,1.8,2.9,28,C,4.93,Farm,50.79,Low,4.28,5.5,"₹ 2,368.30","₹ 3,043.37",₹ 675.07,22.18%,27.28
BATCH01341,Barley,South,Rabi,583.95,12.49,33.14,4.4,2.2,9,A,2.4,Transit,98.38,Low,7.1,7.9,"₹ 4,146.05","₹ 4,613.21",₹ 467.16,10.13%,14.01
BATCH01342,Maize,West,Kharif,621.82,13.99,28.78,5.6,0.1,3,B,5.8,Transit,61.79,Low,5.86,13.51,"₹ 3,643.87","₹ 8,400.79","₹ 4,756.92",56.62%,36.07
BATCH01343,Wheat,South,Rabi,605.74,8.72,20.9,0.1,0.7,8,A,3.02,Warehouse,84.63,Medium,7.58,6.01,"₹ 4,591.51","₹ 3,640.50",-₹ 951.01,-26.12%,18.29
BATCH01344,Maize,South,Rabi,587.22,10.27,38.4,1.4,0.3,7,C,0.85,Transit,64.62,High,9.67,7.17,"₹ 5,678.42","₹ 4,210.37","-₹ 1,468.05",-34.87%,4.99
BATCH01345,Maize,South,Rabi,468.49,17.31,29.41,0.9,0.5,4,A,8.25,Farm,76.09,High,6.7,9.24,"₹ 3,138.88","₹ 4,328.85","₹ 1,189.96",27.49%,38.65
BATCH01346,Maize,South,Rabi,442.83,17.08,20.58,2,2.1,26,C,1.72,Farm,75.52,High,8.51,13.42,"₹ 3,768.48","₹ 5,942.78","₹ 2,174.30",36.59%,7.62
BATCH01347,Maize,East,Kharif,533.26,15.81,33.8,3.2,0.7,13,A,4,Warehouse,68.06,Low,8.27,7.55,"₹ 4,410.06","₹ 4,026.11",-₹ 383.95,-9.54%,21.33
BATCH01348,Barley,West,Rabi,593.31,8.19,29.64,0.7,0.4,19,C,5.03,Warehouse,85.88,Medium,9.45,14.97,"₹ 5,606.78","₹ 8,881.85","₹ 3,275.07",36.87%,29.84
BATCH01349,Wheat,East,Kharif,477.73,11.27,22.49,1.6,0.2,7,A,4.61,Warehouse,79.98,Low,4.5,8.55,"₹ 2,149.79","₹ 4,084.59","₹ 1,934.81",47.37%,22.02
BATCH01350,Barley,West,Rabi,606.52,14.28,24.29,2.5,1.6,10,B,7.39,Farm,75.41,High,8.79,8.86,"₹ 5,331.31","₹ 5,373.77",₹ 42.46,0.79%,44.82
BATCH01351,Barley,South,Kharif,645.26,10.75,21.29,0.3,1,25,B,6.17,Warehouse,99.14,Low,9.34,6.22,"₹ 6,026.73","₹ 4,013.52","-₹ 2,013.21",-50.16%,39.81
BATCH01352,Maize,North,Kharif,408.37,17.1,31.49,3.4,0.6,12,A,3.31,Transit,97,Medium,5.75,11.8,"₹ 2,348.13","₹ 4,818.77","₹ 2,470.64",51.27%,13.52
BATCH01353,Rice,East,Kharif,416.31,14.34,32.44,1.9,0.2,26,C,0.99,Transit,97.77,High,5.2,7.43,"₹ 2,164.81","₹ 3,093.18",₹ 928.37,30.01%,4.12
BATCH01354,Rice,North,Kharif,485.96,8.72,30.11,6,0.4,3,A,7.79,Farm,94.07,Low,9.66,11.29,"₹ 4,694.37","₹ 5,486.49",₹ 792.11,14.44%,37.86
BATCH01355,Barley,East,Kharif,530.76,17.09,36.34,0.8,3.2,26,B,3.85,Transit,62.76,Medium,7.39,7.23,"₹ 3,922.32","₹ 3,837.39",-₹ 84.92,-2.21%,20.43
BATCH01356,Barley,South,Rabi,447.54,17.58,37.22,0.2,0.7,25,C,8.95,Warehouse,67.5,Low,5.66,8.88,"₹ 2,533.08","₹ 3,974.16","₹ 1,441.08",36.26%,40.05
BATCH01357,Maize,East,Rabi,635.22,8.78,32.31,1.4,0.5,29,A,4.25,Transit,61.55,Low,8.54,13.57,"₹ 5,424.78","₹ 8,619.94","₹ 3,195.16",37.07%,27.00
BATCH01358,Barley,South,Rabi,542.41,13.32,20.26,0.2,0.7,24,A,7.32,Warehouse,99.31,High,5.13,12.39,"₹ 2,782.56","₹ 6,720.46","₹ 3,937.90",58.60%,39.70
BATCH01359,Maize,East,Kharif,503.94,11.03,33.9,7,1.5,12,C,9.43,Transit,57.63,Medium,4.23,6.55,"₹ 2,131.67","₹ 3,300.81","₹ 1,169.14",35.42%,47.52
BATCH01360,Rice,South,Rabi,356.41,11.93,28.36,0.1,0.4,19,A,6.69,Farm,68.33,Low,6.81,11.08,"₹ 2,427.15","₹ 3,949.02","₹ 1,521.87",38.54%,23.84
BATCH01361,Rice,South,Kharif,368.42,9.8,31.31,2.8,0.2,15,B,4.43,Warehouse,59.95,Medium,6.96,11.29,"₹ 2,564.20","₹ 4,159.46","₹ 1,595.26",38.35%,16.32
BATCH01362,Wheat,West,Kharif,528.1,13.78,32.98,1.5,0.9,8,B,5.89,Transit,61.17,High,8.78,5.91,"₹ 4,636.72","₹ 3,121.07","-₹ 1,515.65",-48.56%,31.11
BATCH01363,Rice,South,Rabi,286.74,17.58,27,0.9,1.1,12,C,5.66,Farm,62.35,High,6.2,9.66,"₹ 1,777.79","₹ 2,769.91",₹ 992.12,35.82%,16.23
BATCH01364,Barley,West,Rabi,601.26,13.03,38.34,0.1,1.2,20,A,6.06,Transit,81.98,High,8.7,7.61,"₹ 5,230.96","₹ 4,575.59",-₹ 655.37,-14.32%,36.44
BATCH01365,Rice,South,Kharif,484.18,8.83,22.68,1.9,2.1,6,A,1.89,Farm,53.8,Medium,5.18,9.67,"₹ 2,508.05","₹ 4,682.02","₹ 2,173.97",46.43%,9.15
BATCH01366,Maize,North,Kharif,824.31,14.2,33.43,1.8,0.5,28,B,7.14,Transit,78.63,Medium,7.03,12.77,"₹ 5,794.90","₹ 10,526.44","₹ 4,731.54",44.95%,58.86
BATCH01367,Rice,South,Rabi,730.79,11.4,20.09,0.7,0.1,10,C,1.88,Warehouse,90.96,Low,4.46,6.58,"₹ 3,259.32","₹ 4,808.60","₹ 1,549.27",32.22%,13.74
BATCH01368,Wheat,North,Rabi,481.86,16.56,38.49,4.8,3.2,2,C,0.64,Warehouse,88.33,Medium,5.7,6.23,"₹ 2,746.60","₹ 3,001.99",₹ 255.39,8.51%,3.08
BATCH01369,Rice,North,Rabi,489.37,12.35,22.25,0.7,0.6,24,C,6.44,Warehouse,57.56,High,9,7.69,"₹ 4,404.33","₹ 3,763.26",-₹ 641.07,-17.04%,31.52
BATCH01370,Maize,South,Rabi,599.56,9.93,21.9,1.2,1,13,B,1.61,Warehouse,95.74,Low,4.51,14.52,"₹ 2,704.02","₹ 8,705.61","₹ 6,001.60",68.94%,9.65
BATCH01371,Maize,North,Kharif,670.32,9.91,26.66,1.6,1.1,25,B,7.82,Warehouse,88.5,Medium,8.67,12.48,"₹ 5,811.67","₹ 8,365.59","₹ 2,553.92",30.53%,52.42
BATCH01372,Barley,West,Rabi,336.2,15.69,27.47,0.2,0.8,7,C,8.73,Transit,50.27,High,4.98,5.19,"₹ 1,674.28","₹ 1,744.88",₹ 70.60,4.05%,29.35
BATCH01373,Rice,East,Rabi,321.36,10.66,24.29,5.4,0.2,8,C,9.47,Transit,86.87,High,3.24,9.01,"₹ 1,041.21","₹ 2,895.45","₹ 1,854.25",64.04%,30.43
BATCH01374,Maize,South,Rabi,437.8,15.67,31.7,0.9,1.4,23,A,6.81,Transit,86.87,Low,3.77,7.57,"₹ 1,650.51","₹ 3,314.15","₹ 1,663.64",50.20%,29.81
BATCH01375,Wheat,North,Kharif,558.27,10.06,28.86,0.2,1.6,16,A,5.08,Transit,74.84,High,8.22,11.38,"₹ 4,588.98","₹ 6,353.11","₹ 1,764.13",27.77%,28.36
BATCH01376,Barley,South,Kharif,549.69,11.22,20.68,1,0.8,11,C,3.85,Warehouse,52.3,Medium,4.83,9.59,"₹ 2,655.00","₹ 5,271.53","₹ 2,616.52",49.64%,21.16
BATCH01377,Wheat,West,Kharif,606.98,12.65,26.39,1.8,0.7,26,B,5.16,Farm,79,High,7.58,14.64,"₹ 4,600.91","₹ 8,886.19","₹ 4,285.28",48.22%,31.32
BATCH01378,Rice,South,Kharif,380.03,17.43,36.21,1.4,0.1,4,B,2.31,Warehouse,88.29,Low,7.89,7.19,"₹ 2,998.44","₹ 2,732.42",-₹ 266.02,-9.74%,8.78
BATCH01379,Rice,South,Rabi,268.39,17.32,33.79,2.4,0.1,17,A,3.81,Transit,63.54,High,5.42,10.88,"₹ 1,454.67","₹ 2,920.08","₹ 1,465.41",50.18%,10.23
BATCH01380,Rice,North,Kharif,585.8,10.07,34.5,0.1,0.4,16,C,7.32,Warehouse,83.35,High,6.32,12,"₹ 3,702.26","₹ 7,029.60","₹ 3,327.34",47.33%,42.88
BATCH01381,Barley,West,Rabi,417.18,11.58,33.96,0.7,0.4,19,B,2.57,Warehouse,67.7,Medium,5.83,13.26,"₹ 2,432.16","₹ 5,531.81","₹ 3,099.65",56.03%,10.72
BATCH01382,Maize,East,Rabi,298.15,9.49,26.22,3.4,3.1,23,B,3.01,Warehouse,78.69,Medium,9.63,9.07,"₹ 2,871.18","₹ 2,704.22",-₹ 166.96,-6.17%,8.97
BATCH01383,Barley,East,Rabi,514.51,13.1,21.99,0.2,1.5,27,B,7.62,Farm,69.23,Medium,5.24,11.87,"₹ 2,696.03","₹ 6,107.23","₹ 3,411.20",55.86%,39.21
BATCH01384,Wheat,North,Rabi,579.32,12.61,25.45,3.9,1.1,11,B,2.19,Warehouse,65.19,Medium,4.28,8.03,"₹ 2,479.49","₹ 4,651.94","₹ 2,172.45",46.70%,12.69
BATCH01385,Barley,South,Kharif,487.79,17.01,36.64,0.2,0.7,7,A,2.84,Warehouse,92.8,High,5.56,9.35,"₹ 2,712.11","₹ 4,560.84","₹ 1,848.72",40.53%,13.85
BATCH01386,Wheat,North,Kharif,454.22,17.3,39.61,3.6,0.2,27,B,0.67,Farm,87.69,Medium,7.69,13.96,"₹ 3,492.95","₹ 6,340.91","₹ 2,847.96",44.91%,3.04
BATCH01387,Barley,North,Kharif,484.06,11.84,29.88,0.9,3.8,13,B,7.34,Warehouse,67.27,High,7.88,14.5,"₹ 3,814.39","₹ 7,018.87","₹ 3,204.48",45.66%,35.53
BATCH01388,Maize,North,Rabi,462.94,12.92,20.19,1.9,0.5,19,C,6.37,Warehouse,71.73,Medium,9.47,12.19,"₹ 4,384.04","₹ 5,643.24","₹ 1,259.20",22.31%,29.49
BATCH01389,Wheat,South,Rabi,365.2,16.96,22.8,0.3,0.1,17,C,7.1,Warehouse,84.59,Medium,9.17,8.74,"₹ 3,348.88","₹ 3,191.85",-₹ 157.04,-4.92%,25.93
BATCH01390,Rice,West,Rabi,428.53,16.07,26.44,0.1,0.7,26,A,2.54,Warehouse,90.55,Medium,5.02,13.2,"₹ 2,151.22","₹ 5,656.60","₹ 3,505.38",61.97%,10.88
BATCH01391,Rice,North,Rabi,552.13,8.04,31.57,0.5,2.1,25,A,7.03,Warehouse,84.22,High,6.19,5.26,"₹ 3,417.68","₹ 2,904.20",-₹ 513.48,-17.68%,38.81
BATCH01392,Barley,South,Rabi,532.17,11.2,21.5,0.3,2.2,28,A,6.17,Transit,77.05,Medium,8.23,6.03,"₹ 4,379.76","₹ 3,208.99","-₹ 1,170.77",-36.48%,32.83
BATCH01393,Rice,West,Kharif,516.81,12.22,38.87,0.7,0,22,A,3.98,Warehouse,97.72,High,9.42,11.61,"₹ 4,868.35","₹ 6,000.16","₹ 1,131.81",18.86%,20.57
BATCH01394,Wheat,North,Rabi,400.49,10.3,27.3,1.4,2.2,13,B,4.66,Farm,88.71,Medium,5.36,7.91,"₹ 2,146.63","₹ 3,167.88","₹ 1,021.25",32.24%,18.66
BATCH01395,Rice,East,Kharif,481.85,10,38.25,1.8,0.3,29,C,5.9,Warehouse,55.78,Medium,6.11,14.51,"₹ 2,944.10","₹ 6,991.64","₹ 4,047.54",57.89%,28.43
BATCH01396,Maize,West,Rabi,282.29,8.38,35.61,3.1,0,12,B,5.19,Transit,77.91,Low,9.3,9.36,"₹ 2,625.30","₹ 2,642.23",₹ 16.94,0.64%,14.65
BATCH01397,Maize,North,Rabi,517.85,14.43,35.11,2.1,1.9,7,B,6.6,Farm,70.48,Medium,5.51,9.29,"₹ 2,853.35","₹ 4,810.83","₹ 1,957.47",40.69%,34.18
BATCH01398,Barley,West,Kharif,642.89,10.63,32.13,1.9,2,1,B,2.22,Farm,89.75,High,6.36,11.78,"₹ 4,088.78","₹ 7,573.24","₹ 3,484.46",46.01%,14.27
BATCH01399,Wheat,West,Kharif,352.59,8.52,32.54,1.1,0.9,1,C,5.64,Warehouse,52.23,Low,9.33,12.68,"₹ 3,289.66","₹ 4,470.84","₹ 1,181.18",26.42%,19.89
BATCH01400,Maize,West,Rabi,441.41,10.31,32.76,1.3,0.9,20,A,4.78,Transit,70.54,High,8.62,9.76,"₹ 3,804.95","₹ 4,308.16",₹ 503.21,11.68%,21.10
BATCH01401,Maize,West,Rabi,532.91,16.02,32.57,1.1,1.7,23,A,4.88,Warehouse,65.91,High,4.7,7.14,"₹ 2,504.68","₹ 3,804.98","₹ 1,300.30",34.17%,26.01
BATCH01402,Wheat,West,Rabi,625.28,16.51,31.07,3.7,1.5,14,C,4.96,Transit,57.06,Low,5.27,12.73,"₹ 3,295.23","₹ 7,959.81","₹ 4,664.59",58.60%,31.01
BATCH01403,Rice,West,Rabi,455.18,12.83,39.73,0.5,2.2,27,C,8.87,Transit,68.94,Medium,5.47,8.2,"₹ 2,489.83","₹ 3,732.48","₹ 1,242.64",33.29%,40.37
BATCH01404,Rice,North,Kharif,430.77,12.16,34.65,0,0.8,15,A,8.28,Warehouse,83.64,Low,9.39,6.75,"₹ 4,044.93","₹ 2,907.70","-₹ 1,137.23",-39.11%,35.67
BATCH01405,Barley,East,Rabi,303.11,17.78,35.54,2.1,3.4,11,B,6.48,Transit,68.08,High,9.99,11.32,"₹ 3,028.07","₹ 3,431.21",₹ 403.14,11.75%,19.64
BATCH01406,Rice,South,Kharif,510.34,10.01,37.45,0.5,5.6,24,A,7.31,Warehouse,79,Medium,8.42,5.9,"₹ 4,297.06","₹ 3,011.01","-₹ 1,286.06",-42.71%,37.31
BATCH01407,Wheat,West,Rabi,704.21,10.15,24.31,4.4,0.1,26,C,0.91,Transit,79.64,Low,6.39,14.71,"₹ 4,499.90","₹ 10,358.93","₹ 5,859.03",56.56%,6.41
BATCH01408,Maize,South,Kharif,527.74,10.92,21.68,3.9,1.9,9,A,7.57,Farm,79.36,High,3.07,11.32,"₹ 1,620.16","₹ 5,974.02","₹ 4,353.86",72.88%,39.95
BATCH01409,Rice,North,Kharif,497.77,9.73,29.66,0.2,0.7,17,A,5.12,Warehouse,76.48,Medium,7.88,14.86,"₹ 3,922.43","₹ 7,396.86","₹ 3,474.43",46.97%,25.49
BATCH01410,Barley,West,Rabi,532.21,11.79,30.28,0.2,0.5,4,A,3.52,Transit,55.85,High,5.73,8.39,"₹ 3,049.56","₹ 4,465.24","₹ 1,415.68",31.70%,18.73
BATCH01411,Rice,East,Kharif,498.89,17.11,36.58,1.4,0.9,20,C,1.83,Farm,60.92,Medium,7.43,14.71,"₹ 3,706.75","₹ 7,338.67","₹ 3,631.92",49.49%,9.13
BATCH01412,Wheat,South,Rabi,418.7,14.15,28.88,1.9,0.1,19,C,1.21,Farm,90,Medium,7.25,6.46,"₹ 3,035.58","₹ 2,704.80",-₹ 330.77,-12.23%,5.07
BATCH01413,Barley,West,Kharif,582.33,12.12,31.42,0.6,0.7,7,A,0.93,Farm,75.12,Low,6.37,5.41,"₹ 3,709.44","₹ 3,150.41",-₹ 559.04,-17.74%,5.42
BATCH01414,Rice,North,Rabi,522.58,17.34,30.54,2.5,2,1,A,2.04,Farm,85.3,Medium,9.61,5.33,"₹ 5,021.99","₹ 2,785.35","-₹ 2,236.64",-80.30%,10.66
BATCH01415,Barley,East,Kharif,501.76,8.48,20.76,1.8,0.2,9,B,0.79,Warehouse,78.5,High,3.16,9.65,"₹ 1,585.56","₹ 4,841.98","₹ 3,256.42",67.25%,3.96
BATCH01416,Wheat,South,Rabi,402.46,10.1,32.3,0.8,0.6,13,B,7.46,Transit,51.93,Medium,7.98,5.83,"₹ 3,211.63","₹ 2,346.34",-₹ 865.29,-36.88%,30.02
BATCH01417,Maize,South,Rabi,630.35,13.66,36.56,0.1,2.8,24,A,2.86,Farm,89.81,High,5.87,10.12,"₹ 3,700.15","₹ 6,379.14","₹ 2,678.99",42.00%,18.03
BATCH01418,Wheat,West,Kharif,566.47,14.16,23.15,2.8,0.6,2,C,4,Transit,53.22,Medium,8,8.28,"₹ 4,531.76","₹ 4,690.37",₹ 158.61,3.38%,22.66
BATCH01419,Wheat,East,Kharif,444.71,8.4,31.89,0.5,0.4,2,B,8.32,Transit,97.16,Medium,7.73,8.36,"₹ 3,437.61","₹ 3,717.78",₹ 280.17,7.54%,37.00
BATCH01420,Wheat,East,Kharif,600.18,12.03,31.87,3.6,0.6,24,A,1.59,Transit,60.77,Low,3.07,11.36,"₹ 1,842.55","₹ 6,818.04","₹ 4,975.49",72.98%,9.54
BATCH01421,Wheat,East,Kharif,450.24,14.49,23.28,1.1,0.7,27,B,8.44,Warehouse,75.62,Medium,5,6.63,"₹ 2,251.20","₹ 2,985.09",₹ 733.89,24.59%,38.00
BATCH01422,Maize,East,Rabi,421.8,14.98,22.47,1.7,1,15,B,6.58,Warehouse,53.18,Medium,4.32,12.67,"₹ 1,822.18","₹ 5,344.21","₹ 3,522.03",65.90%,27.75
BATCH01423,Maize,North,Kharif,424.03,14.38,39.6,4.1,1.6,17,B,3.75,Farm,94.75,High,4.17,10.82,"₹ 1,768.21","₹ 4,588.00","₹ 2,819.80",61.46%,15.90
BATCH01424,Barley,East,Rabi,322.89,11.21,27.87,4,0.6,13,C,1.62,Transit,99,High,8.1,14.15,"₹ 2,615.41","₹ 4,568.89","₹ 1,953.48",42.76%,5.23
BATCH01425,Rice,South,Kharif,547.15,8.94,24.55,0.9,1.7,7,A,1.37,Warehouse,57.31,High,4.68,8.65,"₹ 2,560.66","₹ 4,732.85","₹ 2,172.19",45.90%,7.50
BATCH01426,Maize,South,Rabi,316.89,12.27,23.43,0.5,0.8,9,C,3.69,Warehouse,64.79,Medium,6.32,14.83,"₹ 2,002.74","₹ 4,699.48","₹ 2,696.73",57.38%,11.69
BATCH01427,Maize,North,Rabi,377.16,9.29,33.35,3,0.4,12,C,1.83,Warehouse,50.79,High,4.73,10.76,"₹ 1,783.97","₹ 4,058.24","₹ 2,274.27",56.04%,6.90
BATCH01428,Rice,South,Rabi,292.44,17.48,32.19,1.1,1.1,3,B,3.04,Farm,89.35,High,7.06,14.73,"₹ 2,064.63","₹ 4,307.64","₹ 2,243.01",52.07%,8.89
BATCH01429,Maize,South,Rabi,491.39,12.75,32.87,0.4,1.3,23,A,1,Warehouse,65.57,Medium,8.04,5.27,"₹ 3,950.78","₹ 2,589.63","-₹ 1,361.15",-52.56%,4.91
BATCH01430,Wheat,East,Kharif,484.97,11.17,21.76,4.7,0.8,22,B,6.15,Transit,79.44,High,5.32,12.28,"₹ 2,580.04","₹ 5,955.43","₹ 3,375.39",56.68%,29.83
BATCH01431,Wheat,South,Kharif,467.33,15.66,37.87,0.4,0.1,15,C,1.88,Warehouse,51.96,Low,7.22,13.17,"₹ 3,374.12","₹ 6,154.74","₹ 2,780.61",45.18%,8.79
BATCH01432,Rice,North,Rabi,395.74,12.98,27.79,0.1,0.2,7,C,7.69,Warehouse,85.77,Low,8.77,5.53,"₹ 3,470.64","₹ 2,188.44","-₹ 1,282.20",-58.59%,30.43
BATCH01433,Barley,East,Kharif,382.78,11.1,26.27,0,0.3,23,A,2.57,Farm,76.47,High,3.66,10.79,"₹ 1,400.97","₹ 4,130.20","₹ 2,729.22",66.08%,9.84
BATCH01434,Barley,West,Kharif,546.44,16.12,29.25,1.9,0.3,26,C,8.08,Transit,86.25,High,7.97,13.02,"₹ 4,355.13","₹ 7,114.65","₹ 2,759.52",38.79%,44.15
BATCH01435,Rice,East,Rabi,444.94,16.67,27.8,2.2,1.1,1,C,2.3,Warehouse,89.48,High,5.26,10.61,"₹ 2,340.38","₹ 4,720.81","₹ 2,380.43",50.42%,10.23
BATCH01436,Rice,North,Kharif,531.64,14.73,37.27,0.7,0,14,A,7.35,Transit,54.46,Medium,3.86,5.64,"₹ 2,052.13","₹ 2,998.45",₹ 946.32,31.56%,39.08
BATCH01437,Wheat,East,Kharif,411.48,8.47,38.59,0.8,1.4,19,B,3.66,Transit,78.9,Low,6.82,11.93,"₹ 2,806.29","₹ 4,908.96","₹ 2,102.66",42.83%,15.06
BATCH01438,Barley,East,Kharif,518.11,13.66,26.07,0.8,0.3,16,A,6.04,Warehouse,82.5,Low,4.58,5.61,"₹ 2,372.94","₹ 2,906.60",₹ 533.65,18.36%,31.29
BATCH01439,Maize,North,Rabi,630.33,15.63,37.28,2.3,0.4,10,C,0.87,Farm,75.84,High,8.75,13.17,"₹ 5,515.39","₹ 8,301.45","₹ 2,786.06",33.56%,5.48
BATCH01440,Wheat,East,Kharif,558.62,9.37,35.63,0.1,0.8,1,A,5.2,Transit,59.12,High,3.3,5.43,"₹ 1,843.45","₹ 3,033.31","₹ 1,189.86",39.23%,29.05
BATCH01441,Rice,North,Rabi,458.76,10.29,38.62,5.3,0.2,5,B,1.91,Warehouse,89.78,Medium,3.69,6.37,"₹ 1,692.82","₹ 2,922.30","₹ 1,229.48",42.07%,8.76
BATCH01442,Barley,North,Kharif,525.72,16.82,24.92,0.5,2.2,3,C,5.12,Transit,99.87,Medium,6.65,7.75,"₹ 3,496.04","₹ 4,074.33",₹ 578.29,14.19%,26.92
BATCH01443,Maize,West,Kharif,475.93,8.2,31.54,16.1,0.1,17,B,1.84,Transit,98.46,Low,7.12,11.33,"₹ 3,388.62","₹ 5,392.29","₹ 2,003.67",37.16%,8.76
BATCH01444,Maize,South,Kharif,500.79,15.53,25.49,0.4,0.6,18,B,4.65,Transit,88.88,Medium,8.11,14.76,"₹ 4,061.41","₹ 7,391.66","₹ 3,330.25",45.05%,23.29
BATCH01445,Wheat,South,Rabi,467.44,12.74,36.48,3,1.9,26,A,1.55,Warehouse,70.91,Low,4.81,6.18,"₹ 2,248.39","₹ 2,888.78",₹ 640.39,22.17%,7.25
BATCH01446,Barley,East,Rabi,483.57,12.47,20.11,0.5,1,21,B,2.59,Transit,66.87,High,8.89,6.43,"₹ 4,298.94","₹ 3,109.36","-₹ 1,189.58",-38.26%,12.52
BATCH01447,Barley,East,Kharif,521.21,8.07,31.3,0.2,0.3,27,A,6.15,Transit,53.43,High,9.67,8.69,"₹ 5,040.10","₹ 4,529.31",-₹ 510.79,-11.28%,32.05
BATCH01448,Rice,West,Rabi,400.66,16.19,26.78,4.2,0.5,19,A,9.78,Farm,70.81,Low,6.49,13.36,"₹ 2,600.28","₹ 5,352.82","₹ 2,752.53",51.42%,39.18
BATCH01449,Barley,West,Kharif,398.41,11.6,26.45,3.9,1.2,22,B,4.77,Warehouse,57.8,High,8.32,9.67,"₹ 3,314.77","₹ 3,852.62",₹ 537.85,13.96%,19.00
BATCH01450,Barley,West,Rabi,361.15,13.41,32.9,1,3.6,25,A,7.03,Warehouse,62.72,Medium,6.67,8.22,"₹ 2,408.87","₹ 2,968.65",₹ 559.78,18.86%,25.39
BATCH01451,Wheat,North,Rabi,339.97,14.77,37.03,2.4,2.2,22,A,5.62,Transit,94.59,High,3.49,10.61,"₹ 1,186.50","₹ 3,607.08","₹ 2,420.59",67.11%,19.11
BATCH01452,Barley,West,Kharif,378.27,15.03,32.18,1.6,0.4,18,B,5.23,Farm,98.43,High,5.28,7.61,"₹ 1,997.27","₹ 2,878.63",₹ 881.37,30.62%,19.78
BATCH01453,Maize,West,Kharif,515.95,17.56,37.06,3.8,6.3,16,C,1.11,Transit,97.43,Low,3.61,9.01,"₹ 1,862.58","₹ 4,648.71","₹ 2,786.13",59.93%,5.73
BATCH01454,Wheat,East,Kharif,410.72,13.31,25.29,0.8,0,2,A,1.87,Transit,59.67,Medium,9.92,8.33,"₹ 4,074.34","₹ 3,421.30",-₹ 653.04,-19.09%,7.68
BATCH01455,Wheat,West,Kharif,551.36,12,30.39,1.5,0,15,A,8.89,Warehouse,95.04,Medium,4.6,13.04,"₹ 2,536.26","₹ 7,189.73","₹ 4,653.48",64.72%,49.02
BATCH01456,Rice,North,Rabi,503.47,17.54,29.01,1.3,1.7,13,B,4.4,Farm,57.08,High,7.45,14.24,"₹ 3,750.85","₹ 7,169.41","₹ 3,418.56",47.68%,22.15
BATCH01457,Barley,North,Rabi,303.15,14.42,20.23,0.9,0.2,13,A,6.34,Transit,75.38,High,4.99,12.6,"₹ 1,512.72","₹ 3,819.69","₹ 2,306.97",60.40%,19.22
BATCH01458,Rice,East,Rabi,565.5,10.98,31.14,4.4,0.1,16,B,5.52,Warehouse,82.18,Medium,7.57,9.39,"₹ 4,280.84","₹ 5,310.05","₹ 1,029.21",19.38%,31.22
BATCH01459,Maize,West,Kharif,581.08,9.26,33.23,0.4,0.3,8,C,4.1,Transit,73.12,Medium,4.47,10.04,"₹ 2,597.43","₹ 5,834.04","₹ 3,236.62",55.48%,23.82
BATCH01460,Wheat,West,Kharif,400.61,16.43,31.84,0.3,0.6,11,C,4.18,Transit,97.59,Low,8.5,6.25,"₹ 3,405.19","₹ 2,503.81",-₹ 901.37,-36.00%,16.75
BATCH01461,Wheat,North,Rabi,542.02,11.62,34.73,1.7,1.3,8,B,5.78,Farm,66.66,High,3.78,12.47,"₹ 2,048.84","₹ 6,758.99","₹ 4,710.15",69.69%,31.33
BATCH01462,Wheat,West,Kharif,414.35,14.6,31.43,2.1,1,22,C,1.84,Farm,76.37,High,9.27,10.96,"₹ 3,841.02","₹ 4,541.28",₹ 700.25,15.42%,7.62
BATCH01463,Maize,West,Rabi,509.77,12.71,21.34,0.4,0.3,10,B,4.18,Farm,53.77,Medium,8.88,14.02,"₹ 4,526.76","₹ 7,146.98","₹ 2,620.22",36.66%,21.31
BATCH01464,Maize,West,Rabi,373.55,9.99,22.33,1,0.7,23,A,4.75,Transit,92.61,Low,7.75,7.01,"₹ 2,895.01","₹ 2,618.59",-₹ 276.43,-10.56%,17.74
BATCH01465,Rice,South,Rabi,320.69,14.02,31.93,5.9,2.6,1,C,9.86,Farm,70.67,Medium,3.47,12.6,"₹ 1,112.79","₹ 4,040.69","₹ 2,927.90",72.46%,31.62
BATCH01466,Rice,East,Rabi,461.72,8.61,25.5,0.6,1.7,12,A,3.84,Warehouse,85.03,High,4.46,11.85,"₹ 2,059.27","₹ 5,471.38","₹ 3,412.11",62.36%,17.73
BATCH01467,Rice,South,Rabi,487.63,12.13,21.59,2.2,0.4,9,A,6.62,Transit,84.11,High,9.02,7.66,"₹ 4,398.42","₹ 3,735.25",-₹ 663.18,-17.75%,32.28
BATCH01468,Barley,East,Kharif,460.23,13.47,28.59,2.7,4,5,B,1.81,Farm,83.81,High,3.85,11.67,"₹ 1,771.89","₹ 5,370.88","₹ 3,599.00",67.01%,8.33
BATCH01469,Wheat,North,Kharif,381.6,12.36,31.09,1.2,1.2,9,C,1.12,Transit,75.35,High,4.09,14.24,"₹ 1,560.74","₹ 5,433.98","₹ 3,873.24",71.28%,4.27
BATCH01470,Wheat,West,Kharif,460.01,15.49,26.57,5.5,0.1,16,C,8.78,Transit,63.88,Low,6.81,14.18,"₹ 3,132.67","₹ 6,522.94","₹ 3,390.27",51.97%,40.39
BATCH01471,Rice,East,Rabi,526.93,16.28,34.41,2.7,0,18,A,7.44,Warehouse,81.25,High,4.92,12.2,"₹ 2,592.50","₹ 6,428.55","₹ 3,836.05",59.67%,39.20
BATCH01472,Wheat,South,Rabi,495.51,15.71,32.88,1.2,0.2,8,A,3.52,Warehouse,98.09,Medium,4.55,5.48,"₹ 2,254.57","₹ 2,715.39",₹ 460.82,16.97%,17.44
BATCH01473,Rice,West,Rabi,518.25,8.39,26.66,1.7,1.3,23,B,5.29,Warehouse,91.7,Low,7.03,13.72,"₹ 3,643.30","₹ 7,110.39","₹ 3,467.09",48.76%,27.42
BATCH01474,Barley,North,Rabi,432.99,9.94,35.1,2.4,0.2,11,C,1.79,Transit,55.44,Low,5.61,11.58,"₹ 2,429.07","₹ 5,014.02","₹ 2,584.95",51.55%,7.75
BATCH01475,Barley,East,Kharif,617.17,13.37,32.97,1.8,0.7,20,B,7.22,Transit,51.16,High,3.98,8.1,"₹ 2,456.34","₹ 4,999.08","₹ 2,542.74",50.86%,44.56
BATCH01476,Maize,East,Kharif,382.38,17.35,32.75,4.2,0.1,19,B,1.17,Warehouse,74.95,Low,6.74,6.87,"₹ 2,577.24","₹ 2,626.95",₹ 49.71,1.89%,4.47
BATCH01477,Barley,East,Rabi,548.76,16.35,31.07,0.9,2.5,4,B,7.69,Transit,88.79,High,5.71,6.16,"₹ 3,133.42","₹ 3,380.36",₹ 246.94,7.31%,42.20
BATCH01478,Rice,West,Rabi,618.19,16.43,20.23,0.7,0.4,20,C,5.69,Warehouse,65.7,Low,8.14,5.5,"₹ 5,032.07","₹ 3,400.05","-₹ 1,632.02",-48.00%,35.18
BATCH01479,Barley,South,Rabi,548.09,11.03,33.93,0.5,2.4,26,B,3.15,Warehouse,85.06,Low,3.72,12.54,"₹ 2,038.89","₹ 6,873.05","₹ 4,834.15",70.33%,17.26
BATCH01480,Maize,South,Kharif,479.75,12.29,27.52,0.1,2.9,10,C,8.69,Farm,96.6,Medium,7.34,7.36,"₹ 3,521.37","₹ 3,530.96",₹ 9.60,0.27%,41.69
BATCH01481,Wheat,East,Kharif,447.17,12.71,38.85,0.1,0,24,B,9.87,Warehouse,72.95,Medium,6.06,5.24,"₹ 2,709.85","₹ 2,343.17",-₹ 366.68,-15.65%,44.14
BATCH01482,Rice,North,Kharif,603.61,9.57,36.36,4.1,0.6,13,A,2.92,Farm,62.21,Medium,5.84,8.97,"₹ 3,525.08","₹ 5,414.38","₹ 1,889.30",34.89%,17.63
BATCH01483,Wheat,North,Rabi,357.7,8.31,31.75,2.3,0,29,B,8.16,Warehouse,95.89,Low,4.63,9.83,"₹ 1,656.15","₹ 3,516.19","₹ 1,860.04",52.90%,29.19
BATCH01484,Maize,South,Rabi,402.99,17.47,25.04,2.2,2.4,20,B,7.63,Transit,73.61,Medium,3.21,6.69,"₹ 1,293.60","₹ 2,696.00","₹ 1,402.41",52.02%,30.75
BATCH01485,Maize,North,Kharif,460.24,10.41,24.07,1.9,0.7,14,C,7.6,Farm,70.39,Medium,8.93,5.44,"₹ 4,109.94","₹ 2,503.71","-₹ 1,606.24",-64.15%,34.98
BATCH01486,Maize,South,Rabi,623.77,10.4,26.81,3.8,0.1,21,A,9.59,Transit,67.67,Medium,5.28,6.89,"₹ 3,293.51","₹ 4,297.78","₹ 1,004.27",23.37%,59.82
BATCH01487,Wheat,East,Kharif,537.98,8.83,29.53,1.3,0.1,2,A,5.12,Transit,71.15,Low,7.77,11.79,"₹ 4,180.10","₹ 6,342.78","₹ 2,162.68",34.10%,27.54
BATCH01488,Wheat,South,Rabi,403.2,17.29,25.92,4.1,0.5,29,C,6.9,Warehouse,83.68,High,9.63,5.82,"₹ 3,882.82","₹ 2,346.62","-₹ 1,536.19",-65.46%,27.82
BATCH01489,Wheat,South,Kharif,468.97,13.8,30.3,0.9,2.8,4,C,8.33,Warehouse,71.69,Medium,6.95,10.55,"₹ 3,259.34","₹ 4,947.63","₹ 1,688.29",34.12%,39.07
BATCH01490,Wheat,East,Rabi,438.57,14.67,23.31,5.2,1.2,7,A,5.06,Transit,66.21,Low,5.78,6.46,"₹ 2,534.93","₹ 2,833.16",₹ 298.23,10.53%,22.19
BATCH01491,Maize,North,Kharif,429.02,17.12,39.55,2.4,2,19,C,5.07,Warehouse,87.18,Low,4.88,6.96,"₹ 2,093.62","₹ 2,985.98",₹ 892.36,29.89%,21.75
BATCH01492,Maize,South,Kharif,597.89,11.46,22.16,0.6,0.5,17,A,3.53,Warehouse,60.15,High,9.54,8.93,"₹ 5,703.87","₹ 5,339.16",-₹ 364.71,-6.83%,21.11
BATCH01493,Rice,South,Kharif,362.83,14.22,38.64,1.7,0,16,B,7.92,Warehouse,60.1,Medium,7.77,6.01,"₹ 2,819.19","₹ 2,180.61",-₹ 638.58,-29.28%,28.74
BATCH01494,Rice,East,Kharif,660.88,8.39,38.27,1.5,3.7,13,B,7.02,Transit,84.82,Low,7.66,6.73,"₹ 5,062.34","₹ 4,447.72",-₹ 614.62,-13.82%,46.39
BATCH01495,Wheat,North,Kharif,582.82,9.87,30.51,0.3,0,24,A,4.79,Farm,93.34,Low,5.98,8.49,"₹ 3,485.26","₹ 4,948.14","₹ 1,462.88",29.56%,27.92
BATCH01496,Barley,South,Kharif,609.09,16.31,34.5,1.8,2.9,24,A,4.48,Farm,62.06,Low,8.92,8.3,"₹ 5,433.08","₹ 5,055.45",-₹ 377.64,-7.47%,27.29
BATCH01497,Barley,East,Rabi,453.71,15.67,28.72,0.8,0.5,22,B,1.19,Transit,59.56,High,8,12.49,"₹ 3,629.68","₹ 5,666.84","₹ 2,037.16",35.95%,5.40
BATCH01498,Maize,South,Rabi,485.01,11.51,32.6,0.1,0,23,B,0.56,Warehouse,83.52,Medium,4.98,5.75,"₹ 2,415.35","₹ 2,788.81",₹ 373.46,13.39%,2.72
BATCH01499,Maize,West,Rabi,356.68,11.77,26.81,5.9,1.2,26,A,5.52,Warehouse,81.04,Low,7.2,13.6,"₹ 2,568.10","₹ 4,850.85","₹ 2,282.75",47.06%,19.69
BATCH01500,Maize,East,Kharif,447.53,13.34,26.02,2.1,3.9,27,C,4.47,Farm,72.36,Low,6.01,13.16,"₹ 2,689.66","₹ 5,889.49","₹ 3,199.84",54.33%,20.00
BATCH01501,Rice,North,Kharif,549.37,8,31.56,4.2,3.4,18,C,8.06,Transit,54.79,Low,3.05,12.66,"₹ 1,675.58","₹ 6,955.02","₹ 5,279.45",75.91%,44.28
BATCH01502,Rice,North,Rabi,629.61,10.41,29.96,2.3,0.2,21,A,5.66,Transit,54.59,Low,8.65,8.09,"₹ 5,446.13","₹ 5,093.54",-₹ 352.58,-6.92%,35.64
BATCH01503,Maize,North,Kharif,389.28,10.08,31.59,0.9,0.2,12,C,9.4,Warehouse,88.87,Medium,3.86,13.23,"₹ 1,502.62","₹ 5,150.17","₹ 3,647.55",70.82%,36.59
BATCH01504,Maize,North,Kharif,463.45,10.5,25.73,1.4,0.8,23,B,2.36,Warehouse,72.59,Medium,6.57,6.83,"₹ 3,044.87","₹ 3,165.36",₹ 120.50,3.81%,10.94
BATCH01505,Maize,South,Kharif,484.87,16.06,27.34,2.3,1,25,B,9.91,Warehouse,92.9,Low,5.35,6.24,"₹ 2,594.05","₹ 3,025.59",₹ 431.53,14.26%,48.05
BATCH01506,Barley,South,Kharif,360.42,10.8,21.68,6.5,1.3,1,C,3.33,Transit,78.74,Low,5.39,5.45,"₹ 1,942.66","₹ 1,964.29",₹ 21.63,1.10%,12.00
BATCH01507,Rice,North,Kharif,559.13,9.92,21.05,0.6,0.2,15,A,6.6,Farm,80.94,Low,6.34,14.39,"₹ 3,544.88","₹ 8,045.88","₹ 4,501.00",55.94%,36.90
BATCH01508,Barley,North,Rabi,427.6,13.04,25.07,4.2,3.2,3,B,5.27,Transit,96.71,High,9.98,8.08,"₹ 4,267.45","₹ 3,455.01",-₹ 812.44,-23.51%,22.53
BATCH01509,Barley,North,Rabi,480.46,16.66,21.48,5.2,1,6,B,3.92,Transit,58.23,High,5.86,14.18,"₹ 2,815.50","₹ 6,812.92","₹ 3,997.43",58.67%,18.83
BATCH01510,Maize,South,Rabi,454.81,10.41,22.08,2.2,1.9,14,B,1.82,Transit,77.15,High,4.28,7.73,"₹ 1,946.59","₹ 3,515.68","₹ 1,569.09",44.63%,8.28
BATCH01511,Maize,North,Rabi,421.07,8.79,36.26,5.4,0.8,23,C,1.78,Farm,52.91,Low,7.3,14.08,"₹ 3,073.81","₹ 5,928.67","₹ 2,854.85",48.15%,7.50
BATCH01512,Wheat,North,Rabi,499.3,11.56,20.78,1,0.5,6,A,7.26,Warehouse,67.95,High,4.65,14.04,"₹ 2,321.75","₹ 7,010.17","₹ 4,688.43",66.88%,36.25
BATCH01513,Wheat,West,Kharif,478.44,15.48,33.18,6.1,3.8,1,C,4.09,Warehouse,57.4,Medium,3.74,14.24,"₹ 1,789.37","₹ 6,812.99","₹ 5,023.62",73.74%,19.57
BATCH01514,Barley,West,Kharif,462.81,13.51,25.45,2.4,0.9,20,A,9.63,Transit,59.39,High,3.35,9.96,"₹ 1,550.41","₹ 4,609.59","₹ 3,059.17",66.37%,44.57
BATCH01515,Rice,North,Kharif,427.15,16.17,37.43,0.1,2,6,A,3.59,Transit,96.74,Low,3.16,13.66,"₹ 1,349.79","₹ 5,834.87","₹ 4,485.08",76.87%,15.33
BATCH01516,Maize,East,Kharif,531.95,17.6,29.7,4.7,3.1,8,C,9.84,Farm,80.53,Medium,6.02,14.51,"₹ 3,202.34","₹ 7,718.59","₹ 4,516.26",58.51%,52.34
BATCH01517,Maize,North,Rabi,665.36,15.93,26.11,1.3,1.1,26,B,2.45,Farm,94.61,Low,5.99,8.25,"₹ 3,985.51","₹ 5,489.22","₹ 1,503.71",27.39%,16.30
BATCH01518,Barley,West,Rabi,513.99,14.04,30.35,1.2,0.8,15,A,1.48,Warehouse,72.18,Medium,4.3,9.19,"₹ 2,210.16","₹ 4,723.57","₹ 2,513.41",53.21%,7.61
BATCH01519,Wheat,East,Rabi,599.61,12.93,27.64,1.7,0,14,C,3.47,Transit,79.88,High,8.49,12.19,"₹ 5,090.69","₹ 7,309.25","₹ 2,218.56",30.35%,20.81
BATCH01520,Rice,East,Kharif,360.98,8.4,31.29,0.3,0,16,B,8.91,Farm,51.6,High,3.9,8,"₹ 1,407.82","₹ 2,887.84","₹ 1,480.02",51.25%,32.16
BATCH01521,Wheat,North,Rabi,515.78,17.84,22.29,1.3,0.2,20,A,5.46,Farm,73.48,Medium,9.41,12.54,"₹ 4,853.49","₹ 6,467.88","₹ 1,614.39",24.96%,28.16
BATCH01522,Wheat,West,Kharif,390.26,11.83,39.94,3.6,0.2,23,A,1.79,Transit,78.2,Medium,7.11,5.74,"₹ 2,774.75","₹ 2,240.09",-₹ 534.66,-23.87%,6.99
BATCH01523,Wheat,West,Rabi,352.31,9.52,28.51,0,0.3,16,B,2.42,Transit,50.84,Low,3.19,10.23,"₹ 1,123.87","₹ 3,604.13","₹ 2,480.26",68.82%,8.53
BATCH01524,Wheat,East,Rabi,426.06,14.67,26.96,0.6,0.4,27,A,3.46,Transit,89.47,Medium,9.74,6.22,"₹ 4,149.82","₹ 2,650.09","-₹ 1,499.73",-56.59%,14.74
BATCH01525,Maize,North,Kharif,619.19,10.84,34.2,0,0.4,19,C,6.11,Transit,64.77,Low,5.16,7.93,"₹ 3,195.02","₹ 4,910.18","₹ 1,715.16",34.93%,37.83
BATCH01526,Maize,South,Kharif,595,13.86,27.28,1.1,0.5,24,A,3.66,Transit,72.62,Medium,6.15,7.59,"₹ 3,659.25","₹ 4,516.05",₹ 856.80,18.97%,21.78
BATCH01527,Wheat,South,Rabi,524.3,13.87,36.67,2.6,0.1,1,A,7.6,Transit,76.78,Medium,4.99,13.39,"₹ 2,616.26","₹ 7,020.38","₹ 4,404.12",62.73%,39.85
BATCH01528,Rice,West,Rabi,346.73,12.46,29.09,3.2,0,4,B,6.35,Farm,99.61,High,8.1,6.94,"₹ 2,808.51","₹ 2,406.31",-₹ 402.21,-16.71%,22.02
BATCH01529,Barley,South,Kharif,480.37,16.36,34.39,5.8,1.1,24,C,8.8,Transit,54.96,High,6.4,13.08,"₹ 3,074.37","₹ 6,283.24","₹ 3,208.87",51.07%,42.27
BATCH01530,Rice,West,Rabi,530.17,10.65,22.15,1.9,0.8,10,B,5.26,Warehouse,77.76,Low,3.93,12.94,"₹ 2,083.57","₹ 6,860.40","₹ 4,776.83",69.63%,27.89
BATCH01531,Rice,West,Rabi,517.55,12.49,36.92,0.6,0.6,20,C,3.65,Transit,76.53,Low,3.73,9.99,"₹ 1,930.46","₹ 5,170.32","₹ 3,239.86",62.66%,18.89
BATCH01532,Rice,West,Kharif,315.62,13.38,34.71,5.2,1,18,B,9.96,Warehouse,53.45,Low,8.08,7.34,"₹ 2,550.21","₹ 2,316.65",-₹ 233.56,-10.08%,31.44
BATCH01533,Wheat,South,Rabi,410.97,14.64,24.23,3,1.8,2,A,3.88,Warehouse,81.7,Medium,4.66,7.27,"₹ 1,915.12","₹ 2,987.75","₹ 1,072.63",35.90%,15.95
BATCH01534,Maize,West,Kharif,493.59,15.84,22.91,1.7,0.6,4,C,4.57,Warehouse,64.34,Medium,3.96,9.65,"₹ 1,954.62","₹ 4,763.14","₹ 2,808.53",58.96%,22.56
BATCH01535,Rice,East,Rabi,553.63,11.95,26.33,2.4,1,15,C,8.19,Transit,55.19,Low,6.5,5.09,"₹ 3,598.60","₹ 2,817.98",-₹ 780.62,-27.70%,45.34
BATCH01536,Wheat,North,Kharif,280.39,14.46,39.52,5.2,3.1,29,A,1.34,Transit,58.93,Medium,8.62,10.31,"₹ 2,416.96","₹ 2,890.82",₹ 473.86,16.39%,3.76
BATCH01537,Rice,North,Rabi,483.79,9.51,25.14,2.5,1.8,4,B,4.17,Warehouse,91.18,High,4.95,14.53,"₹ 2,394.76","₹ 7,029.47","₹ 4,634.71",65.93%,20.17
BATCH01538,Rice,West,Kharif,514.3,17.33,29.12,0.9,0.6,16,C,1.31,Transit,55.21,Medium,4.94,6.55,"₹ 2,540.64","₹ 3,368.67",₹ 828.02,24.58%,6.74
BATCH01539,Wheat,North,Rabi,584.96,11.83,20.6,2.5,1,15,A,1.82,Farm,73.35,High,8.84,10.73,"₹ 5,171.05","₹ 6,276.62","₹ 1,105.57",17.61%,10.65
BATCH01540,Maize,South,Kharif,569.29,15.3,27.94,0.1,0.2,18,A,0.54,Farm,59.76,Low,4.03,14.62,"₹ 2,294.24","₹ 8,323.02","₹ 6,028.78",72.44%,3.07
BATCH01541,Maize,South,Rabi,558.26,8.2,31.43,1,0.8,7,C,0.59,Farm,58.12,Medium,7.32,13.61,"₹ 4,086.46","₹ 7,597.92","₹ 3,511.46",46.22%,3.29
BATCH01542,Barley,North,Rabi,420.01,10.05,39.06,1,4,15,C,4.11,Farm,60.29,Low,9.69,13.5,"₹ 4,069.90","₹ 5,670.14","₹ 1,600.24",28.22%,17.26
BATCH01543,Wheat,South,Rabi,309.2,12.87,30.33,0.4,0.7,22,C,8.19,Transit,74.64,High,8.89,13.22,"₹ 2,748.79","₹ 4,087.62","₹ 1,338.84",32.75%,25.32
BATCH01544,Barley,North,Rabi,460.69,16.78,36.38,0,2.6,11,A,6.08,Warehouse,61.89,Low,3.43,8.09,"₹ 1,580.17","₹ 3,726.98","₹ 2,146.82",57.60%,28.01
BATCH01545,Barley,North,Rabi,600.16,13.27,30.94,0.3,0.5,19,B,6.53,Transit,54.84,High,5.24,13.91,"₹ 3,144.84","₹ 8,348.23","₹ 5,203.39",62.33%,39.19
BATCH01546,Barley,North,Rabi,639.35,17.3,20.82,2.1,6.8,8,B,5.43,Farm,90.07,High,4,14.41,"₹ 2,557.40","₹ 9,213.03","₹ 6,655.63",72.24%,34.72
BATCH01547,Maize,West,Rabi,571.05,12.84,26.3,3.2,0.9,24,C,8.29,Transit,76.99,Low,9.64,9.96,"₹ 5,504.92","₹ 5,687.66",₹ 182.74,3.21%,47.34
BATCH01548,Wheat,North,Rabi,542.93,12.9,31.51,8.9,0,1,A,8.86,Transit,57.84,High,9.9,8.55,"₹ 5,375.01","₹ 4,642.05",-₹ 732.96,-15.79%,48.10
BATCH01549,Barley,West,Rabi,537.96,9.2,39.01,0.9,0.9,3,A,8.57,Farm,73.57,Low,4.64,9.14,"₹ 2,496.13","₹ 4,916.95","₹ 2,420.82",49.23%,46.10
BATCH01550,Wheat,North,Kharif,444.39,16.03,37.18,1.8,0.3,5,C,8.22,Warehouse,53.42,Low,7.69,8.34,"₹ 3,417.36","₹ 3,706.21",₹ 288.85,7.79%,36.53
BATCH01551,Wheat,North,Kharif,486.99,10.47,24.57,5.5,0,18,A,2.24,Transit,79.02,Low,8.89,7.12,"₹ 4,329.34","₹ 3,467.37",-₹ 861.97,-24.86%,10.91
BATCH01552,Maize,North,Rabi,666.91,17,24.4,0.4,1.7,12,A,6.14,Transit,67.02,High,4.64,11.18,"₹ 3,094.46","₹ 7,456.05","₹ 4,361.59",58.50%,40.95
BATCH01553,Barley,South,Kharif,405.74,17.11,24.02,2.5,0.3,12,A,6.03,Farm,55.18,High,4.31,10.63,"₹ 1,748.74","₹ 4,313.02","₹ 2,564.28",59.45%,24.47
BATCH01554,Barley,West,Rabi,661.48,17.43,38.45,2.8,1.6,21,C,5.52,Warehouse,59.18,Medium,3.08,9.63,"₹ 2,037.36","₹ 6,370.05","₹ 4,332.69",68.02%,36.51
BATCH01555,Wheat,West,Rabi,467.8,13.2,37.05,0.2,0.3,27,C,5.07,Farm,67.29,Low,5.88,5.96,"₹ 2,750.66","₹ 2,788.09",₹ 37.42,1.34%,23.72
BATCH01556,Rice,North,Kharif,632.54,14.77,35.5,4,0.2,26,C,1.35,Farm,90.32,Low,9.3,12.97,"₹ 5,882.62","₹ 8,204.04","₹ 2,321.42",28.30%,8.54
BATCH01557,Maize,North,Rabi,359.32,15.79,27.85,3.4,3.6,19,B,1.47,Transit,58.69,Low,9.32,6.75,"₹ 3,348.86","₹ 2,425.41",-₹ 923.45,-38.07%,5.28
BATCH01558,Maize,South,Rabi,558.59,9.31,30.09,0.1,0.4,9,B,9.07,Warehouse,55.48,Low,3.89,6.15,"₹ 2,172.92","₹ 3,435.33","₹ 1,262.41",36.75%,50.66
BATCH01559,Maize,South,Kharif,426.32,14.01,29.29,0.2,0.9,11,C,6.49,Farm,75.8,Low,4.43,11.23,"₹ 1,888.60","₹ 4,787.57","₹ 2,898.98",60.55%,27.67
BATCH01560,Maize,South,Kharif,358.47,8.34,25.07,0.1,0.9,17,A,2.99,Transit,77.93,Low,5.86,8.99,"₹ 2,100.63","₹ 3,222.65","₹ 1,122.01",34.82%,10.72
BATCH01561,Barley,West,Rabi,521.85,12.98,30.1,0.8,0.8,16,A,3.15,Farm,54.51,Low,8.46,5.6,"₹ 4,414.85","₹ 2,922.36","-₹ 1,492.49",-51.07%,16.44
BATCH01562,Barley,West,Kharif,600.95,9.55,20.61,1.4,2.5,4,C,6.3,Transit,64.22,Medium,7.28,8.56,"₹ 4,374.92","₹ 5,144.13",₹ 769.22,14.95%,37.86
BATCH01563,Rice,West,Kharif,415.51,9.83,22.64,1.5,1.1,10,A,4.37,Warehouse,63.14,Medium,6.6,12.72,"₹ 2,742.37","₹ 5,285.29","₹ 2,542.92",48.11%,18.16
BATCH01564,Maize,North,Rabi,350.1,11.65,37.73,0.6,0.5,22,A,4.69,Farm,59.31,Low,7.14,11.15,"₹ 2,499.71","₹ 3,903.62","₹ 1,403.90",35.96%,16.42
BATCH01565,Maize,West,Kharif,490.82,12.32,35.03,4.9,2,15,B,1.08,Warehouse,65.78,Low,3.67,8.63,"₹ 1,801.31","₹ 4,235.78","₹ 2,434.47",57.47%,5.30
BATCH01566,Wheat,East,Kharif,491.26,14.23,28.46,0.9,0.2,25,A,1.82,Warehouse,51.86,Medium,6.34,6.92,"₹ 3,114.59","₹ 3,399.52",₹ 284.93,8.38%,8.94
BATCH01567,Barley,East,Rabi,554.83,8.74,30.34,0.1,0.8,19,A,4.24,Transit,82.58,Medium,9.94,11.32,"₹ 5,515.01","₹ 6,280.68",₹ 765.67,12.19%,23.52
BATCH01568,Maize,South,Kharif,594.96,13.04,27.4,0.7,3,3,C,7.15,Farm,99.42,Low,3.62,13.88,"₹ 2,153.76","₹ 8,258.04","₹ 6,104.29",73.92%,42.54
BATCH01569,Rice,West,Kharif,494.06,9.83,34.82,1.5,1,28,B,0.96,Farm,81.7,Low,6.63,11.46,"₹ 3,275.62","₹ 5,661.93","₹ 2,386.31",42.15%,4.74
BATCH01570,Rice,East,Rabi,685.55,13.74,35.68,1,1.7,21,B,3.68,Transit,68.05,Medium,5.07,13.13,"₹ 3,475.74","₹ 9,001.27","₹ 5,525.53",61.39%,25.23
BATCH01571,Barley,South,Rabi,522.42,14.37,35.27,0.6,1.1,23,A,7.1,Transit,83.4,Medium,6.78,10.22,"₹ 3,542.01","₹ 5,339.13","₹ 1,797.12",33.66%,37.09
BATCH01572,Rice,West,Rabi,465.36,13.57,34.45,0.3,1.8,5,C,8.02,Warehouse,78.58,Low,7.02,12.18,"₹ 3,266.83","₹ 5,668.08","₹ 2,401.26",42.36%,37.32
BATCH01573,Rice,North,Kharif,338.84,15.38,24.09,3.4,2.9,11,B,2.31,Farm,92.34,Medium,7.04,13.96,"₹ 2,385.43","₹ 4,730.21","₹ 2,344.77",49.57%,7.83
BATCH01574,Barley,East,Rabi,473.73,11.36,26.76,11.1,0.3,24,B,7.45,Farm,81.09,Low,8.97,12.73,"₹ 4,249.36","₹ 6,030.58","₹ 1,781.22",29.54%,35.29
BATCH01575,Maize,North,Rabi,466.36,15.65,29.4,0.8,0.2,5,A,9.58,Transit,81.7,High,5.73,14.1,"₹ 2,672.24","₹ 6,575.68","₹ 3,903.43",59.36%,44.68
BATCH01576,Maize,West,Kharif,596.03,12.33,26.62,1,0.7,7,B,9.11,Transit,61.08,Low,6.61,9.31,"₹ 3,939.76","₹ 5,549.04","₹ 1,609.28",29.00%,54.30
BATCH01577,Rice,East,Rabi,546.25,12.84,35.1,1.9,1.2,6,C,8,Transit,70.78,Low,3.08,14.04,"₹ 1,682.45","₹ 7,669.35","₹ 5,986.90",78.06%,43.70
BATCH01578,Rice,West,Rabi,382.06,14.48,26.59,2.5,0.3,26,C,7.27,Farm,67.22,Low,8.53,11.22,"₹ 3,258.97","₹ 4,286.71","₹ 1,027.74",23.98%,27.78
BATCH01579,Maize,North,Rabi,517.23,8.18,22.76,1,0,13,B,2.73,Farm,50.57,Medium,4.82,13.7,"₹ 2,493.05","₹ 7,086.05","₹ 4,593.00",64.82%,14.12
BATCH01580,Barley,East,Rabi,567.15,14.54,27.98,4.7,0.4,2,C,6.52,Warehouse,65.66,Low,8.72,5.39,"₹ 4,945.55","₹ 3,056.94","-₹ 1,888.61",-61.78%,36.98
BATCH01581,Rice,North,Kharif,652.8,14.19,39.6,1.6,3.5,19,C,6.61,Transit,74.3,Low,4.86,11.58,"₹ 3,172.61","₹ 7,559.42","₹ 4,386.82",58.03%,43.15
BATCH01582,Wheat,West,Rabi,588.75,11.1,24.52,1.2,1.2,11,A,4.36,Warehouse,79.99,Medium,3.08,13.48,"₹ 1,813.35","₹ 7,936.35","₹ 6,123.00",77.15%,25.67
BATCH01583,Barley,West,Rabi,576.08,8.86,32.24,2.1,0.5,27,B,5.18,Farm,96.73,High,4.08,6.74,"₹ 2,350.41","₹ 3,882.78","₹ 1,532.37",39.47%,29.84
BATCH01584,Rice,North,Kharif,506.01,8.91,28.66,6.1,0.2,20,B,7.09,Warehouse,61.96,High,9.9,11.62,"₹ 5,009.50","₹ 5,879.84",₹ 870.34,14.80%,35.88
BATCH01585,Rice,East,Rabi,538.83,17.23,21.42,3.2,0.4,5,A,9.54,Warehouse,57.62,Medium,5.24,13.25,"₹ 2,823.47","₹ 7,139.50","₹ 4,316.03",60.45%,51.40
BATCH01586,Wheat,North,Kharif,624.95,14.89,29.76,0.1,0.2,9,A,3.31,Warehouse,93.47,Low,3.76,7.88,"₹ 2,349.81","₹ 4,924.61","₹ 2,574.79",52.28%,20.69
BATCH01587,Wheat,West,Kharif,366.72,9.27,34.04,0.8,0.1,6,A,2.84,Transit,97.09,High,3.83,9.05,"₹ 1,404.54","₹ 3,318.82","₹ 1,914.28",57.68%,10.41
BATCH01588,Maize,North,Kharif,465.06,11.57,30.26,1.3,2.4,17,A,6.22,Farm,74.4,High,5.17,10.7,"₹ 2,404.36","₹ 4,976.14","₹ 2,571.78",51.68%,28.93
BATCH01589,Barley,West,Rabi,422.74,13.92,37.44,0.8,6.1,19,C,1.74,Transit,55.76,Medium,3.26,10.19,"₹ 1,378.13","₹ 4,307.72","₹ 2,929.59",68.01%,7.36
BATCH01590,Barley,North,Kharif,537.92,16.36,25.78,2.4,0.2,23,C,6.03,Warehouse,74.27,High,6.58,5.39,"₹ 3,539.51","₹ 2,899.39",-₹ 640.12,-22.08%,32.44
BATCH01591,Maize,East,Kharif,623.02,8.44,21.72,3.5,0.1,8,A,1.34,Transit,55.47,High,4.5,5.99,"₹ 2,803.59","₹ 3,731.89",₹ 928.30,24.87%,8.35
BATCH01592,Barley,East,Kharif,440.3,10.37,38.73,2.6,0.4,7,B,5.16,Farm,94.16,Medium,6.64,6,"₹ 2,923.59","₹ 2,641.80",-₹ 281.79,-10.67%,22.72
BATCH01593,Barley,North,Rabi,260.97,16.9,27.56,9.1,0.6,5,B,6.39,Farm,85.41,High,3.99,7.62,"₹ 1,041.27","₹ 1,988.59",₹ 947.32,47.64%,16.68
BATCH01594,Barley,North,Rabi,458.78,8.09,31.53,0.6,0.2,15,B,1.17,Warehouse,62.06,Low,6.01,7.46,"₹ 2,757.27","₹ 3,422.50",₹ 665.23,19.44%,5.37
BATCH01595,Barley,East,Rabi,591.35,10.01,35.84,4.2,0.4,10,A,2.47,Warehouse,94.33,Medium,7.19,12.42,"₹ 4,251.81","₹ 7,344.57","₹ 3,092.76",42.11%,14.61
BATCH01596,Barley,West,Rabi,553.76,17.59,26.49,2.9,0.2,24,C,3.69,Transit,81.9,Low,3.43,10.73,"₹ 1,899.40","₹ 5,941.84","₹ 4,042.45",68.03%,20.43
BATCH01597,Wheat,East,Rabi,542.82,14.13,34.32,0.9,1.5,16,C,4,Farm,97.66,Low,5.79,12.64,"₹ 3,142.93","₹ 6,861.24","₹ 3,718.32",54.19%,21.71
BATCH01598,Barley,West,Rabi,472,10.62,22.71,2.6,1.2,9,C,6.92,Farm,99.02,Medium,5.12,5.7,"₹ 2,416.64","₹ 2,690.40",₹ 273.76,10.18%,32.66
BATCH01599,Wheat,North,Rabi,372.1,8.67,25.83,0.2,1,7,C,5.53,Transit,50.16,High,4.68,9.85,"₹ 1,741.43","₹ 3,665.19","₹ 1,923.76",52.49%,20.58
BATCH01600,Barley,North,Kharif,551.53,8.28,22.89,3.1,0.5,11,B,4.13,Farm,56.01,Medium,7.23,8.24,"₹ 3,987.56","₹ 4,544.61",₹ 557.05,12.26%,22.78
BATCH01601,Maize,West,Kharif,416.57,10.45,36.22,1.5,2.4,9,B,4.78,Warehouse,77.35,High,7.12,13.5,"₹ 2,965.98","₹ 5,623.70","₹ 2,657.72",47.26%,19.91
BATCH01602,Rice,North,Kharif,718.41,16.81,24.45,0.7,3.5,17,C,0.62,Warehouse,97.79,Low,7.41,12.08,"₹ 5,323.42","₹ 8,678.39","₹ 3,354.97",38.66%,4.45
BATCH01603,Wheat,West,Kharif,557.05,12.16,34.35,2.1,0.2,9,A,7.82,Transit,99.71,High,4.11,13.69,"₹ 2,289.48","₹ 7,626.01","₹ 5,336.54",69.98%,43.56
BATCH01604,Barley,South,Rabi,441.94,15.2,38.87,2.1,0.3,3,C,0.89,Transit,78.37,Low,5,5.46,"₹ 2,209.70","₹ 2,412.99",₹ 203.29,8.42%,3.93
BATCH01605,Maize,East,Kharif,438.86,17.18,30.56,0.5,0.7,22,C,8.38,Transit,58.69,Low,4.47,12.21,"₹ 1,961.70","₹ 5,358.48","₹ 3,396.78",63.39%,36.78
BATCH01606,Rice,South,Kharif,490.71,12.08,30.8,0.1,0.1,8,A,5.64,Warehouse,58.15,Low,6.78,10.4,"₹ 3,327.01","₹ 5,103.38","₹ 1,776.37",34.81%,27.68
BATCH01607,Wheat,West,Kharif,476.05,9.91,29.22,1.1,0.6,19,C,5.51,Transit,88.19,Medium,6.23,13.25,"₹ 2,965.79","₹ 6,307.66","₹ 3,341.87",52.98%,26.23
BATCH01608,Rice,East,Kharif,611.68,13.17,26.52,1.7,0.9,20,B,7.19,Farm,79.6,High,5.31,10.07,"₹ 3,248.02","₹ 6,159.62","₹ 2,911.60",47.27%,43.98
BATCH01609,Maize,West,Rabi,518.64,17.08,29.51,4.2,0.7,16,A,8.67,Transit,77.44,High,8.5,10.4,"₹ 4,408.44","₹ 5,393.86",₹ 985.42,18.27%,44.97
BATCH01610,Wheat,East,Rabi,426.84,16.04,32.06,5.3,0.4,7,A,9.46,Farm,73.29,High,3.66,5.52,"₹ 1,562.23","₹ 2,356.16",₹ 793.92,33.70%,40.38
BATCH01611,Rice,East,Rabi,689.04,8.66,39.72,1.5,0.8,28,C,5.66,Warehouse,86.26,Low,9.82,11.69,"₹ 6,766.37","₹ 8,054.88","₹ 1,288.50",16.00%,39.00
BATCH01612,Barley,East,Kharif,504.93,14.93,38.76,2.8,3.2,7,B,1.93,Farm,92.9,Medium,3.82,7.73,"₹ 1,928.83","₹ 3,903.11","₹ 1,974.28",50.58%,9.75
BATCH01613,Wheat,East,Rabi,576.88,13.72,37.24,1.2,0.2,20,B,8.85,Farm,65.15,High,8.41,5.2,"₹ 4,851.56","₹ 2,999.78","-₹ 1,851.78",-61.73%,51.05
BATCH01614,Rice,West,Kharif,439.18,17.07,37.78,2.7,1.1,25,B,0.89,Farm,61.05,High,5.58,5.66,"₹ 2,450.62","₹ 2,485.76",₹ 35.13,1.41%,3.91
BATCH01615,Maize,East,Rabi,536.31,9.22,29.36,0.5,0,13,C,8.17,Warehouse,83.51,Medium,9.06,14.57,"₹ 4,858.97","₹ 7,814.04","₹ 2,955.07",37.82%,43.82
BATCH01616,Maize,East,Rabi,531.11,13.34,33.15,0.9,0.1,3,C,6.96,Farm,95.74,High,3.52,8.46,"₹ 1,869.51","₹ 4,493.19","₹ 2,623.68",58.39%,36.97
BATCH01617,Wheat,South,Rabi,311.04,16.79,37.9,2,0.8,12,B,9.09,Farm,67.41,Medium,5.62,13.68,"₹ 1,748.04","₹ 4,255.03","₹ 2,506.98",58.92%,28.27
BATCH01618,Rice,North,Rabi,701.53,12.1,27.86,0,0.1,24,C,9.03,Transit,63.62,Medium,5.35,14.6,"₹ 3,753.19","₹ 10,242.34","₹ 6,489.15",63.36%,63.35
BATCH01619,Wheat,North,Rabi,629.06,12.82,39.24,2.6,0,8,B,1,Transit,61.31,High,9.95,14.43,"₹ 6,259.15","₹ 9,077.34","₹ 2,818.19",31.05%,6.29
BATCH01620,Wheat,South,Kharif,460.28,8.7,28.32,3.6,0.2,13,C,6.29,Transit,62.72,Medium,9.9,13.82,"₹ 4,556.77","₹ 6,361.07","₹ 1,804.30",28.36%,28.95
BATCH01621,Rice,South,Rabi,389.77,10.78,32.02,1,0.8,20,A,1.68,Farm,56.75,Medium,4.33,13.95,"₹ 1,687.70","₹ 5,437.29","₹ 3,749.59",68.96%,6.55
BATCH01622,Rice,West,Kharif,534.76,11.25,34.2,1.2,1.2,16,A,1.25,Farm,79.84,High,7.41,7.89,"₹ 3,962.57","₹ 4,219.26",₹ 256.68,6.08%,6.68
BATCH01623,Barley,West,Kharif,508.67,17.45,39.01,3.8,0.2,7,C,4.76,Warehouse,64.04,Low,6.75,6.51,"₹ 3,433.52","₹ 3,311.44",-₹ 122.08,-3.69%,24.21
BATCH01624,Rice,West,Kharif,535.57,10.83,24.89,3,1.1,4,C,1.43,Farm,80.75,High,4.08,11.39,"₹ 2,185.13","₹ 6,100.14","₹ 3,915.02",64.18%,7.66
BATCH01625,Maize,South,Kharif,519.16,12.61,34.92,0.7,0.2,29,B,7.42,Farm,54.15,High,4.17,9.88,"₹ 2,164.90","₹ 5,129.30","₹ 2,964.40",57.79%,38.52
BATCH01626,Wheat,South,Kharif,550.62,14.71,30.42,0.8,1,12,A,9.7,Warehouse,55.77,Low,9.92,5.99,"₹ 5,462.15","₹ 3,298.21","-₹ 2,163.94",-65.61%,53.41
BATCH01627,Wheat,East,Rabi,644.73,9.62,25.37,2.3,0.5,17,B,5.91,Farm,76.81,Medium,6.17,11.78,"₹ 3,977.98","₹ 7,594.92","₹ 3,616.94",47.62%,38.10
BATCH01628,Maize,West,Rabi,556.81,12.86,35.53,1.7,1.1,1,C,2.73,Warehouse,75.58,High,3.88,10.63,"₹ 2,160.42","₹ 5,918.89","₹ 3,758.47",63.50%,15.20
BATCH01629,Rice,West,Rabi,395.03,15.39,31.04,0.4,5.3,17,B,8.51,Warehouse,63.58,Low,4.5,13.63,"₹ 1,777.64","₹ 5,384.26","₹ 3,606.62",66.98%,33.62
BATCH01630,Maize,West,Rabi,636.26,16.67,33.22,0.7,2.8,2,B,8.6,Transit,91.36,Low,4.88,11.09,"₹ 3,104.95","₹ 7,056.12","₹ 3,951.17",56.00%,54.72
BATCH01631,Maize,North,Kharif,664.06,14.26,26.46,4.6,0,6,C,7.46,Farm,59.35,High,6.58,10.74,"₹ 4,369.51","₹ 7,132.00","₹ 2,762.49",38.73%,49.54
BATCH01632,Barley,East,Rabi,815.21,14.69,29.63,2.3,2.2,12,A,6.34,Transit,68.03,High,5.35,9.41,"₹ 4,361.37","₹ 7,671.13","₹ 3,309.75",43.15%,51.68
BATCH01633,Maize,West,Rabi,387.65,9.26,32.35,8.5,0.1,26,B,8.74,Farm,77.78,Low,6.19,9.63,"₹ 2,399.55","₹ 3,733.07","₹ 1,333.52",35.72%,33.88
BATCH01634,Wheat,West,Kharif,524.29,17.46,28.1,2.9,3.1,11,C,2.05,Transit,93.36,High,4.17,14.54,"₹ 2,186.29","₹ 7,623.18","₹ 5,436.89",71.32%,10.75
BATCH01635,Maize,West,Kharif,291.79,9.33,23.97,5.7,0.3,21,B,9.35,Warehouse,70.93,Low,5.29,6.38,"₹ 1,543.57","₹ 1,861.62",₹ 318.05,17.08%,27.28
BATCH01636,Wheat,North,Rabi,555.31,15.75,39.23,0.5,0.5,11,C,9.5,Warehouse,69.93,High,3.49,9.46,"₹ 1,938.03","₹ 5,253.23","₹ 3,315.20",63.11%,52.75
BATCH01637,Wheat,North,Rabi,445.18,10.65,30.23,3,0.1,18,C,8.78,Warehouse,78.98,Low,9.23,11.56,"₹ 4,109.01","₹ 5,146.28","₹ 1,037.27",20.16%,39.09
BATCH01638,Wheat,South,Kharif,692.34,17.34,34.68,0,0.1,8,C,2.88,Warehouse,65.83,High,4.39,9.33,"₹ 3,039.37","₹ 6,459.53","₹ 3,420.16",52.95%,19.94
BATCH01639,Rice,East,Rabi,422.54,15.2,28.22,2.2,1.3,25,A,8.65,Farm,85.46,High,8.3,7.83,"₹ 3,507.08","₹ 3,308.49",-₹ 198.59,-6.00%,36.55
BATCH01640,Barley,South,Rabi,331.08,15.54,27.1,1.3,2.9,7,A,5.23,Farm,62.43,High,5.45,7.87,"₹ 1,804.39","₹ 2,605.60",₹ 801.21,30.75%,17.32
BATCH01641,Wheat,East,Rabi,452.87,10.19,28.14,0.9,0.9,28,C,6.15,Transit,91.16,Medium,6.32,7.34,"₹ 2,862.14","₹ 3,324.07",₹ 461.93,13.90%,27.85
BATCH01642,Wheat,North,Rabi,302.45,12.43,28.18,4,1.3,14,A,8.49,Farm,63.62,High,5.04,8.44,"₹ 1,524.35","₹ 2,552.68","₹ 1,028.33",40.28%,25.68
BATCH01643,Rice,West,Kharif,575.11,14.18,30.88,3.9,1.4,16,B,0.78,Farm,99.64,Low,7.88,13.72,"₹ 4,531.87","₹ 7,890.51","₹ 3,358.64",42.57%,4.49
BATCH01644,Wheat,South,Kharif,293.49,15.7,30.87,0,0.3,12,A,3.95,Transit,65.82,Low,8.91,10.05,"₹ 2,615.00","₹ 2,949.57",₹ 334.58,11.34%,11.59
BATCH01645,Maize,West,Kharif,502.85,9.04,29.94,1.9,0,9,A,8.25,Warehouse,93.94,Medium,5,7.4,"₹ 2,514.25","₹ 3,721.09","₹ 1,206.84",32.43%,41.49
BATCH01646,Maize,South,Rabi,292.22,17.62,22.7,0.9,0,20,B,8.23,Transit,69.87,Medium,4.7,8.85,"₹ 1,373.43","₹ 2,586.15","₹ 1,212.71",46.89%,24.05
BATCH01647,Barley,North,Rabi,467.97,16.9,29.92,1.1,0.4,29,B,8.56,Transit,62.3,Medium,7.77,6.06,"₹ 3,636.13","₹ 2,835.90",-₹ 800.23,-28.22%,40.06
BATCH01648,Wheat,North,Rabi,664.34,10.7,23.38,3.6,0.3,23,B,2.11,Warehouse,61.31,High,4.37,14.04,"₹ 2,903.17","₹ 9,327.33","₹ 6,424.17",68.87%,14.02
BATCH01649,Rice,North,Rabi,536.06,16.23,22.52,0.7,0.1,21,C,7.21,Transit,92.51,High,7.48,9.08,"₹ 4,009.73","₹ 4,867.42",₹ 857.70,17.62%,38.65
BATCH01650,Maize,South,Rabi,413.65,13.18,38.65,5.7,0.2,16,B,1.89,Transit,65.44,Low,3.66,14.8,"₹ 1,513.96","₹ 6,122.02","₹ 4,608.06",75.27%,7.82
BATCH01651,Rice,East,Kharif,496.88,12.62,32.1,0.4,0.1,21,B,7.96,Transit,66.93,Low,7.34,8.48,"₹ 3,647.10","₹ 4,213.54",₹ 566.44,13.44%,39.55
BATCH01652,Rice,South,Rabi,501.8,11.14,33.19,2.2,2.5,19,B,2.83,Farm,59.85,High,6.59,13.36,"₹ 3,306.86","₹ 6,704.05","₹ 3,397.19",50.67%,14.20
BATCH01653,Maize,East,Rabi,547.26,13.81,28.04,2.2,0.2,16,C,7.51,Warehouse,98.07,Low,3.8,7.56,"₹ 2,079.59","₹ 4,137.29","₹ 2,057.70",49.74%,41.10
BATCH01654,Rice,South,Kharif,363.31,15.3,38.18,0.6,0.8,9,A,4.82,Warehouse,62.24,High,7.54,5.76,"₹ 2,739.36","₹ 2,092.67",-₹ 646.69,-30.90%,17.51
BATCH01655,Maize,South,Rabi,559.26,12.11,32.76,0.8,0.9,13,C,9.87,Transit,62.37,Medium,6.13,5.32,"₹ 3,428.26","₹ 2,975.26",-₹ 453.00,-15.23%,55.20
BATCH01656,Rice,North,Kharif,229.56,14.29,35.38,3.6,0.8,26,A,6.01,Farm,97.19,High,4.52,11.06,"₹ 1,037.61","₹ 2,538.93","₹ 1,501.32",59.13%,13.80
BATCH01657,Maize,West,Kharif,437.01,14.99,27.37,2.9,0.1,5,B,6.51,Warehouse,95.04,High,5.47,8.12,"₹ 2,390.44","₹ 3,548.52","₹ 1,158.08",32.64%,28.45
BATCH01658,Wheat,West,Kharif,451.17,15.11,39.2,0.8,0.4,22,C,4,Warehouse,62.45,High,6.44,9.44,"₹ 2,905.53","₹ 4,259.04","₹ 1,353.51",31.78%,18.05
BATCH01659,Barley,East,Kharif,563.33,8.52,36.41,1.5,0.1,19,C,7.48,Transit,93.24,Low,3.64,13.19,"₹ 2,050.52","₹ 7,430.32","₹ 5,379.80",72.40%,42.14
BATCH01660,Maize,West,Kharif,502.26,16.6,37.08,0.1,0.5,10,A,5.2,Transit,62.49,High,9.7,7.48,"₹ 4,871.92","₹ 3,756.90","-₹ 1,115.02",-29.68%,26.12
BATCH01661,Maize,South,Rabi,359.44,12.58,23.44,0.5,0.2,7,C,0.67,Transit,54.22,High,7.66,8.09,"₹ 2,753.31","₹ 2,907.87",₹ 154.56,5.32%,2.41
BATCH01662,Barley,South,Kharif,401.5,10.62,25.42,1.3,0.8,9,C,6.28,Warehouse,91.02,High,3.72,13.45,"₹ 1,493.58","₹ 5,400.18","₹ 3,906.60",72.34%,25.21
BATCH01663,Maize,North,Kharif,519.87,10.42,25.71,0.2,1.2,25,A,8.39,Transit,88.58,Medium,8.76,9.93,"₹ 4,554.06","₹ 5,162.31",₹ 608.25,11.78%,43.62
BATCH01664,Maize,North,Rabi,492.09,12.83,25.42,3.7,0.8,14,C,2.75,Transit,64.73,High,5.26,13.28,"₹ 2,588.39","₹ 6,534.96","₹ 3,946.56",60.39%,13.53
BATCH01665,Rice,West,Rabi,442.09,16.87,37.11,2.5,0.6,15,C,2.6,Transit,54.51,High,7.18,8.74,"₹ 3,174.21","₹ 3,863.87",₹ 689.66,17.85%,11.49
BATCH01666,Barley,East,Kharif,451.92,11.78,20.64,5.8,0.5,13,B,6.28,Farm,60.32,High,4.94,8.98,"₹ 2,232.48","₹ 4,058.24","₹ 1,825.76",44.99%,28.38
BATCH01667,Wheat,West,Rabi,569.62,15.5,21.52,2.4,1.8,10,B,8.27,Transit,88.55,Low,8.13,6.67,"₹ 4,631.01","₹ 3,799.37",-₹ 831.65,-21.89%,47.11
BATCH01668,Maize,West,Rabi,448.23,8.97,25.48,5.6,0.2,14,B,2.87,Warehouse,98.24,Medium,8.06,14.16,"₹ 3,612.73","₹ 6,346.94","₹ 2,734.20",43.08%,12.86
BATCH01669,Barley,West,Kharif,491.19,12.76,24,1.6,1.3,26,B,9.36,Transit,62.95,Medium,6.86,13.97,"₹ 3,369.56","₹ 6,861.92","₹ 3,492.36",50.89%,45.98
BATCH01670,Rice,West,Kharif,716.99,17.92,24.64,1.8,1.4,21,B,9.31,Warehouse,90.91,High,4.69,14.84,"₹ 3,362.68","₹ 10,640.13","₹ 7,277.45",68.40%,66.75
BATCH01671,Wheat,South,Rabi,357.63,15.7,35.96,7.5,0.5,23,C,2.41,Farm,61.4,High,4.78,9.02,"₹ 1,709.47","₹ 3,225.82","₹ 1,516.35",47.01%,8.62
BATCH01672,Barley,East,Kharif,314.82,10.11,31.26,2.1,0.4,29,C,3.01,Farm,83.98,Low,5.68,13.19,"₹ 1,788.18","₹ 4,152.48","₹ 2,364.30",56.94%,9.48
BATCH01673,Wheat,South,Kharif,578.36,13.01,20.12,0.1,0.6,12,B,7.16,Transit,54.18,High,4.02,9.15,"₹ 2,325.01","₹ 5,291.99","₹ 2,966.99",56.07%,41.41
BATCH01674,Wheat,East,Rabi,432.14,10.34,28.59,2.6,0.1,28,A,9.54,Warehouse,79.26,Low,5.36,9.54,"₹ 2,316.27","₹ 4,122.62","₹ 1,806.35",43.82%,41.23
BATCH01675,Wheat,North,Kharif,468.18,12.1,28.16,4.7,0,29,B,7.24,Transit,63.46,High,7.79,13.3,"₹ 3,647.12","₹ 6,226.79","₹ 2,579.67",41.43%,33.90
BATCH01676,Maize,West,Kharif,421.88,15.8,22.28,3.2,0.1,19,C,4.73,Transit,96.29,Low,8.82,6.77,"₹ 3,720.98","₹ 2,856.13",-₹ 864.85,-30.28%,19.95
BATCH01677,Maize,South,Kharif,474.02,15.71,33.52,1.8,0.2,6,A,2.11,Warehouse,64.49,Medium,5.33,7.2,"₹ 2,526.53","₹ 3,412.94",₹ 886.42,25.97%,10.00
BATCH01678,Rice,East,Kharif,659.85,10.28,34.04,2.2,0.7,12,B,4.88,Warehouse,69.92,High,4.64,8.15,"₹ 3,061.70","₹ 5,377.78","₹ 2,316.07",43.07%,32.20
BATCH01679,Rice,North,Kharif,580.21,17.22,34.42,9.2,1.9,24,A,6.26,Warehouse,92.03,Low,8.83,12.88,"₹ 5,123.25","₹ 7,473.10","₹ 2,349.85",31.44%,36.32
BATCH01680,Barley,North,Rabi,586.22,13.93,34.57,0.2,0.3,13,B,3.64,Warehouse,71.91,Low,9.23,8.73,"₹ 5,410.81","₹ 5,117.70",-₹ 293.11,-5.73%,21.34
BATCH01681,Rice,West,Rabi,358.38,11.8,20,2.2,2.7,8,C,5.35,Warehouse,61.92,High,5.87,8.58,"₹ 2,103.69","₹ 3,074.90",₹ 971.21,31.59%,19.17
BATCH01682,Wheat,East,Kharif,384.88,13.02,39.08,0.7,3.1,16,B,1.74,Farm,77.38,Low,3.19,14.99,"₹ 1,227.77","₹ 5,769.35","₹ 4,541.58",78.72%,6.70
BATCH01683,Wheat,South,Rabi,216.09,14.05,36.28,2,3.2,2,A,4.8,Farm,92,High,7.86,8.84,"₹ 1,698.47","₹ 1,910.24",₹ 211.77,11.09%,10.37
BATCH01684,Maize,West,Kharif,419.06,13.6,38.08,1.9,1.8,22,C,1.36,Farm,71.66,High,8.49,7.48,"₹ 3,557.82","₹ 3,134.57",-₹ 423.25,-13.50%,5.70
BATCH01685,Wheat,South,Kharif,595.67,12.86,20.31,0.3,0.5,7,B,0.97,Warehouse,56.64,Low,3.13,11.23,"₹ 1,864.45","₹ 6,689.37","₹ 4,824.93",72.13%,5.78
BATCH01686,Barley,North,Kharif,551.69,13.05,38.68,0.5,0.1,12,B,8.64,Warehouse,69.15,Low,7.17,13.02,"₹ 3,955.62","₹ 7,183.00","₹ 3,227.39",44.93%,47.67
BATCH01687,Wheat,South,Kharif,477.85,9.76,36.2,1.9,0.8,7,B,2.45,Warehouse,97.72,Low,7.12,5.7,"₹ 3,402.29","₹ 2,723.75",-₹ 678.55,-24.91%,11.71
BATCH01688,Wheat,South,Kharif,497.77,16.13,36.74,0.3,0.8,19,B,5.96,Transit,53.6,Medium,5.65,11.19,"₹ 2,812.40","₹ 5,570.05","₹ 2,757.65",49.51%,29.67
BATCH01689,Barley,West,Rabi,431.11,13.42,21.87,0.6,1.9,14,C,1.92,Farm,70.42,High,8.25,5.36,"₹ 3,556.66","₹ 2,310.75","-₹ 1,245.91",-53.92%,8.28
BATCH01690,Rice,South,Rabi,520.48,9.31,34.78,3.6,5.5,9,C,2.99,Farm,82.4,High,6,10.26,"₹ 3,122.88","₹ 5,340.12","₹ 2,217.24",41.52%,15.56
BATCH01691,Rice,West,Kharif,576.59,15.66,39.2,0.8,0.7,18,B,3.93,Transit,53.93,Medium,7.74,7.57,"₹ 4,462.81","₹ 4,364.79",-₹ 98.02,-2.25%,22.66
BATCH01692,Barley,North,Rabi,338.41,17.32,33.57,1.3,0.4,11,C,1.86,Transit,67.25,Medium,6.62,8.07,"₹ 2,240.27","₹ 2,730.97",₹ 490.69,17.97%,6.29
BATCH01693,Maize,West,Kharif,529.96,17.47,31.41,5.7,0.2,16,A,0.94,Farm,97.03,Low,4.74,9.67,"₹ 2,512.01","₹ 5,124.71","₹ 2,612.70",50.98%,4.98
BATCH01694,Wheat,West,Rabi,593.24,11.69,38.91,0.5,0,19,C,8.83,Warehouse,51.53,High,7.25,14.27,"₹ 4,300.99","₹ 8,465.53","₹ 4,164.54",49.19%,52.38
BATCH01695,Barley,East,Kharif,458.49,9.36,28.86,1,0.7,11,A,0.61,Farm,87.59,Medium,8.16,12.11,"₹ 3,741.28","₹ 5,552.31","₹ 1,811.04",32.62%,2.80
BATCH01696,Wheat,South,Rabi,570.07,13.18,31.99,1.9,0.8,18,A,1.08,Warehouse,92.07,Medium,9.82,14.37,"₹ 5,598.09","₹ 8,191.91","₹ 2,593.82",31.66%,6.16
BATCH01697,Maize,North,Kharif,781.47,9.13,29.53,2.8,1.7,11,C,8.15,Farm,63.85,High,5.66,11.6,"₹ 4,423.12","₹ 9,065.05","₹ 4,641.93",51.21%,63.69
BATCH01698,Wheat,West,Kharif,489.57,17.34,38.66,4.6,0.7,25,B,3.18,Farm,60.74,High,3.45,5.07,"₹ 1,689.02","₹ 2,482.12",₹ 793.10,31.95%,15.57
BATCH01699,Barley,North,Rabi,539.33,9.84,21.52,4.9,2.5,4,C,7.37,Transit,95.74,High,9.92,7.66,"₹ 5,350.15","₹ 4,131.27","-₹ 1,218.89",-29.50%,39.75
BATCH01700,Wheat,East,Rabi,426.19,10.53,30.02,3,1,18,A,1.89,Transit,88.2,Low,7.37,14.06,"₹ 3,141.02","₹ 5,992.23","₹ 2,851.21",47.58%,8.05
BATCH01701,Rice,South,Kharif,518.13,12.07,33.74,0.5,1.8,19,A,2.75,Warehouse,55.67,Medium,9.63,11.43,"₹ 4,989.59","₹ 5,922.23",₹ 932.63,15.75%,14.25
BATCH01702,Maize,West,Rabi,546.03,11.83,35.84,0.1,0.2,13,C,5.94,Warehouse,60.61,Low,3.73,14.82,"₹ 2,036.69","₹ 8,092.16","₹ 6,055.47",74.83%,32.43
BATCH01703,Maize,South,Kharif,519.48,15.95,31.66,1,1.9,4,A,9.89,Farm,81.07,High,5.39,6.56,"₹ 2,800.00","₹ 3,407.79",₹ 607.79,17.84%,51.38
BATCH01704,Maize,East,Rabi,398.03,12.56,38.18,0.3,1.1,10,C,1.2,Transit,70.97,High,3.94,7.97,"₹ 1,568.24","₹ 3,172.30","₹ 1,604.06",50.56%,4.78
BATCH01705,Barley,East,Rabi,520.64,9.71,38.84,2.5,0.2,29,C,4.31,Warehouse,75.21,Medium,8.85,8.62,"₹ 4,607.66","₹ 4,487.92",-₹ 119.75,-2.67%,22.44
BATCH01706,Maize,North,Kharif,646.22,10.67,21.29,2.2,0.2,22,B,0.91,Warehouse,97.58,Low,9.16,8.27,"₹ 5,919.38","₹ 5,344.24",-₹ 575.14,-10.76%,5.88
BATCH01707,Rice,West,Rabi,544.86,13.09,28.05,0.1,2.6,5,A,2.39,Warehouse,71.01,Low,6.51,7.52,"₹ 3,547.04","₹ 4,097.35",₹ 550.31,13.43%,13.02
BATCH01708,Barley,North,Rabi,596.2,9.47,20.47,3.6,0,3,C,9.12,Farm,94.08,Low,4.31,9.43,"₹ 2,569.62","₹ 5,622.17","₹ 3,052.54",54.29%,54.37
BATCH01709,Rice,East,Kharif,476.3,14.12,26.59,0.6,0.6,16,A,1.42,Warehouse,83.04,High,3.89,11.42,"₹ 1,852.81","₹ 5,439.35","₹ 3,586.54",65.94%,6.76
BATCH01710,Wheat,South,Rabi,574.99,13.66,30.74,1.1,0.4,26,C,8.64,Warehouse,56.08,Medium,7.12,8.11,"₹ 4,093.93","₹ 4,663.17",₹ 569.24,12.21%,49.68
BATCH01711,Wheat,North,Kharif,527.93,15.15,38.22,2.2,1.1,8,C,2.19,Transit,87.23,Low,6.54,5.8,"₹ 3,452.66","₹ 3,061.99",-₹ 390.67,-12.76%,11.56
BATCH01712,Wheat,North,Kharif,404.91,17.38,36.93,1.1,1.8,24,B,8.69,Transit,76.01,High,7.86,12.09,"₹ 3,182.59","₹ 4,895.36","₹ 1,712.77",34.99%,35.19
BATCH01713,Wheat,South,Kharif,531.85,17.12,22.55,1.2,0.4,7,C,5.61,Transit,61.25,High,5.14,9.59,"₹ 2,733.71","₹ 5,100.44","₹ 2,366.73",46.40%,29.84
BATCH01714,Rice,North,Kharif,400.83,17.46,21.86,0.1,0.6,19,B,8.84,Farm,64.48,Low,5.82,10.56,"₹ 2,332.83","₹ 4,232.76","₹ 1,899.93",44.89%,35.43
BATCH01715,Barley,South,Kharif,436.71,10.45,31.79,1,4,14,A,1.94,Transit,77.87,Medium,3.15,9.55,"₹ 1,375.64","₹ 4,170.58","₹ 2,794.94",67.02%,8.47
BATCH01716,Barley,West,Rabi,518.93,9.32,30.64,2.9,1.5,15,B,7.74,Transit,80.09,Medium,7.27,13.9,"₹ 3,772.62","₹ 7,213.13","₹ 3,440.51",47.70%,40.17
BATCH01717,Maize,South,Kharif,529.72,11.02,25.33,4.9,2.3,17,B,6.97,Transit,98.41,Low,5.96,10.59,"₹ 3,157.13","₹ 5,609.73","₹ 2,452.60",43.72%,36.92
BATCH01718,Rice,West,Kharif,381.08,16.95,37.99,1.1,0.6,21,A,5.66,Transit,92.74,High,9.44,14.23,"₹ 3,597.40","₹ 5,422.77","₹ 1,825.37",33.66%,21.57
BATCH01719,Wheat,South,Rabi,605.4,17.72,38.55,1.1,0.3,1,B,8.2,Warehouse,60.29,High,7.49,10.11,"₹ 4,534.45","₹ 6,120.59","₹ 1,586.15",25.91%,49.64
BATCH01720,Rice,East,Rabi,557.2,16.59,28.05,2.4,0.5,6,B,6.66,Farm,88.7,Low,5.79,7.93,"₹ 3,226.19","₹ 4,418.60","₹ 1,192.41",26.99%,37.11
BATCH01721,Maize,East,Rabi,429.53,9.1,37.81,5.7,1.3,27,C,8.83,Warehouse,50.41,High,4.85,8.55,"₹ 2,083.22","₹ 3,672.48","₹ 1,589.26",43.27%,37.93
BATCH01722,Maize,West,Kharif,346.24,17.47,27.68,0.6,0.1,23,B,4.12,Warehouse,56.49,High,9.34,10.22,"₹ 3,233.88","₹ 3,538.57",₹ 304.69,8.61%,14.27
BATCH01723,Rice,West,Kharif,485.51,12.23,34.74,1.2,0.3,15,C,6.1,Farm,59.99,Low,3.11,10.3,"₹ 1,509.94","₹ 5,000.75","₹ 3,490.82",69.81%,29.62
BATCH01724,Rice,East,Kharif,455.41,8.09,29.52,3.2,0,12,B,8.77,Warehouse,79.86,High,5.29,11.87,"₹ 2,409.12","₹ 5,405.72","₹ 2,996.60",55.43%,39.94
BATCH01725,Rice,West,Rabi,511.31,12.42,22.45,1.9,0.6,21,A,2.54,Transit,59.73,Low,9.6,7.24,"₹ 4,908.58","₹ 3,701.88","-₹ 1,206.69",-32.60%,12.99
BATCH01726,Barley,South,Kharif,463.69,8.46,38.56,0.2,1.8,20,A,5.11,Farm,68.26,Low,7.58,11.59,"₹ 3,514.77","₹ 5,374.17","₹ 1,859.40",34.60%,23.69
BATCH01727,Wheat,South,Rabi,299.25,13.44,29.08,2,0,2,B,9.63,Warehouse,62.14,Low,6.73,12.79,"₹ 2,013.95","₹ 3,827.41","₹ 1,813.46",47.38%,28.82
BATCH01728,Rice,East,Kharif,461.17,11.39,34.69,0.4,1.1,5,C,5,Warehouse,66.87,High,4.42,11.77,"₹ 2,038.37","₹ 5,427.97","₹ 3,389.60",62.45%,23.06
BATCH01729,Rice,North,Rabi,469.44,12.73,27.34,1.4,2.7,9,B,2.9,Transit,97.12,Low,8.83,9.82,"₹ 4,145.16","₹ 4,609.90",₹ 464.75,10.08%,13.61
BATCH01730,Rice,South,Kharif,563.37,14.13,20.38,1.5,0.3,20,C,3.84,Warehouse,99.87,High,4.43,14.92,"₹ 2,495.73","₹ 8,405.48","₹ 5,909.75",70.31%,21.63
BATCH01731,Maize,West,Kharif,430.18,16.69,22.01,4.2,1.2,14,B,8.91,Warehouse,84.29,Low,4.74,9.05,"₹ 2,039.05","₹ 3,893.13","₹ 1,854.08",47.62%,38.33
BATCH01732,Maize,North,Kharif,667.87,14.62,29.92,1.2,3.7,18,A,9.57,Warehouse,78.62,Medium,4.34,6.07,"₹ 2,898.56","₹ 4,053.97","₹ 1,155.42",28.50%,63.92
BATCH01733,Barley,North,Rabi,308.84,12.34,33.8,0.7,3.3,29,A,9.53,Farm,85.42,High,4.11,13.22,"₹ 1,269.33","₹ 4,082.86","₹ 2,813.53",68.91%,29.43
BATCH01734,Wheat,South,Rabi,631.12,16.19,26.69,0.5,0.3,22,C,7.14,Farm,88.58,High,9.67,7.12,"₹ 6,102.93","₹ 4,493.57","-₹ 1,609.36",-35.81%,45.06
BATCH01735,Barley,South,Kharif,477.57,17.06,33.91,4.1,0.1,8,B,5.34,Warehouse,86.95,High,7.21,12.13,"₹ 3,443.28","₹ 5,792.92","₹ 2,349.64",40.56%,25.50
BATCH01736,Wheat,North,Kharif,585.96,9.2,33.97,0.4,0.2,2,C,2.24,Warehouse,54.09,Medium,7.46,6.79,"₹ 4,371.26","₹ 3,978.67",-₹ 392.59,-9.87%,13.13
BATCH01737,Maize,North,Kharif,507.98,13.32,34.08,1.1,1.2,9,A,1.67,Transit,65.51,Low,9.68,5.17,"₹ 4,917.25","₹ 2,626.26","-₹ 2,290.99",-87.23%,8.48
BATCH01738,Maize,East,Rabi,613.96,10.85,29.85,0.4,1.3,7,C,1.07,Farm,67.17,Medium,4.61,6.6,"₹ 2,830.36","₹ 4,052.14","₹ 1,221.78",30.15%,6.57
BATCH01739,Maize,West,Kharif,461.26,8.47,38.3,3,1.1,29,B,0.67,Farm,68.46,Low,3.04,8.77,"₹ 1,402.23","₹ 4,045.25","₹ 2,643.02",65.34%,3.09
BATCH01740,Barley,East,Kharif,390.14,14.69,29.78,1.3,0.4,18,C,8.84,Farm,67.22,Low,7.19,6.07,"₹ 2,805.11","₹ 2,368.15",-₹ 436.96,-18.45%,34.49
BATCH01741,Rice,South,Kharif,642.05,16.63,29.01,0.9,0.2,27,B,8.19,Warehouse,89.35,Low,6.55,6.98,"₹ 4,205.43","₹ 4,481.51",₹ 276.08,6.16%,52.58
BATCH01742,Rice,East,Kharif,488.65,9.63,23.99,0.9,0.9,16,B,5.89,Transit,87.38,Low,6.34,12.65,"₹ 3,098.04","₹ 6,181.42","₹ 3,083.38",49.88%,28.78
BATCH01743,Maize,East,Rabi,522.16,16.12,26.15,3.8,0.7,21,A,9.99,Transit,50.23,Low,3.43,12.7,"₹ 1,791.01","₹ 6,631.43","₹ 4,840.42",72.99%,52.16
BATCH01744,Rice,East,Rabi,623.48,16.53,20.85,1.6,1.3,5,B,9.55,Warehouse,64.82,Medium,6.18,13.17,"₹ 3,853.11","₹ 8,211.23","₹ 4,358.13",53.08%,59.54
BATCH01745,Rice,East,Kharif,396.8,17.14,32.67,2.5,0.6,23,B,6.72,Warehouse,81.18,High,5.01,13.41,"₹ 1,987.97","₹ 5,321.09","₹ 3,333.12",62.64%,26.66
BATCH01746,Barley,West,Kharif,559.55,10.65,24.97,4.5,0.4,29,B,4.91,Transit,56.01,Medium,4.92,9.2,"₹ 2,752.99","₹ 5,147.86","₹ 2,394.87",46.52%,27.47
BATCH01747,Wheat,West,Rabi,441.01,17.04,26.08,4.6,0.3,15,C,1.95,Transit,53.56,High,4.56,13.68,"₹ 2,011.01","₹ 6,033.02","₹ 4,022.01",66.67%,8.60
BATCH01748,Maize,North,Rabi,486.78,11.21,35.42,0.8,0.2,5,A,5.4,Farm,91.42,High,5.33,10.26,"₹ 2,594.54","₹ 4,994.36","₹ 2,399.83",48.05%,26.29
BATCH01749,Maize,South,Kharif,507.23,13.52,26.54,6.1,0.3,11,C,2,Warehouse,72.63,High,5.47,9.71,"₹ 2,774.55","₹ 4,925.20","₹ 2,150.66",43.67%,10.14
BATCH01750,Barley,East,Rabi,349.98,8.51,24.84,0.1,0.1,22,C,4.29,Farm,92.78,Medium,5.16,12.19,"₹ 1,805.90","₹ 4,266.26","₹ 2,460.36",57.67%,15.01
BATCH01751,Barley,North,Rabi,422.12,8.44,23.38,0.9,0.4,14,A,9.46,Transit,91.18,Low,9.85,7.14,"₹ 4,157.88","₹ 3,013.94","-₹ 1,143.95",-37.96%,39.93
BATCH01752,Rice,North,Kharif,635.11,15.2,35.5,4.5,0,25,C,3.75,Farm,94.67,Low,9.53,12.89,"₹ 6,052.60","₹ 8,186.57","₹ 2,133.97",26.07%,23.82
BATCH01753,Maize,North,Rabi,588.62,12.44,22.59,0.6,0.2,19,C,1.95,Transit,52.41,High,7.02,9.29,"₹ 4,132.11","₹ 5,468.28","₹ 1,336.17",24.43%,11.48
BATCH01754,Wheat,West,Rabi,493.74,10.56,29.08,0.6,1.4,3,B,6.03,Transit,59.31,Low,9.87,6.27,"₹ 4,873.21","₹ 3,095.75","-₹ 1,777.46",-57.42%,29.77
BATCH01755,Barley,East,Kharif,524.31,9.9,30.14,0.7,0.4,24,C,6.22,Farm,64.81,Low,9.94,6.19,"₹ 5,211.64","₹ 3,245.48","-₹ 1,966.16",-60.58%,32.61
BATCH01756,Wheat,East,Kharif,470.58,14.7,33.75,1.9,1.1,10,A,2.34,Warehouse,56.81,Medium,5.49,6.65,"₹ 2,583.48","₹ 3,129.36",₹ 545.87,17.44%,11.01
BATCH01757,Wheat,South,Rabi,635.66,8,32.67,1.2,1.3,28,C,2.37,Farm,74.27,Low,6.12,13.91,"₹ 3,890.24","₹ 8,842.03","₹ 4,951.79",56.00%,15.07
BATCH01758,Maize,East,Kharif,479.96,16.06,36.21,2.6,0.9,6,B,9.9,Farm,89.95,Low,9.71,14.91,"₹ 4,660.41","₹ 7,156.20","₹ 2,495.79",34.88%,47.52
BATCH01759,Maize,East,Rabi,523.18,8.79,20.9,4.5,3.2,28,C,2.81,Warehouse,97.56,Medium,7.26,8.57,"₹ 3,798.29","₹ 4,483.65",₹ 685.37,15.29%,14.70
BATCH01760,Barley,North,Kharif,614.6,9.91,25.93,2.2,0,26,A,8.46,Warehouse,94.48,Low,4.49,7.92,"₹ 2,759.55","₹ 4,867.63","₹ 2,108.08",43.31%,52.00
BATCH01761,Maize,South,Rabi,422.26,11.86,25.6,0.5,1.3,3,B,4.97,Farm,72.87,High,7.83,7.19,"₹ 3,306.30","₹ 3,036.05",-₹ 270.25,-8.90%,20.99
BATCH01762,Maize,East,Kharif,655.88,12.85,22.92,5.4,3.2,2,C,4.63,Transit,81.82,Medium,4.44,13.24,"₹ 2,912.11","₹ 8,683.85","₹ 5,771.74",66.47%,30.37
BATCH01763,Maize,West,Rabi,346.95,11.55,25.78,0.6,2,13,A,3.3,Farm,61.53,Low,5.38,7.09,"₹ 1,866.59","₹ 2,459.88",₹ 593.28,24.12%,11.45
BATCH01764,Wheat,East,Rabi,662.96,11.21,26.2,0.3,0.2,18,A,7.85,Transit,70.15,Low,4.59,14.24,"₹ 3,042.99","₹ 9,440.55","₹ 6,397.56",67.77%,52.04
BATCH01765,Barley,North,Rabi,462.73,17.64,30.44,0.2,0.4,2,C,8.87,Warehouse,93.56,Medium,4.71,11.67,"₹ 2,179.46","₹ 5,400.06","₹ 3,220.60",59.64%,41.04
BATCH01766,Rice,West,Kharif,475.73,14.42,33.27,1.7,0.2,15,C,2.98,Warehouse,51.46,High,3.03,13.97,"₹ 1,441.46","₹ 6,645.95","₹ 5,204.49",78.31%,14.18
BATCH01767,Wheat,North,Kharif,311,8.23,27.62,0.2,0.9,5,B,1.4,Transit,76.64,Medium,9.16,10.54,"₹ 2,848.76","₹ 3,277.94",₹ 429.18,13.09%,4.35
BATCH01768,Maize,East,Rabi,454.52,12.3,34.39,0.3,1.2,15,C,1.8,Farm,93.64,High,5.07,11.91,"₹ 2,304.42","₹ 5,413.33","₹ 3,108.92",57.43%,8.18
BATCH01769,Wheat,West,Rabi,396.02,16.75,26.72,0.7,0.4,28,B,8.03,Warehouse,56.1,Medium,3.6,11.19,"₹ 1,425.67","₹ 4,431.46","₹ 3,005.79",67.83%,31.80
BATCH01770,Maize,South,Kharif,439.24,11.01,25.81,0.7,0.8,21,C,4.64,Transit,99.13,Low,3.61,13.31,"₹ 1,585.66","₹ 5,846.28","₹ 4,260.63",72.88%,20.38
BATCH01771,Maize,South,Kharif,486.27,8.95,30.82,1.9,1.2,17,A,1.75,Transit,50.62,Medium,6.89,13.36,"₹ 3,350.40","₹ 6,496.57","₹ 3,146.17",48.43%,8.51
BATCH01772,Wheat,West,Kharif,595.78,15.58,20.47,3.4,0.5,2,A,3.73,Farm,94.31,Medium,9.95,10.9,"₹ 5,928.01","₹ 6,494.00",₹ 565.99,8.72%,22.22
BATCH01773,Barley,West,Kharif,520.76,14.06,21.6,2.9,1.9,18,A,5.39,Transit,67.68,High,4.02,11.33,"₹ 2,093.46","₹ 5,900.21","₹ 3,806.76",64.52%,28.07
BATCH01774,Maize,North,Kharif,530.77,13.7,28.36,0.6,1.5,15,A,8.59,Transit,56.63,Medium,3.7,14.22,"₹ 1,963.85","₹ 7,547.55","₹ 5,583.70",73.98%,45.59
BATCH01775,Barley,West,Kharif,390.45,8.54,38.86,0.6,0.1,20,B,6.6,Farm,57.87,High,6.07,14.3,"₹ 2,370.03","₹ 5,583.44","₹ 3,213.40",57.55%,25.77
BATCH01776,Rice,North,Rabi,411.92,9.4,34.43,6.8,1,23,A,2.17,Warehouse,85.06,Medium,6.94,11.64,"₹ 2,858.72","₹ 4,794.75","₹ 1,936.02",40.38%,8.94
BATCH01777,Maize,East,Kharif,679.87,14.23,21.76,0,0.3,3,B,2.01,Warehouse,93.54,Low,5.06,5.08,"₹ 3,440.14","₹ 3,453.74",₹ 13.60,0.39%,13.67
BATCH01778,Barley,North,Rabi,426.48,10.08,36.93,4.2,0.8,5,B,4.42,Warehouse,82.05,Medium,5.12,6.04,"₹ 2,183.58","₹ 2,575.94",₹ 392.36,15.23%,18.85
BATCH01779,Barley,West,Kharif,665.62,13.04,34.65,0.4,3.1,11,B,1.21,Transit,96.44,Low,5.97,13.58,"₹ 3,973.75","₹ 9,039.12","₹ 5,065.37",56.04%,8.05
BATCH01780,Rice,West,Kharif,475.69,13.45,32.22,5.9,2.1,9,C,7.68,Transit,92.12,High,5.2,5.85,"₹ 2,473.59","₹ 2,782.79",₹ 309.20,11.11%,36.53
BATCH01781,Barley,East,Rabi,500.23,10.84,36.41,0.8,0.5,5,B,4.31,Farm,50.45,High,9.41,7.14,"₹ 4,707.16","₹ 3,571.64","-₹ 1,135.52",-31.79%,21.56
BATCH01782,Barley,West,Rabi,607.04,17.48,28.08,1.2,0.3,25,C,3.76,Transit,83.47,High,3.29,7.31,"₹ 1,997.16","₹ 4,437.46","₹ 2,440.30",54.99%,22.82
BATCH01783,Rice,West,Kharif,627.19,16.42,24.43,2.5,0.3,1,B,5.34,Transit,65.23,High,4.64,11,"₹ 2,910.16","₹ 6,899.09","₹ 3,988.93",57.82%,33.49
BATCH01784,Maize,South,Rabi,488.92,15.22,30.24,1.8,0.8,25,C,7.24,Warehouse,72.73,Medium,8.66,10.77,"₹ 4,234.05","₹ 5,265.67","₹ 1,031.62",19.59%,35.40
BATCH01785,Barley,South,Rabi,461.18,8.78,30.98,0.8,0.1,14,C,5.91,Transit,54.7,Medium,8.84,7.89,"₹ 4,076.83","₹ 3,638.71",-₹ 438.12,-12.04%,27.26
BATCH01786,Barley,East,Rabi,494.41,9.06,30.77,1.6,0.8,5,A,8.12,Transit,64.1,Medium,3.78,7.08,"₹ 1,868.87","₹ 3,500.42","₹ 1,631.55",46.61%,40.15
BATCH01787,Barley,North,Rabi,533.8,12.93,31.3,2.6,0,8,B,6.48,Transit,81.63,Low,9.82,12.65,"₹ 5,241.92","₹ 6,752.57","₹ 1,510.65",22.37%,34.59
BATCH01788,Wheat,South,Kharif,589.13,9.61,38.97,0.1,0.4,21,C,7.99,Farm,60.92,Medium,7.85,14.35,"₹ 4,624.67","₹ 8,454.02","₹ 3,829.35",45.30%,47.07
BATCH01789,Rice,North,Rabi,500.42,17.78,38.04,0,0.2,14,A,7.12,Transit,82.38,Low,4.91,5.53,"₹ 2,457.06","₹ 2,767.32",₹ 310.26,11.21%,35.63
BATCH01790,Wheat,West,Kharif,561.89,9.59,37.51,1.2,3.5,28,B,2.33,Farm,96.15,Low,6.19,6.33,"₹ 3,478.10","₹ 3,556.76",₹ 78.66,2.21%,13.09
BATCH01791,Rice,South,Kharif,663.84,12.87,36.03,0.3,1.3,16,A,1,Warehouse,50.25,Medium,5.08,11.42,"₹ 3,372.31","₹ 7,581.05","₹ 4,208.75",55.52%,6.64
BATCH01792,Maize,East,Kharif,538.13,11.64,38.87,2.2,0.4,6,C,9.08,Transit,89.29,Low,4.05,13.04,"₹ 2,179.43","₹ 7,017.22","₹ 4,837.79",68.94%,48.86
BATCH01793,Maize,East,Kharif,531.17,14.39,21.97,0.5,0.1,8,A,9.48,Farm,82.07,High,5.04,12.91,"₹ 2,677.10","₹ 6,857.40","₹ 4,180.31",60.96%,50.35
BATCH01794,Barley,East,Rabi,348.11,9.29,25.3,1.1,0.7,2,A,7.41,Warehouse,52.33,Medium,7.06,12.2,"₹ 2,457.66","₹ 4,246.94","₹ 1,789.29",42.13%,25.79
BATCH01795,Rice,South,Rabi,236.93,12.3,29.9,0.4,0.2,19,B,7.38,Transit,89.51,Medium,8.78,13.87,"₹ 2,080.25","₹ 3,286.22","₹ 1,205.97",36.70%,17.49
BATCH01796,Maize,North,Kharif,538.84,10.75,36.93,1.6,0.8,27,C,3.07,Farm,61.23,Low,5.54,7.17,"₹ 2,985.17","₹ 3,863.48",₹ 878.31,22.73%,16.54
BATCH01797,Rice,West,Kharif,490.52,16.88,30.1,0.2,1.8,9,B,5.65,Farm,63.29,Medium,5.44,6.07,"₹ 2,668.43","₹ 2,977.46",₹ 309.03,10.38%,27.71
BATCH01798,Maize,North,Kharif,448.52,8.41,34.96,0,1,5,B,9.93,Warehouse,54.68,Medium,6.28,11.15,"₹ 2,816.71","₹ 5,001.00","₹ 2,184.29",43.68%,44.54
BATCH01799,Wheat,North,Kharif,524.35,17.14,22.78,0.1,1,5,A,8.63,Transit,76.72,Low,7.51,13.22,"₹ 3,937.87","₹ 6,931.91","₹ 2,994.04",43.19%,45.25
BATCH01800,Maize,West,Rabi,493.96,16.33,25.05,6.2,0.8,25,C,3.39,Transit,74.91,Medium,8.26,10.82,"₹ 4,080.11","₹ 5,344.65","₹ 1,264.54",23.66%,16.75
BATCH01801,Wheat,West,Kharif,612.78,10.98,34.64,0.3,2.6,26,B,3.36,Transit,67.36,Medium,5.29,14.63,"₹ 3,241.61","₹ 8,964.97","₹ 5,723.37",63.84%,20.59
BATCH01802,Maize,South,Rabi,508.61,15.89,23.29,2.5,2.7,19,C,5.09,Farm,58.44,Medium,7.1,12.96,"₹ 3,611.13","₹ 6,591.59","₹ 2,980.45",45.22%,25.89
BATCH01803,Barley,South,Kharif,425.31,8.31,27.03,0.1,0.7,4,B,4.34,Transit,91.9,Low,5.73,12.01,"₹ 2,437.03","₹ 5,107.97","₹ 2,670.95",52.29%,18.46
BATCH01804,Wheat,South,Kharif,599.02,17.67,25.3,0.2,0.4,16,A,4.03,Farm,93.82,Medium,8.01,5.6,"₹ 4,798.15","₹ 3,354.51","-₹ 1,443.64",-43.04%,24.14
BATCH01805,Maize,South,Kharif,478.29,13.27,27,1.4,0.6,16,B,6.46,Farm,77.03,Medium,4.15,6.08,"₹ 1,984.90","₹ 2,908.00",₹ 923.10,31.74%,30.90
BATCH01806,Barley,South,Kharif,552.65,11.03,34.17,1.3,0.2,16,B,0.61,Warehouse,62.21,Medium,4.8,12.85,"₹ 2,652.72","₹ 7,101.55","₹ 4,448.83",62.65%,3.37
BATCH01807,Wheat,West,Rabi,452.26,11.63,27.36,6.1,1,7,B,7.75,Farm,54.81,High,5.98,6.98,"₹ 2,704.51","₹ 3,156.77",₹ 452.26,14.33%,35.05
BATCH01808,Barley,North,Rabi,435.02,8.66,31.11,5.8,0.7,18,C,7.53,Warehouse,93.43,Medium,9.23,5.29,"₹ 4,015.23","₹ 2,301.26","-₹ 1,713.98",-74.48%,32.76
BATCH01809,Rice,South,Rabi,508.42,17.89,22,3,0.1,24,A,8.39,Warehouse,54.8,Low,7.01,14.11,"₹ 3,564.02","₹ 7,173.81","₹ 3,609.78",50.32%,42.66
BATCH01810,Rice,South,Kharif,501.28,8.39,36.1,1.8,0.2,21,C,8.49,Transit,50.66,High,9.76,13.91,"₹ 4,892.49","₹ 6,972.80","₹ 2,080.31",29.83%,42.56
BATCH01811,Wheat,North,Kharif,547.98,14.55,27.4,1.2,0.7,1,B,5.88,Warehouse,73.47,Low,3.72,7.18,"₹ 2,038.49","₹ 3,934.50","₹ 1,896.01",48.19%,32.22
BATCH01812,Maize,South,Rabi,473.14,12.43,32.97,0.9,2.2,3,A,7.91,Transit,86.56,Medium,6.22,12.8,"₹ 2,942.93","₹ 6,056.19","₹ 3,113.26",51.41%,37.43
BATCH01813,Wheat,North,Rabi,316.36,17.49,34.51,5.9,0.8,25,C,5.18,Warehouse,72.88,Medium,5.93,5.48,"₹ 1,876.01","₹ 1,733.65",-₹ 142.36,-8.21%,16.39
BATCH01814,Barley,North,Kharif,456.72,10.46,24.19,1.8,1.1,21,B,9.54,Farm,52.57,Medium,7.2,7.85,"₹ 3,288.38","₹ 3,585.25",₹ 296.87,8.28%,43.57
BATCH01815,Maize,West,Kharif,579.38,13.32,37.69,1.7,0.4,8,A,2.31,Transit,84.5,High,8.68,11.24,"₹ 5,029.02","₹ 6,512.23","₹ 1,483.21",22.78%,13.38
BATCH01816,Rice,East,Rabi,470.26,12.82,32.32,0.5,0.8,1,A,9.2,Farm,82.12,Medium,8.89,12.63,"₹ 4,180.61","₹ 5,939.38","₹ 1,758.77",29.61%,43.26
BATCH01817,Maize,West,Kharif,475.36,15.03,28.57,0.1,0.6,7,B,2.96,Transit,84.08,Low,7.69,5.1,"₹ 3,655.52","₹ 2,424.34","-₹ 1,231.18",-50.78%,14.07
BATCH01818,Rice,East,Kharif,598.64,8.68,23.65,5.8,1.1,7,A,1.48,Farm,60.56,High,7.49,8.26,"₹ 4,483.81","₹ 4,944.77",₹ 460.95,9.32%,8.86
BATCH01819,Maize,East,Rabi,428.8,9.94,38.85,0.8,0.1,8,A,4.67,Warehouse,89.78,Low,9.64,7.14,"₹ 4,133.63","₹ 3,061.63","-₹ 1,072.00",-35.01%,20.02
BATCH01820,Maize,East,Kharif,345.72,10.15,35.1,1.2,0.7,19,C,6.34,Transit,73.96,Low,5.69,14.99,"₹ 1,967.15","₹ 5,182.34","₹ 3,215.20",62.04%,21.92
BATCH01821,Maize,South,Rabi,483.94,15.38,24.16,0.2,0.4,17,A,2.69,Transit,76.82,Low,8.83,11.71,"₹ 4,273.19","₹ 5,666.94","₹ 1,393.75",24.59%,13.02
BATCH01822,Barley,West,Kharif,451.58,9.89,26.75,3.6,0.4,11,C,5.78,Transit,77.29,Low,9.45,9.06,"₹ 4,267.43","₹ 4,091.31",-₹ 176.12,-4.30%,26.10
BATCH01823,Barley,East,Rabi,403.38,13.73,36.19,0.1,3.2,15,C,8.17,Warehouse,64.34,Low,6.44,5.76,"₹ 2,597.77","₹ 2,323.47",-₹ 274.30,-11.81%,32.96
BATCH01824,Wheat,North,Kharif,482.46,10.15,33.91,3.6,0.2,9,C,2.94,Farm,62.51,Medium,8.1,10.99,"₹ 3,907.93","₹ 5,302.24","₹ 1,394.31",26.30%,14.18
BATCH01825,Wheat,South,Rabi,549.15,16.62,35.32,0.3,0.4,17,C,6.01,Warehouse,50.24,Low,5.64,11.42,"₹ 3,097.21","₹ 6,271.29","₹ 3,174.09",50.61%,33.00
BATCH01826,Rice,West,Rabi,499.07,17.42,28.82,4.4,0.7,11,A,3.72,Warehouse,69.83,Low,4.11,13.16,"₹ 2,051.18","₹ 6,567.76","₹ 4,516.58",68.77%,18.57
BATCH01827,Barley,East,Rabi,530.7,13.18,34.33,2.6,2,6,A,5.53,Warehouse,74.26,Medium,7.11,7.89,"₹ 3,773.28","₹ 4,187.22",₹ 413.95,9.89%,29.35
BATCH01828,Rice,North,Rabi,681.34,11.52,27.73,0.4,0.5,9,C,6.84,Farm,87.14,High,4.38,14.81,"₹ 2,984.27","₹ 10,090.65","₹ 7,106.38",70.43%,46.60
BATCH01829,Wheat,West,Kharif,465.71,10.34,24.23,1.7,1.4,18,A,3.83,Warehouse,53.33,Medium,6.2,9.39,"₹ 2,887.40","₹ 4,373.02","₹ 1,485.61",33.97%,17.84
BATCH01830,Rice,West,Kharif,527.83,8.5,32.65,0.7,1.9,20,C,9.95,Transit,96.2,High,9.11,7.96,"₹ 4,808.53","₹ 4,201.53",-₹ 607.00,-14.45%,52.52
BATCH01831,Wheat,South,Rabi,449.08,10.69,39.52,0.4,0.4,2,C,5.86,Warehouse,63.2,Low,3.6,8.48,"₹ 1,616.69","₹ 3,808.20","₹ 2,191.51",57.55%,26.32
BATCH01832,Barley,West,Kharif,415.36,14.54,26.21,3.9,0.5,4,C,8.33,Farm,68.34,Medium,3.21,10.2,"₹ 1,333.31","₹ 4,236.67","₹ 2,903.37",68.53%,34.60
BATCH01833,Maize,South,Kharif,441.51,13.34,29.22,1,0.4,18,B,7.39,Transit,52.42,High,7.25,14.37,"₹ 3,200.95","₹ 6,344.50","₹ 3,143.55",49.55%,32.63
BATCH01834,Barley,East,Kharif,452.12,17.44,33.48,1,1.8,28,A,8.6,Farm,82.66,High,5.32,12.35,"₹ 2,405.28","₹ 5,583.68","₹ 3,178.40",56.92%,38.88
BATCH01835,Rice,South,Kharif,535.95,11.96,30.83,0.4,0,1,A,2.15,Warehouse,85.45,Medium,5.93,10.77,"₹ 3,178.18","₹ 5,772.18","₹ 2,594.00",44.94%,11.52
BATCH01836,Rice,North,Kharif,734.91,14.94,36.87,1,0.4,11,C,2.61,Farm,96.44,Medium,5.84,6.63,"₹ 4,291.87","₹ 4,872.45",₹ 580.58,11.92%,19.18
BATCH01837,Barley,South,Rabi,428.4,12.89,35.23,4.1,1.1,3,A,5.13,Transit,66.84,Medium,3.61,6.49,"₹ 1,546.52","₹ 2,780.32","₹ 1,233.79",44.38%,21.98
BATCH01838,Barley,North,Rabi,458.34,13.13,21.17,0.9,0.8,8,C,8.6,Farm,62.87,Medium,3.02,10.02,"₹ 1,384.19","₹ 4,592.57","₹ 3,208.38",69.86%,39.42
BATCH01839,Wheat,South,Rabi,493.69,10.68,39.97,6.1,0.6,5,A,2.38,Transit,86.3,Medium,9.29,12.29,"₹ 4,586.38","₹ 6,067.45","₹ 1,481.07",24.41%,11.75
BATCH01840,Rice,West,Rabi,539.58,12.55,35.05,5.8,0.8,20,C,9.73,Transit,85.34,Low,4.52,12.51,"₹ 2,438.90","₹ 6,750.15","₹ 4,311.24",63.87%,52.50
BATCH01841,Rice,East,Kharif,526.36,12.71,37.28,0.3,0.2,21,C,1.71,Warehouse,96.86,Low,5.98,7.26,"₹ 3,147.63","₹ 3,821.37",₹ 673.74,17.63%,9.00
BATCH01842,Barley,North,Kharif,628.41,15.07,33.02,0.4,0.6,22,B,2.16,Warehouse,60.27,Medium,9.8,6,"₹ 6,158.42","₹ 3,770.46","-₹ 2,387.96",-63.33%,13.57
BATCH01843,Maize,South,Rabi,257.36,17.41,37.13,4,0.7,22,C,2.09,Transit,85.26,Medium,8.79,8.84,"₹ 2,262.19","₹ 2,275.06",₹ 12.87,0.57%,5.38
BATCH01844,Rice,South,Kharif,261.31,11.29,22.25,1,2.3,5,B,6.07,Farm,53.34,Low,3.76,14.18,₹ 982.53,"₹ 3,705.38","₹ 2,722.85",73.48%,15.86
BATCH01845,Maize,South,Kharif,450.41,8.42,26.95,0,0.3,28,A,9.22,Transit,74.02,High,6.56,10.45,"₹ 2,954.69","₹ 4,706.78","₹ 1,752.09",37.22%,41.53
BATCH01846,Barley,West,Rabi,609.73,12.96,37.53,0.6,2,11,A,2.92,Warehouse,55.97,Low,8.11,8.2,"₹ 4,944.91","₹ 4,999.79",₹ 54.88,1.10%,17.80
BATCH01847,Barley,West,Kharif,343.44,13.44,24.03,1.8,1,12,B,5.75,Farm,82.66,Medium,7.89,8.24,"₹ 2,709.74","₹ 2,829.95",₹ 120.20,4.25%,19.75
BATCH01848,Wheat,North,Rabi,199.24,9.68,21.56,3.2,0,22,A,2.17,Transit,80.07,High,8.33,6.32,"₹ 1,659.67","₹ 1,259.20",-₹ 400.47,-31.80%,4.32
BATCH01849,Rice,North,Rabi,557.12,15.6,35.76,0.3,1.3,9,B,6.5,Warehouse,52.44,Medium,6.2,9.73,"₹ 3,454.14","₹ 5,420.78","₹ 1,966.63",36.28%,36.21
BATCH01850,Maize,West,Kharif,524.37,17.85,36.71,0.2,0,21,A,1.67,Transit,65.98,High,4.23,12.91,"₹ 2,218.09","₹ 6,769.62","₹ 4,551.53",67.23%,8.76
BATCH01851,Wheat,North,Kharif,390.98,17.46,23.25,5.1,5.9,13,B,5.17,Transit,69.75,Medium,6.25,14.69,"₹ 2,443.63","₹ 5,743.50","₹ 3,299.87",57.45%,20.21
BATCH01852,Rice,East,Rabi,401.45,9.97,37.09,2.8,2.1,22,B,6.72,Transit,62.4,Low,7.54,10.02,"₹ 3,026.93","₹ 4,022.53",₹ 995.60,24.75%,26.98
BATCH01853,Wheat,East,Rabi,403.03,16.75,33.74,1.8,0.4,20,C,6,Farm,51.93,Medium,7.26,6.67,"₹ 2,926.00","₹ 2,688.21",-₹ 237.79,-8.85%,24.18
BATCH01854,Barley,West,Kharif,511.05,15.04,30.4,2.9,0.3,29,A,1.83,Warehouse,65.94,Low,3.49,11.83,"₹ 1,783.56","₹ 6,045.72","₹ 4,262.16",70.50%,9.35
BATCH01855,Rice,North,Rabi,437.37,12.54,36.61,1.1,0.5,3,C,2.03,Warehouse,89.63,High,3.45,12.57,"₹ 1,508.93","₹ 5,497.74","₹ 3,988.81",72.55%,8.88
BATCH01856,Wheat,South,Rabi,549.41,13.41,28.38,2.8,0.4,13,B,6.88,Transit,68.01,Low,9.76,5.72,"₹ 5,362.24","₹ 3,142.63","-₹ 2,219.62",-70.63%,37.80
BATCH01857,Wheat,East,Rabi,214.54,16.5,23.88,0.9,0.5,28,C,8.18,Transit,66.17,High,4.06,13.5,₹ 871.03,"₹ 2,896.29","₹ 2,025.26",69.93%,17.55
BATCH01858,Maize,West,Kharif,414.31,12.8,25.7,0.6,0.4,22,B,9.13,Transit,97.09,Medium,5.06,13.29,"₹ 2,096.41","₹ 5,506.18","₹ 3,409.77",61.93%,37.83
BATCH01859,Wheat,North,Rabi,387.39,11.73,30.1,2.6,1,11,A,8.23,Farm,52.08,Low,8.37,9.73,"₹ 3,242.45","₹ 3,769.30",₹ 526.85,13.98%,31.88
BATCH01860,Rice,West,Kharif,474.37,12.93,30.63,1.1,0.2,11,A,9.75,Warehouse,88.36,High,5.87,10.6,"₹ 2,784.55","₹ 5,028.32","₹ 2,243.77",44.62%,46.25
BATCH01861,Rice,South,Rabi,446.2,13.79,36.11,8,1.9,21,A,4.38,Transit,74.15,High,4.27,12.13,"₹ 1,905.27","₹ 5,412.41","₹ 3,507.13",64.80%,19.54
BATCH01862,Maize,East,Kharif,579.78,9.89,35.83,0.9,1.7,20,B,3.65,Warehouse,97.22,High,6.27,11.77,"₹ 3,635.22","₹ 6,824.01","₹ 3,188.79",46.73%,21.16
BATCH01863,Rice,West,Rabi,314.07,17.01,31.63,5.1,0.6,21,C,0.77,Transit,69.67,High,6.98,5.17,"₹ 2,192.21","₹ 1,623.74",-₹ 568.47,-35.01%,2.42
BATCH01864,Barley,West,Kharif,504.55,14.74,35.62,5.4,1.9,7,A,4.77,Warehouse,85.4,Medium,6.17,6.22,"₹ 3,113.07","₹ 3,138.30",₹ 25.23,0.80%,24.07
BATCH01865,Rice,West,Kharif,555.83,14.33,23.84,0.6,0.3,17,B,6.69,Transit,53.5,Medium,9.43,6.63,"₹ 5,241.48","₹ 3,685.15","-₹ 1,556.32",-42.23%,37.19
BATCH01866,Rice,South,Kharif,685.66,8.99,21,3.2,0,16,C,8.25,Farm,96.44,Medium,4.99,12.56,"₹ 3,421.44","₹ 8,611.89","₹ 5,190.45",60.27%,56.57
BATCH01867,Wheat,West,Rabi,451.82,14.04,37.47,1.1,1,14,B,3.04,Transit,67.23,High,7.63,9.4,"₹ 3,447.39","₹ 4,247.11",₹ 799.72,18.83%,13.74
BATCH01868,Wheat,South,Rabi,532.45,9.21,21.51,5,0.6,1,B,5.38,Transit,76.2,Medium,3.79,10.46,"₹ 2,017.99","₹ 5,569.43","₹ 3,551.44",63.77%,28.65
BATCH01869,Rice,South,Rabi,319.61,8.79,24.93,1.2,0.8,11,A,6.79,Transit,56.92,High,5.75,12.73,"₹ 1,837.76","₹ 4,068.64","₹ 2,230.88",54.83%,21.70
BATCH01870,Maize,South,Kharif,260.8,13.27,33.91,2.7,2.3,13,B,5.74,Transit,97.28,High,8.19,8.41,"₹ 2,135.95","₹ 2,193.33",₹ 57.38,2.62%,14.97
BATCH01871,Wheat,East,Rabi,584.48,12.03,28.19,1.3,3.5,1,B,3.1,Transit,83.65,High,4.57,12.49,"₹ 2,671.07","₹ 7,300.16","₹ 4,629.08",63.41%,18.12
BATCH01872,Maize,East,Kharif,499.44,13.89,37.53,0.5,1,2,C,8.06,Warehouse,52.7,Low,7.13,9.42,"₹ 3,561.01","₹ 4,704.72","₹ 1,143.72",24.31%,40.25
BATCH01873,Rice,West,Rabi,617.85,8.89,25.96,0.4,1.4,9,A,2.15,Warehouse,57.76,Medium,4.07,8.77,"₹ 2,514.65","₹ 5,418.54","₹ 2,903.90",53.59%,13.28
BATCH01874,Rice,West,Kharif,362.66,12.31,20.24,1.1,0.1,13,B,9.1,Farm,69.99,Medium,3.72,8.33,"₹ 1,349.10","₹ 3,020.96","₹ 1,671.86",55.34%,33.00
BATCH01875,Barley,East,Kharif,551.99,9.75,26.01,2.8,0.2,5,B,9.55,Transit,60.84,Low,6.66,14.65,"₹ 3,676.25","₹ 8,086.65","₹ 4,410.40",54.54%,52.72
BATCH01876,Wheat,North,Kharif,686.88,17.87,31.56,1.9,1.3,9,C,3.97,Warehouse,65.23,Low,7.73,12.72,"₹ 5,309.58","₹ 8,737.11","₹ 3,427.53",39.23%,27.27
BATCH01877,Rice,East,Rabi,541.97,13.61,27.52,2.3,0.6,13,B,4.07,Warehouse,99.87,Low,3.79,5.2,"₹ 2,054.07","₹ 2,818.24",₹ 764.18,27.12%,22.06
BATCH01878,Barley,South,Rabi,527.66,14.87,30.7,0.7,0.6,5,B,7.56,Transit,82.93,Low,9.42,14.57,"₹ 4,970.56","₹ 7,688.01","₹ 2,717.45",35.35%,39.89
BATCH01879,Wheat,East,Rabi,500.86,11.25,37.53,1.3,0.4,15,B,4.83,Transit,96.11,High,4.58,12.75,"₹ 2,293.94","₹ 6,385.97","₹ 4,092.03",64.08%,24.19
BATCH01880,Rice,South,Kharif,342.91,8.95,38.25,0.1,0.9,7,B,0.77,Farm,71.79,Medium,3.84,6.49,"₹ 1,316.77","₹ 2,225.49",₹ 908.71,40.83%,2.64
BATCH01881,Rice,West,Kharif,635.56,17.76,25.32,3.4,0.2,14,B,9.24,Farm,85.51,Medium,4.42,5.76,"₹ 2,809.18","₹ 3,660.83",₹ 851.65,23.26%,58.73
BATCH01882,Wheat,North,Rabi,438.91,10.86,29.24,9.2,1,16,C,4.59,Warehouse,72.98,Medium,4.19,8.08,"₹ 1,839.03","₹ 3,546.39","₹ 1,707.36",48.14%,20.15
BATCH01883,Wheat,West,Rabi,550.45,12.24,30.98,1,0.2,6,B,2.43,Farm,66.41,High,3.63,11.24,"₹ 1,998.13","₹ 6,187.06","₹ 4,188.92",67.70%,13.38
BATCH01884,Wheat,South,Rabi,343.7,14.5,38.98,0,0.1,2,B,5.78,Warehouse,75.96,Medium,8.58,11.17,"₹ 2,948.95","₹ 3,839.13",₹ 890.18,23.19%,19.87
BATCH01885,Rice,South,Kharif,382.05,8.25,39.97,0.4,0.4,16,B,2.58,Farm,71.37,Low,6.47,7.76,"₹ 2,471.86","₹ 2,964.71",₹ 492.84,16.62%,9.86
BATCH01886,Rice,South,Kharif,643.51,16.1,24.71,2.1,0.3,19,B,2.46,Transit,99.03,Medium,5.72,9.46,"₹ 3,680.88","₹ 6,087.60","₹ 2,406.73",39.53%,15.83
BATCH01887,Barley,North,Kharif,465.27,13.37,34.54,1.9,2.2,5,A,5.68,Farm,74.81,Medium,9.65,7.12,"₹ 4,489.86","₹ 3,312.72","-₹ 1,177.13",-35.53%,26.43
BATCH01888,Maize,East,Kharif,645.33,10.78,27.56,3.1,0.1,4,A,4.21,Warehouse,90.56,High,5.6,5.51,"₹ 3,613.85","₹ 3,555.77",-₹ 58.08,-1.63%,27.17
BATCH01889,Wheat,West,Kharif,492.18,8.62,20.16,0.6,0.2,14,A,5.94,Farm,83.34,Low,4.17,10.17,"₹ 2,052.39","₹ 5,005.47","₹ 2,953.08",59.00%,29.24
BATCH01890,Rice,West,Rabi,315.81,9.62,20.19,2.9,0.8,27,A,9.97,Warehouse,73.98,Low,4.92,8.47,"₹ 1,553.79","₹ 2,674.91","₹ 1,121.13",41.91%,31.49
BATCH01891,Rice,East,Kharif,589.21,16.95,29.21,2.3,0.7,6,C,8.66,Warehouse,73.71,Low,4.67,10.43,"₹ 2,751.61","₹ 6,145.46","₹ 3,393.85",55.23%,51.03
BATCH01892,Wheat,West,Kharif,441.01,14.86,29.77,0.8,0,8,A,0.57,Farm,67.09,Medium,6.49,14.47,"₹ 2,862.15","₹ 6,381.41","₹ 3,519.26",55.15%,2.51
BATCH01893,Maize,North,Kharif,569.87,10.5,20.45,1.6,0,24,C,0.98,Farm,55.35,Low,5.04,6.43,"₹ 2,872.14","₹ 3,664.26",₹ 792.12,21.62%,5.58
BATCH01894,Wheat,West,Kharif,502.52,8.66,33.74,0.3,4.4,3,A,6.3,Warehouse,88.07,Low,6.61,5.02,"₹ 3,321.66","₹ 2,522.65",-₹ 799.01,-31.67%,31.66
BATCH01895,Maize,South,Kharif,345.69,14.91,25.88,1.2,1.1,4,C,6.45,Transit,95.9,Medium,7.69,5.77,"₹ 2,658.36","₹ 1,994.63",-₹ 663.72,-33.28%,22.30
BATCH01896,Rice,East,Rabi,516.43,13.72,31.2,4.3,0.5,1,A,8.84,Farm,60.9,High,8.44,9.63,"₹ 4,358.67","₹ 4,973.22",₹ 614.55,12.36%,45.65
BATCH01897,Maize,North,Kharif,719.62,12.05,26.02,1.1,0.6,2,B,6.48,Warehouse,96.28,Medium,7.97,12.07,"₹ 5,735.37","₹ 8,685.81","₹ 2,950.44",33.97%,46.63
BATCH01898,Barley,East,Kharif,549.3,11.64,23.34,3.7,0.3,13,A,2.66,Transit,61.62,High,4.44,10.81,"₹ 2,438.89","₹ 5,937.93","₹ 3,499.04",58.93%,14.61
BATCH01899,Rice,North,Kharif,494.25,10.17,28.14,1.8,0.4,9,A,4.95,Warehouse,76.5,High,3.81,9.95,"₹ 1,883.09","₹ 4,917.79","₹ 3,034.70",61.71%,24.47
BATCH01900,Barley,South,Rabi,607.53,14.7,24.65,0.4,1,12,A,8.19,Farm,67.18,Low,6.8,8.54,"₹ 4,131.20","₹ 5,188.31","₹ 1,057.10",20.37%,49.76
BATCH01901,Wheat,East,Rabi,521.07,17.71,30.7,1.7,2.1,10,B,9.27,Warehouse,55.73,Low,4.39,8.1,"₹ 2,287.50","₹ 4,220.67","₹ 1,933.17",45.80%,48.30
BATCH01902,Wheat,West,Rabi,520.95,9.76,23.98,1.4,0.2,10,C,2.75,Warehouse,52.64,Medium,3.59,8.76,"₹ 1,870.21","₹ 4,563.52","₹ 2,693.31",59.02%,14.33
BATCH01903,Wheat,North,Kharif,390.84,13.97,30.17,1,1.8,18,C,5.63,Warehouse,68.27,High,6.69,11.12,"₹ 2,614.72","₹ 4,346.14","₹ 1,731.42",39.84%,22.00
BATCH01904,Maize,East,Rabi,523.38,12.24,23.15,0.3,0.1,12,B,2.01,Farm,52.37,Medium,5.29,6.68,"₹ 2,768.68","₹ 3,496.18",₹ 727.50,20.81%,10.52
BATCH01905,Rice,West,Kharif,603.54,12.47,33.42,1.1,0.2,22,A,5.22,Transit,55.21,Low,8.29,12.71,"₹ 5,003.35","₹ 7,670.99","₹ 2,667.65",34.78%,31.50
BATCH01906,Wheat,East,Kharif,416.39,10.54,35.08,0.2,0,16,A,1.36,Transit,57.11,High,5.2,10.75,"₹ 2,165.23","₹ 4,476.19","₹ 2,310.96",51.63%,5.66
BATCH01907,Wheat,East,Rabi,642.45,16.25,22.21,0.2,0.2,23,A,9.45,Transit,50.1,Low,9.85,7.69,"₹ 6,328.13","₹ 4,940.44","-₹ 1,387.69",-28.09%,60.71
BATCH01908,Rice,East,Kharif,490.83,12.85,29.36,1.1,2.5,6,C,6.56,Transit,57.66,Low,8.31,10.01,"₹ 4,078.80","₹ 4,913.21",₹ 834.41,16.98%,32.20
BATCH01909,Wheat,North,Kharif,411.22,13.43,21.42,0.7,0.6,24,C,8.62,Farm,78.86,Low,3.4,14.63,"₹ 1,398.15","₹ 6,016.15","₹ 4,618.00",76.76%,35.45
BATCH01910,Barley,West,Kharif,599.76,11.05,31.96,5.2,0.1,25,B,9.98,Warehouse,90.98,High,6.56,5.2,"₹ 3,934.43","₹ 3,118.75",-₹ 815.67,-26.15%,59.86
BATCH01911,Rice,South,Rabi,471.32,9.82,25.29,0.9,3.2,24,B,2.24,Transit,59.67,High,6.94,7,"₹ 3,270.96","₹ 3,299.24",₹ 28.28,0.86%,10.56
BATCH01912,Rice,North,Kharif,575.95,8.86,30.55,2.8,2.1,21,C,7.09,Transit,54.04,Low,7.87,9.48,"₹ 4,532.73","₹ 5,460.01",₹ 927.28,16.98%,40.83
BATCH01913,Rice,North,Kharif,470.82,15.14,30.35,1.5,1.4,24,A,8.93,Farm,86.48,High,6.48,11.38,"₹ 3,050.91","₹ 5,357.93","₹ 2,307.02",43.06%,42.04
BATCH01914,Barley,North,Rabi,494.02,9.96,38.49,2.4,2.7,10,A,5.97,Warehouse,50.41,Low,6.38,7.12,"₹ 3,151.85","₹ 3,517.42",₹ 365.57,10.39%,29.49
BATCH01915,Rice,South,Kharif,549.36,14.9,30.98,0.6,0.2,15,A,6.58,Warehouse,86.71,Low,5.58,14.31,"₹ 3,065.43","₹ 7,861.34","₹ 4,795.91",61.01%,36.15
BATCH01916,Barley,West,Kharif,529.09,11.9,31.66,5.7,1.8,26,A,4.37,Transit,56.56,Low,4.9,11.43,"₹ 2,592.54","₹ 6,047.50","₹ 3,454.96",57.13%,23.12
BATCH01917,Rice,West,Rabi,300.45,12.16,28.03,1.5,1.2,9,B,6.91,Transit,61.41,High,9.62,13.77,"₹ 2,890.33","₹ 4,137.20","₹ 1,246.87",30.14%,20.76
BATCH01918,Maize,West,Kharif,387.88,12.69,38.98,3.6,2,24,B,4.26,Warehouse,56,Medium,5.22,8.29,"₹ 2,024.73","₹ 3,215.53","₹ 1,190.79",37.03%,16.52
BATCH01919,Wheat,East,Kharif,592.94,11.68,35.54,0.9,1.6,2,C,5.03,Farm,62.37,Medium,3.44,13.29,"₹ 2,039.71","₹ 7,880.17","₹ 5,840.46",74.12%,29.82
BATCH01920,Maize,East,Kharif,486.79,9.01,25.71,0.2,0.4,18,B,1.48,Warehouse,89.91,High,4.17,8.78,"₹ 2,029.91","₹ 4,274.02","₹ 2,244.10",52.51%,7.20
BATCH01921,Wheat,East,Kharif,447.63,11.1,36.88,2.2,1.5,12,A,0.57,Warehouse,56.63,High,9,7.53,"₹ 4,028.67","₹ 3,370.65",-₹ 658.02,-19.52%,2.55
BATCH01922,Barley,South,Kharif,364.14,14.64,28.65,0,0.3,3,C,1.02,Transit,99.71,Low,7.11,14.12,"₹ 2,589.04","₹ 5,141.66","₹ 2,552.62",49.65%,3.71
BATCH01923,Maize,East,Rabi,392.03,14.66,36.57,1.3,0.4,7,B,2.33,Farm,66.35,Low,8.45,5.92,"₹ 3,312.65","₹ 2,320.82",-₹ 991.84,-42.74%,9.13
BATCH01924,Rice,South,Rabi,297.82,10.86,36.46,0.4,0.1,9,B,4.84,Farm,96.1,Medium,8.66,14.43,"₹ 2,579.12","₹ 4,297.54","₹ 1,718.42",39.99%,14.41
BATCH01925,Wheat,West,Rabi,489.87,12.6,23.78,2,2.7,8,B,0.7,Farm,59.5,Low,8.76,9.59,"₹ 4,291.26","₹ 4,697.85",₹ 406.59,8.65%,3.43
BATCH01926,Wheat,East,Rabi,440.16,9.93,34.02,7.8,0.3,25,B,1.98,Transit,59.39,Medium,6.85,14.93,"₹ 3,015.10","₹ 6,571.59","₹ 3,556.49",54.12%,8.72
BATCH01927,Maize,East,Kharif,403.34,10.1,25.81,1.2,0.7,6,B,7.92,Farm,78.27,Medium,4.24,10.4,"₹ 1,710.16","₹ 4,194.74","₹ 2,484.57",59.23%,31.94
BATCH01928,Barley,North,Kharif,493.19,8.23,25.95,3.4,0.5,1,A,7.74,Farm,52.53,High,4.04,12.57,"₹ 1,992.49","₹ 6,199.40","₹ 4,206.91",67.86%,38.17
BATCH01929,Maize,South,Kharif,536.4,16.97,25.93,1.4,3.2,14,A,8,Transit,90.05,High,7.02,5.07,"₹ 3,765.53","₹ 2,719.55","-₹ 1,045.98",-38.46%,42.91
BATCH01930,Barley,West,Kharif,709.32,10.11,34.51,1.4,0.4,16,A,9.25,Warehouse,71.98,High,5.57,9.97,"₹ 3,950.91","₹ 7,071.92","₹ 3,121.01",44.13%,65.61
BATCH01931,Barley,North,Kharif,348.81,10.28,24.6,5.3,1.5,28,B,1.63,Farm,84.96,Medium,6.91,12.37,"₹ 2,410.28","₹ 4,314.78","₹ 1,904.50",44.14%,5.69
BATCH01932,Wheat,North,Rabi,615.94,10.8,20.02,4.4,1.9,16,C,2.05,Warehouse,58.73,High,6.49,12.83,"₹ 3,997.45","₹ 7,902.51","₹ 3,905.06",49.42%,12.63
BATCH01933,Maize,West,Rabi,597.31,9.27,34.3,3.1,0.6,4,A,3.67,Farm,82.12,Medium,7.22,6.58,"₹ 4,312.58","₹ 3,930.30",-₹ 382.28,-9.73%,21.92
BATCH01934,Maize,North,Kharif,422.09,14.39,23.42,0.7,0.5,29,A,9.19,Warehouse,79.7,High,3.22,9.19,"₹ 1,359.13","₹ 3,879.01","₹ 2,519.88",64.96%,38.79
BATCH01935,Barley,South,Kharif,520.32,8.75,22.09,1.6,1.4,6,B,7.87,Warehouse,87.78,Medium,3.23,9.19,"₹ 1,680.63","₹ 4,781.74","₹ 3,101.11",64.85%,40.95
BATCH01936,Maize,South,Kharif,454.24,9.34,24.75,0.5,2.4,15,C,3.58,Transit,64.87,Low,8.05,6.04,"₹ 3,656.63","₹ 2,743.61",-₹ 913.02,-33.28%,16.26
BATCH01937,Rice,East,Rabi,518.57,14.45,27.6,1.2,1.4,28,A,1.33,Transit,96.66,Low,4.35,9.43,"₹ 2,255.78","₹ 4,890.12","₹ 2,634.34",53.87%,6.90
BATCH01938,Rice,North,Kharif,650.91,11.4,29.52,1.3,0.3,22,A,6.36,Farm,98.07,Medium,7.57,13.07,"₹ 4,927.39","₹ 8,507.39","₹ 3,580.01",42.08%,41.40
BATCH01939,Maize,East,Kharif,560.56,15.08,20.89,3.6,2.2,8,C,2.94,Farm,93.41,Medium,6.83,8,"₹ 3,828.62","₹ 4,484.48",₹ 655.86,14.63%,16.48
BATCH01940,Maize,North,Kharif,550.86,13.57,39.41,4.5,0.5,1,B,5.55,Transit,78.6,Low,9.87,9.33,"₹ 5,436.99","₹ 5,139.52",-₹ 297.46,-5.79%,30.57
BATCH01941,Barley,South,Rabi,456.97,10.56,34.32,1.1,0.9,13,C,9.45,Farm,71.01,Medium,8.85,14.61,"₹ 4,044.18","₹ 6,676.33","₹ 2,632.15",39.43%,43.18
BATCH01942,Rice,South,Kharif,351.59,14.51,26.46,0,1.8,27,B,5.94,Farm,52.9,Medium,5.89,5.32,"₹ 2,070.87","₹ 1,870.46",-₹ 200.41,-10.71%,20.88
BATCH01943,Rice,South,Rabi,479.15,9.16,26.37,4,0.2,18,A,9.28,Transit,97.36,Low,7.31,10.92,"₹ 3,502.59","₹ 5,232.32","₹ 1,729.73",33.06%,44.47
BATCH01944,Wheat,North,Rabi,620.66,13.36,28.97,0.4,1.5,18,C,4.23,Warehouse,97.59,Medium,3.82,12.43,"₹ 2,370.92","₹ 7,714.80","₹ 5,343.88",69.27%,26.25
BATCH01945,Barley,South,Rabi,347.28,12.37,32.52,1.9,0.9,13,C,6.52,Farm,50.93,High,5.7,12.61,"₹ 1,979.50","₹ 4,379.20","₹ 2,399.70",54.80%,22.64
BATCH01946,Wheat,North,Rabi,394.49,10.68,22.93,0.1,2.2,22,A,8.99,Transit,67.84,Low,8.14,12.16,"₹ 3,211.15","₹ 4,797.00","₹ 1,585.85",33.06%,35.46
BATCH01947,Rice,East,Rabi,512.63,14.04,23.78,1,0.2,14,A,6.09,Farm,94,High,7.36,12.26,"₹ 3,772.96","₹ 6,284.84","₹ 2,511.89",39.97%,31.22
BATCH01948,Barley,North,Rabi,401.53,16.71,37.19,8.5,0.5,11,B,6.34,Farm,54.04,Medium,6.39,5.59,"₹ 2,565.78","₹ 2,244.55",-₹ 321.22,-14.31%,25.46
BATCH01949,Maize,East,Kharif,420.75,17.99,25.13,0.2,1.8,7,A,7.3,Transit,59.83,Medium,4.24,10.34,"₹ 1,783.98","₹ 4,350.56","₹ 2,566.58",58.99%,30.71
BATCH01950,Barley,North,Kharif,457.64,14.08,27.6,1.1,0,18,A,8.88,Transit,98.93,High,8.62,12.83,"₹ 3,944.86","₹ 5,871.52","₹ 1,926.66",32.81%,40.64
BATCH01951,Maize,East,Kharif,363.44,12.05,37.43,0.7,0.1,21,C,1.34,Farm,92.36,Medium,4.91,5.94,"₹ 1,784.49","₹ 2,158.83",₹ 374.34,17.34%,4.87
BATCH01952,Maize,South,Rabi,402.59,10.25,33.26,4.7,4.7,22,B,3.7,Farm,95.6,Medium,8.74,5.12,"₹ 3,518.64","₹ 2,061.26","-₹ 1,457.38",-70.70%,14.90
BATCH01953,Barley,East,Kharif,570.34,10.57,26.83,4.1,0.3,4,A,4.28,Warehouse,57.11,High,7.28,13.15,"₹ 4,152.08","₹ 7,499.97","₹ 3,347.90",44.64%,24.41
BATCH01954,Maize,South,Rabi,369.26,12.79,33.67,0.5,3.7,17,C,9.14,Warehouse,60.57,Medium,5.61,12.12,"₹ 2,071.55","₹ 4,475.43","₹ 2,403.88",53.71%,33.75
BATCH01955,Wheat,South,Rabi,340.21,11.67,20.39,0.2,0.2,19,A,9.58,Transit,80.27,Low,3.28,9.12,"₹ 1,115.89","₹ 3,102.72","₹ 1,986.83",64.04%,32.59
BATCH01956,Rice,East,Rabi,437,17.14,34.71,2,0.4,14,A,1.64,Farm,75.09,High,4.63,14.4,"₹ 2,023.31","₹ 6,292.80","₹ 4,269.49",67.85%,7.17
BATCH01957,Maize,North,Kharif,573.2,11.68,29.74,0.8,1.4,10,A,1.63,Transit,64.93,High,9.22,12.67,"₹ 5,284.90","₹ 7,262.44","₹ 1,977.54",27.23%,9.34
BATCH01958,Wheat,North,Rabi,480.31,11.73,36.26,2.2,1.1,25,A,9.38,Transit,94.19,High,8.73,14.68,"₹ 4,193.11","₹ 7,050.95","₹ 2,857.84",40.53%,45.05
BATCH01959,Maize,West,Rabi,453.54,11.84,39.09,0.1,0.9,29,B,3.31,Farm,95.07,High,7.02,14.29,"₹ 3,183.85","₹ 6,481.09","₹ 3,297.24",50.87%,15.01
BATCH01960,Rice,North,Kharif,504.44,16.37,38.52,0.3,0.8,6,C,2.8,Warehouse,64.58,Low,6.26,9.81,"₹ 3,157.79","₹ 4,948.56","₹ 1,790.76",36.19%,14.12
BATCH01961,Wheat,West,Kharif,325.43,14.51,38.19,2.3,1.9,18,C,0.84,Transit,57.79,High,7.53,12.55,"₹ 2,450.49","₹ 4,084.15","₹ 1,633.66",40.00%,2.73
BATCH01962,Rice,North,Rabi,549.47,14.14,30.24,0.5,0.3,25,A,3.12,Transit,57.45,High,6.26,11.69,"₹ 3,439.68","₹ 6,423.30","₹ 2,983.62",46.45%,17.14
BATCH01963,Rice,North,Rabi,538.34,11.34,27.2,3.9,0.6,4,C,7.09,Farm,74.22,Medium,7.51,13.11,"₹ 4,042.93","₹ 7,057.64","₹ 3,014.70",42.72%,38.17
BATCH01964,Wheat,South,Kharif,459.07,16.18,29.3,0.1,0.2,11,A,4.55,Warehouse,56.65,High,5.15,12.88,"₹ 2,364.21","₹ 5,912.82","₹ 3,548.61",60.02%,20.89
BATCH01965,Wheat,West,Kharif,600.59,8.38,33.8,0.5,0.9,13,C,5.41,Warehouse,73.67,Medium,8.87,6.53,"₹ 5,327.23","₹ 3,921.85","-₹ 1,405.38",-35.83%,32.49
BATCH01966,Wheat,North,Kharif,387.25,16.71,37.68,13.1,0.3,8,B,9.21,Farm,73.1,High,7.91,7.34,"₹ 3,063.15","₹ 2,842.42",-₹ 220.73,-7.77%,35.67
BATCH01967,Barley,West,Rabi,612.79,13.13,24.14,1.1,0.4,10,B,1.59,Transit,94.21,High,5.31,7.66,"₹ 3,253.91","₹ 4,693.97","₹ 1,440.06",30.68%,9.74
BATCH01968,Wheat,South,Kharif,515.45,11.98,38.36,2.4,0.6,23,C,1.18,Farm,64.81,Low,8.81,13.18,"₹ 4,541.11","₹ 6,793.63","₹ 2,252.52",33.16%,6.08
BATCH01969,Wheat,South,Kharif,466.34,12.97,36.3,0.4,0,28,A,8.59,Farm,78.03,Medium,6.41,13.11,"₹ 2,989.24","₹ 6,113.72","₹ 3,124.48",51.11%,40.06
BATCH01970,Wheat,West,Kharif,498.01,14.67,39.58,1.9,0.1,11,A,7.86,Warehouse,87.17,Low,4.22,9.95,"₹ 2,101.60","₹ 4,955.20","₹ 2,853.60",57.59%,39.14
BATCH01971,Wheat,South,Rabi,489.27,8.13,37.61,2.6,1.2,3,A,3.01,Transit,79.8,Medium,3.54,10.81,"₹ 1,732.02","₹ 5,289.01","₹ 3,556.99",67.25%,14.73
BATCH01972,Maize,East,Kharif,622.03,16.72,25.6,0.8,0.6,15,A,3.58,Transit,97.7,High,7.9,13.27,"₹ 4,914.04","₹ 8,254.34","₹ 3,340.30",40.47%,22.27
BATCH01973,Barley,East,Kharif,392.33,12.47,22.12,3.5,2,8,B,3.45,Warehouse,80.11,Low,9.06,8.13,"₹ 3,554.51","₹ 3,189.64",-₹ 364.87,-11.44%,13.54
BATCH01974,Rice,South,Kharif,423.75,11.43,22.24,1.8,1.2,20,A,6.65,Transit,95.09,Medium,8.65,5.5,"₹ 3,665.44","₹ 2,330.63","-₹ 1,334.81",-57.27%,28.18
BATCH01975,Wheat,East,Kharif,603.63,9.38,25.82,1,0,18,A,1.08,Transit,62.25,Medium,7.59,9.83,"₹ 4,581.55","₹ 5,933.68","₹ 1,352.13",22.79%,6.52
BATCH01976,Maize,North,Kharif,440.45,12.39,32.28,1.6,1,27,A,5.15,Farm,78.04,Low,3.99,14.14,"₹ 1,757.40","₹ 6,227.96","₹ 4,470.57",71.78%,22.68
BATCH01977,Maize,West,Rabi,590.05,12.96,36.09,1.7,0.1,21,A,1.77,Farm,77.17,Medium,3.66,12.9,"₹ 2,159.58","₹ 7,611.65","₹ 5,452.06",71.63%,10.44
BATCH01978,Maize,North,Rabi,669.94,12.04,37.99,0.4,1.5,1,B,8.29,Farm,99.47,High,5.42,8.67,"₹ 3,631.07","₹ 5,808.38","₹ 2,177.31",37.49%,55.54
BATCH01979,Rice,West,Rabi,459.82,14.79,32.48,1,4.8,29,C,4.12,Transit,60.23,Medium,8.98,5.65,"₹ 4,129.18","₹ 2,597.98","-₹ 1,531.20",-58.94%,18.94
BATCH01980,Wheat,South,Kharif,568.14,12.21,20.11,0.8,0.8,24,C,5.51,Transit,57.05,High,9.73,11.37,"₹ 5,528.00","₹ 6,459.75",₹ 931.75,14.42%,31.30
BATCH01981,Barley,North,Rabi,384.63,17.61,23.73,1,1.1,8,A,0.78,Transit,80.58,Medium,4.69,13.34,"₹ 1,803.91","₹ 5,130.96","₹ 3,327.05",64.84%,3.00
BATCH01982,Barley,South,Rabi,575.47,13.99,21.99,2.9,0.3,3,A,1.05,Transit,61.18,Low,8.33,11.65,"₹ 4,793.67","₹ 6,704.23","₹ 1,910.56",28.50%,6.04
BATCH01983,Maize,South,Rabi,519.94,16.07,27.27,1.3,0.6,1,C,6.91,Warehouse,81.96,High,7.02,9.25,"₹ 3,649.98","₹ 4,809.45","₹ 1,159.47",24.11%,35.93
BATCH01984,Rice,West,Kharif,547.3,9.09,30.03,5.6,1.9,20,B,7.78,Warehouse,98.62,Medium,3.22,6.23,"₹ 1,762.31","₹ 3,409.68","₹ 1,647.37",48.31%,42.58
BATCH01985,Rice,West,Kharif,435.44,11.97,20.87,0.7,0.2,25,B,7.25,Transit,97.33,High,6.8,14.11,"₹ 2,960.99","₹ 6,144.06","₹ 3,183.07",51.81%,31.57
BATCH01986,Rice,West,Rabi,333.89,11.37,26.97,1.1,0.3,16,B,7.5,Farm,61.56,Low,8.64,7.76,"₹ 2,884.81","₹ 2,590.99",-₹ 293.82,-11.34%,25.04
BATCH01987,Barley,North,Rabi,550.33,13.69,23.58,3.1,0.6,9,B,1.49,Farm,58.54,Medium,4.93,7.24,"₹ 2,713.13","₹ 3,984.39","₹ 1,271.26",31.91%,8.20
BATCH01988,Maize,East,Kharif,293.66,16.61,32.94,1.6,1.2,17,B,7.09,Warehouse,78.04,Medium,9.28,13.16,"₹ 2,725.16","₹ 3,864.57","₹ 1,139.40",29.48%,20.82
BATCH01989,Wheat,West,Kharif,468.26,8.78,29.29,1.6,0.5,27,B,2.23,Warehouse,79.34,High,4.65,14.81,"₹ 2,177.41","₹ 6,934.93","₹ 4,757.52",68.60%,10.44
BATCH01990,Barley,West,Rabi,594.12,8.73,29.91,0.1,2.6,16,B,1.43,Transit,83.11,Low,3.54,11.6,"₹ 2,103.18","₹ 6,891.79","₹ 4,788.61",69.48%,8.50
BATCH01991,Maize,North,Kharif,519.19,16.5,28.55,1,0.1,23,B,7.69,Transit,87.07,Low,4.12,11.25,"₹ 2,139.06","₹ 5,840.89","₹ 3,701.82",63.38%,39.93
BATCH01992,Maize,West,Rabi,694.83,10.13,39.12,0.6,0.5,6,B,8.95,Transit,80.05,Medium,8.86,8.19,"₹ 6,156.19","₹ 5,690.66",-₹ 465.54,-8.18%,62.19
BATCH01993,Wheat,North,Kharif,602.51,14.69,24.29,14.6,1.2,23,A,7.31,Transit,55.59,High,5.92,5.2,"₹ 3,566.86","₹ 3,133.05",-₹ 433.81,-13.85%,44.04
BATCH01994,Wheat,South,Rabi,434.61,13.43,30.33,0.7,0.3,7,B,8.15,Transit,89.51,Medium,8.58,6.92,"₹ 3,728.95","₹ 3,007.50",-₹ 721.45,-23.99%,35.42
BATCH01995,Wheat,West,Rabi,502.73,16.33,34.72,4.3,1.1,24,A,9.92,Farm,53.98,Medium,6.72,10.84,"₹ 3,378.35","₹ 5,449.59","₹ 2,071.25",38.01%,49.87
BATCH01996,Rice,West,Kharif,495.26,9.25,31.14,2.3,0.2,16,C,1.78,Farm,51,High,6.36,6.51,"₹ 3,149.85","₹ 3,224.14",₹ 74.29,2.30%,8.82
BATCH01997,Wheat,South,Rabi,341.78,9.3,38.58,0.8,0.1,8,A,9.67,Transit,88.48,Low,8.65,13.84,"₹ 2,956.40","₹ 4,730.24","₹ 1,773.84",37.50%,33.05
BATCH01998,Maize,South,Rabi,405.96,13.57,27.56,1.6,0.1,10,C,6.21,Farm,77.42,Medium,5.96,6.88,"₹ 2,419.52","₹ 2,793.00",₹ 373.48,13.37%,25.21
BATCH01999,Wheat,South,Rabi,443.92,17.46,29.27,3.7,2.7,14,A,8.23,Transit,84.93,Medium,8.61,10.22,"₹ 3,822.15","₹ 4,536.86",₹ 714.71,15.75%,36.53
